model,lookback_days,window_id,split_idx_global,train_start,train_end,test_start,test_end,date,actual,prediction,error,abs_error,ape
XGBoost,45,1,1,2025-01-01,2025-02-14,2025-02-15,2025-02-21,2025-02-15,13.20703125,15.995545387268066,-2.7885141372680664,2.7885141372680664,21.11386037091467
XGBoost,45,1,1,2025-01-01,2025-02-14,2025-02-15,2025-02-21,2025-02-16,13.00390625,15.701764106750488,-2.6978578567504883,2.6978578567504883,20.74651881430234
XGBoost,45,1,1,2025-01-01,2025-02-14,2025-02-15,2025-02-21,2025-02-17,9.2421875,10.970304489135742,-1.7281169891357422,1.7281169891357422,18.698138174926036
XGBoost,45,1,1,2025-01-01,2025-02-14,2025-02-15,2025-02-21,2025-02-18,9.37890625,9.67781925201416,-0.29891300201416016,0.29891300201416016,3.187077405898584
XGBoost,45,1,1,2025-01-01,2025-02-14,2025-02-15,2025-02-21,2025-02-19,9.0703125,10.490588188171387,-1.4202756881713867,1.4202756881713867,15.658508879064383
XGBoost,45,1,1,2025-01-01,2025-02-14,2025-02-15,2025-02-21,2025-02-20,10.89453125,9.578653335571289,1.315877914428711,1.315877914428711,12.07833438844568
XGBoost,45,1,1,2025-01-01,2025-02-14,2025-02-15,2025-02-21,2025-02-21,10.4609375,15.008171081542969,-4.547233581542969,4.547233581542969,43.46870040608663
XGBoost,45,2,2,2025-01-01,2025-03-01,2025-03-02,2025-03-08,2025-03-02,12.4921875,14.764320373535156,-2.2721328735351562,2.2721328735351562,18.18843075750469
XGBoost,45,2,2,2025-01-01,2025-03-01,2025-03-02,2025-03-08,2025-03-03,8.95703125,9.742484092712402,-0.7854528427124023,0.7854528427124023,8.769120267526166
XGBoost,45,2,2,2025-01-01,2025-03-01,2025-03-02,2025-03-08,2025-03-04,11.60546875,10.132340431213379,1.473128318786621,1.473128318786621,12.693397832695222
XGBoost,45,2,2,2025-01-01,2025-03-01,2025-03-02,2025-03-08,2025-03-05,8.8046875,9.222451210021973,-0.41776371002197266,0.41776371002197266,4.7447874785104265
XGBoost,45,2,2,2025-01-01,2025-03-01,2025-03-02,2025-03-08,2025-03-06,7.66015625,9.733210563659668,-2.073054313659668,2.073054313659668,27.062820208917643
XGBoost,45,2,2,2025-01-01,2025-03-01,2025-03-02,2025-03-08,2025-03-07,12.19140625,12.627093315124512,-0.4356870651245117,0.4356870651245117,3.57372280268744
XGBoost,45,2,2,2025-01-01,2025-03-01,2025-03-02,2025-03-08,2025-03-08,17.12109375,16.46639633178711,0.6546974182128906,0.6546974182128906,3.8239228624800363
XGBoost,45,3,3,2025-01-01,2025-03-16,2025-03-17,2025-03-23,2025-03-17,11.1328125,10.810235023498535,0.32257747650146484,0.32257747650146484,2.8975380345394735
XGBoost,45,3,3,2025-01-01,2025-03-16,2025-03-17,2025-03-23,2025-03-18,15.32421875,11.192681312561035,4.131537437438965,4.131537437438965,26.96083568657596
XGBoost,45,3,3,2025-01-01,2025-03-16,2025-03-17,2025-03-23,2025-03-19,11.4296875,10.92602825164795,0.5036592483520508,0.5036592483520508,4.406588092212065
XGBoost,45,3,3,2025-01-01,2025-03-16,2025-03-17,2025-03-23,2025-03-20,11.41796875,10.576384544372559,0.8415842056274414,0.8415842056274414,7.370699850859562
XGBoost,45,3,3,2025-01-01,2025-03-16,2025-03-17,2025-03-23,2025-03-21,17.328125,13.870230674743652,3.4578943252563477,3.4578943252563477,19.955386547917605
XGBoost,45,3,3,2025-01-01,2025-03-16,2025-03-17,2025-03-23,2025-03-22,19.71875,16.368919372558594,3.3498306274414062,3.3498306274414062,16.98804755596276
XGBoost,45,3,3,2025-01-01,2025-03-16,2025-03-17,2025-03-23,2025-03-23,18.00390625,13.681929588317871,4.321976661682129,4.321976661682129,24.005771867880775
XGBoost,45,4,4,2025-01-01,2025-03-31,2025-04-01,2025-04-07,2025-04-01,11.05859375,14.23438549041748,-3.1757917404174805,3.1757917404174805,28.717862435424763
XGBoost,45,4,4,2025-01-01,2025-03-31,2025-04-01,2025-04-07,2025-04-02,12.88671875,13.410225868225098,-0.5235071182250977,0.5235071182250977,4.062377152640952
XGBoost,45,4,4,2025-01-01,2025-03-31,2025-04-01,2025-04-07,2025-04-03,15.1796875,13.554149627685547,1.6255378723144531,1.6255378723144531,10.70863858241122
XGBoost,45,4,4,2025-01-01,2025-03-31,2025-04-01,2025-04-07,2025-04-04,15.9609375,16.5719051361084,-0.6109676361083984,0.6109676361083984,3.827893167982134
XGBoost,45,4,4,2025-01-01,2025-03-31,2025-04-01,2025-04-07,2025-04-05,22.37890625,19.74613380432129,2.632772445678711,2.632772445678711,11.76452689987345
XGBoost,45,4,4,2025-01-01,2025-03-31,2025-04-01,2025-04-07,2025-04-06,18.0703125,19.927078247070312,-1.8567657470703125,1.8567657470703125,10.275227653480329
XGBoost,45,4,4,2025-01-01,2025-03-31,2025-04-01,2025-04-07,2025-04-07,10.953125,10.540379524230957,0.41274547576904297,0.41274547576904297,3.768289650387839
XGBoost,45,5,5,2025-01-01,2025-04-15,2025-04-16,2025-04-22,2025-04-16,13.640625,12.450628280639648,1.1899967193603516,1.1899967193603516,8.723916384772338
XGBoost,45,5,5,2025-01-01,2025-04-15,2025-04-16,2025-04-22,2025-04-17,15.99609375,12.671852111816406,3.3242416381835938,3.3242416381835938,20.781583867521366
XGBoost,45,5,5,2025-01-01,2025-04-15,2025-04-16,2025-04-22,2025-04-18,20.17578125,18.142349243164062,2.0334320068359375,2.0334320068359375,10.078578775411422
XGBoost,45,5,5,2025-01-01,2025-04-15,2025-04-16,2025-04-22,2025-04-19,22.23046875,22.64539909362793,-0.4149303436279297,0.4149303436279297,1.8664939021041997
XGBoost,45,5,5,2025-01-01,2025-04-15,2025-04-16,2025-04-22,2025-04-20,11.9765625,21.452165603637695,-9.475603103637695,9.475603103637695,79.11788631869699
XGBoost,45,5,5,2025-01-01,2025-04-15,2025-04-16,2025-04-22,2025-04-21,13.4609375,11.552206993103027,1.9087305068969727,1.9087305068969727,14.179773933999565
XGBoost,45,5,5,2025-01-01,2025-04-15,2025-04-16,2025-04-22,2025-04-22,11.8984375,13.126049995422363,-1.2276124954223633,1.2276124954223633,10.317426094160375
XGBoost,45,6,6,2025-01-01,2025-04-30,2025-05-01,2025-05-07,2025-05-01,21.9921875,18.461301803588867,3.530885696411133,3.530885696411133,16.055181852242452
XGBoost,45,6,6,2025-01-01,2025-04-30,2025-05-01,2025-05-07,2025-05-02,20.91796875,17.813474655151367,3.104494094848633,3.104494094848633,14.841278959500467
XGBoost,45,6,6,2025-01-01,2025-04-30,2025-05-01,2025-05-07,2025-05-03,20.4921875,21.334579467773438,-0.8423919677734375,0.8423919677734375,4.110795725314525
XGBoost,45,6,6,2025-01-01,2025-04-30,2025-05-01,2025-05-07,2025-05-04,16.3203125,19.519207000732422,-3.198894500732422,3.198894500732422,19.600693925023936
XGBoost,45,6,6,2025-01-01,2025-04-30,2025-05-01,2025-05-07,2025-05-05,14.921875,16.267492294311523,-1.3456172943115234,1.3456172943115234,9.01774940690445
XGBoost,45,6,6,2025-01-01,2025-04-30,2025-05-01,2025-05-07,2025-05-06,10.0546875,16.93147850036621,-6.876791000366211,6.876791000366211,68.39388096712315
XGBoost,45,6,6,2025-01-01,2025-04-30,2025-05-01,2025-05-07,2025-05-07,10.64453125,23.26438331604004,-12.619852066040039,12.619852066040039,118.55714234518348
XGBoost,45,7,7,2025-01-01,2025-05-15,2025-05-16,2025-05-22,2025-05-16,18.07421875,16.418886184692383,1.6553325653076172,1.6553325653076172,9.158528997595635
XGBoost,45,7,7,2025-01-01,2025-05-15,2025-05-16,2025-05-22,2025-05-17,18.09375,22.11751365661621,-4.023763656616211,4.023763656616211,22.238417445892704
XGBoost,45,7,7,2025-01-01,2025-05-15,2025-05-16,2025-05-22,2025-05-18,17.8125,18.79132080078125,-0.97882080078125,0.97882080078125,5.495134320175438
XGBoost,45,7,7,2025-01-01,2025-05-15,2025-05-16,2025-05-22,2025-05-19,10.21484375,13.903460502624512,-3.6886167526245117,3.6886167526245117,36.110359031429255
XGBoost,45,7,7,2025-01-01,2025-05-15,2025-05-16,2025-05-22,2025-05-20,12.2578125,11.133088111877441,1.1247243881225586,1.1247243881225586,9.175571808775494
XGBoost,45,7,7,2025-01-01,2025-05-15,2025-05-16,2025-05-22,2025-05-21,10.76171875,11.997140884399414,-1.235422134399414,1.235422134399414,11.47978462454628
XGBoost,45,7,7,2025-01-01,2025-05-15,2025-05-16,2025-05-22,2025-05-22,12.37109375,14.431241035461426,-2.060147285461426,2.060147285461426,16.652911432842597
XGBoost,45,8,8,2025-01-01,2025-05-30,2025-05-31,2025-06-06,2025-05-31,16.671875,15.68029499053955,0.9915800094604492,0.9915800094604492,5.9476214250673625
XGBoost,45,8,8,2025-01-01,2025-05-30,2025-05-31,2025-06-06,2025-06-01,17.265625,17.415199279785156,-0.14957427978515625,0.14957427978515625,0.8663125707013575
XGBoost,45,8,8,2025-01-01,2025-05-30,2025-05-31,2025-06-06,2025-06-02,11.390625,11.483567237854004,-0.0929422378540039,0.0929422378540039,0.8159538028335048
XGBoost,45,8,8,2025-01-01,2025-05-30,2025-05-31,2025-06-06,2025-06-03,11.7265625,11.489264488220215,0.23729801177978516,0.23729801177978516,2.0235939712066955
XGBoost,45,8,8,2025-01-01,2025-05-30,2025-05-31,2025-06-06,2025-06-04,11.234375,11.972784042358398,-0.7384090423583984,0.7384090423583984,6.572764772035813
XGBoost,45,8,8,2025-01-01,2025-05-30,2025-05-31,2025-06-06,2025-06-05,10.44921875,14.119560241699219,-3.6703414916992188,3.6703414916992188,35.12551109813084
XGBoost,45,8,8,2025-01-01,2025-05-30,2025-05-31,2025-06-06,2025-06-06,13.23046875,14.985044479370117,-1.7545757293701172,1.7545757293701172,13.26162936872601
XGBoost,45,9,9,2025-01-01,2025-06-14,2025-06-15,2025-06-21,2025-06-15,13.140625,17.236982345581055,-4.096357345581055,4.096357345581055,31.173230691698873
XGBoost,45,9,9,2025-01-01,2025-06-14,2025-06-15,2025-06-21,2025-06-16,10.5859375,10.93486213684082,-0.3489246368408203,0.3489246368408203,3.2961146505996313
XGBoost,45,9,9,2025-01-01,2025-06-14,2025-06-15,2025-06-21,2025-06-17,10.41796875,11.048748016357422,-0.6307792663574219,0.6307792663574219,6.054724116516685
XGBoost,45,9,9,2025-01-01,2025-06-14,2025-06-15,2025-06-21,2025-06-18,10.4921875,10.799120903015137,-0.3069334030151367,0.3069334030151367,2.9253518679030157
XGBoost,45,9,9,2025-01-01,2025-06-14,2025-06-15,2025-06-21,2025-06-19,15.37890625,10.911347389221191,4.467558860778809,4.467558860778809,29.049912836153798
XGBoost,45,9,9,2025-01-01,2025-06-14,2025-06-15,2025-06-21,2025-06-20,13.1015625,13.265463829040527,-0.16390132904052734,0.16390132904052734,1.2510059700171436
XGBoost,45,9,9,2025-01-01,2025-06-14,2025-06-15,2025-06-21,2025-06-21,13.66796875,17.37868309020996,-3.710714340209961,3.710714340209961,27.14898174031866
XGBoost,45,10,10,2025-01-01,2025-06-29,2025-06-30,2025-07-06,2025-06-30,14.37890625,10.89151668548584,3.48738956451416,3.48738956451416,24.253510690454362
XGBoost,45,10,10,2025-01-01,2025-06-29,2025-06-30,2025-07-06,2025-07-01,11.33984375,11.51749324798584,-0.17764949798583984,0.17764949798583984,1.56659564190062
XGBoost,45,10,10,2025-01-01,2025-06-29,2025-06-30,2025-07-06,2025-07-02,9.7421875,11.399842262268066,-1.6576547622680664,1.6576547622680664,17.015221296737167
XGBoost,45,10,10,2025-01-01,2025-06-29,2025-06-30,2025-07-06,2025-07-03,13.31640625,12.081789016723633,1.2346172332763672,1.2346172332763672,9.271399581072162
XGBoost,45,10,10,2025-01-01,2025-06-29,2025-06-30,2025-07-06,2025-07-04,13.86328125,13.290509223937988,0.5727720260620117,0.5727720260620117,4.131576181230629
XGBoost,45,10,10,2025-01-01,2025-06-29,2025-06-30,2025-07-06,2025-07-05,14.7578125,14.877702713012695,-0.11989021301269531,0.11989021301269531,0.81238471496162
XGBoost,45,10,10,2025-01-01,2025-06-29,2025-06-30,2025-07-06,2025-07-06,9.4765625,16.281959533691406,-6.805397033691406,6.805397033691406,71.81292830276175
XGBoost,45,11,11,2025-01-01,2025-07-14,2025-07-15,2025-07-21,2025-07-15,11.79296875,11.121143341064453,0.6718254089355469,0.6718254089355469,5.696830231450811
XGBoost,45,11,11,2025-01-01,2025-07-14,2025-07-15,2025-07-21,2025-07-16,11.625,11.694270133972168,-0.06927013397216797,0.06927013397216797,0.5958721201906922
XGBoost,45,11,11,2025-01-01,2025-07-14,2025-07-15,2025-07-21,2025-07-17,11.20703125,12.742048263549805,-1.5350170135498047,1.5350170135498047,13.696910263811432
XGBoost,45,11,11,2025-01-01,2025-07-14,2025-07-15,2025-07-21,2025-07-18,12.76953125,15.277377128601074,-2.507845878601074,2.507845878601074,19.63929473606225
XGBoost,45,11,11,2025-01-01,2025-07-14,2025-07-15,2025-07-21,2025-07-19,16.83984375,15.76574993133545,1.0740938186645508,1.0740938186645508,6.37828850795929
XGBoost,45,11,11,2025-01-01,2025-07-14,2025-07-15,2025-07-21,2025-07-20,15.55859375,15.060942649841309,0.4976511001586914,0.4976511001586914,3.1985609249466482
XGBoost,45,11,11,2025-01-01,2025-07-14,2025-07-15,2025-07-21,2025-07-21,10.421875,11.15637493133545,-0.7344999313354492,0.7344999313354492,7.0476755030687785
XGBoost,45,12,12,2025-01-01,2025-07-29,2025-07-30,2025-08-05,2025-07-30,11.828125,12.974321365356445,-1.1461963653564453,1.1461963653564453,9.6904316225644
XGBoost,45,12,12,2025-01-01,2025-07-29,2025-07-30,2025-08-05,2025-07-31,12.734375,12.627068519592285,0.10730648040771484,0.10730648040771484,0.8426521160851228
XGBoost,45,12,12,2025-01-01,2025-07-29,2025-07-30,2025-08-05,2025-08-01,14.0546875,13.147756576538086,0.9069309234619141,0.9069309234619141,6.45287149544886
XGBoost,45,12,12,2025-01-01,2025-07-29,2025-07-30,2025-08-05,2025-08-02,18.59375,14.419150352478027,4.174599647521973,4.174599647521973,22.451628356420695
XGBoost,45,12,12,2025-01-01,2025-07-29,2025-07-30,2025-08-05,2025-08-03,15.4609375,15.148130416870117,0.3128070831298828,0.3128070831298828,2.0232090268127845
XGBoost,45,12,12,2025-01-01,2025-07-29,2025-07-30,2025-08-05,2025-08-04,13.875,10.699248313903809,3.1757516860961914,3.1757516860961914,22.888300440332912
XGBoost,45,12,12,2025-01-01,2025-07-29,2025-07-30,2025-08-05,2025-08-05,12.921875,10.438943862915039,2.482931137084961,2.482931137084961,19.214944712628476
XGBoost,45,13,13,2025-01-01,2025-08-13,2025-08-14,2025-08-20,2025-08-14,11.91796875,12.126455307006836,-0.20848655700683594,0.20848655700683594,1.7493463976974761
XGBoost,45,13,13,2025-01-01,2025-08-13,2025-08-14,2025-08-20,2025-08-15,14.9765625,12.666363716125488,2.3101987838745117,2.3101987838745117,15.42542745623044
XGBoost,45,13,13,2025-01-01,2025-08-13,2025-08-14,2025-08-20,2025-08-16,15.7109375,16.59543228149414,-0.8844947814941406,0.8844947814941406,5.629802686785181
XGBoost,45,13,13,2025-01-01,2025-08-13,2025-08-14,2025-08-20,2025-08-17,17.4296875,16.078310012817383,1.3513774871826172,1.3513774871826172,7.753308756583372
XGBoost,45,13,13,2025-01-01,2025-08-13,2025-08-14,2025-08-20,2025-08-18,13.48046875,12.616796493530273,0.8636722564697266,0.8636722564697266,6.4068414273036804
XGBoost,45,13,13,2025-01-01,2025-08-13,2025-08-14,2025-08-20,2025-08-19,13.83984375,11.982102394104004,1.857741355895996,1.857741355895996,13.423138219288033
XGBoost,45,13,13,2025-01-01,2025-08-13,2025-08-14,2025-08-20,2025-08-20,13.26953125,11.694337844848633,1.5751934051513672,1.5751934051513672,11.870753951096557
XGBoost,45,14,14,2025-01-01,2025-08-28,2025-08-29,2025-09-04,2025-08-29,16.3984375,20.635025024414062,-4.2365875244140625,4.2365875244140625,25.835312202239162
XGBoost,45,14,14,2025-01-01,2025-08-28,2025-08-29,2025-09-04,2025-08-30,20.38671875,19.056026458740234,1.3306922912597656,1.3306922912597656,6.527250940074728
XGBoost,45,14,14,2025-01-01,2025-08-28,2025-08-29,2025-09-04,2025-08-31,19.58203125,15.168316841125488,4.413714408874512,4.413714408874512,22.539614775022443
XGBoost,45,14,14,2025-01-01,2025-08-28,2025-08-29,2025-09-04,2025-09-01,23.41015625,13.085716247558594,10.324440002441406,10.324440002441406,44.10239680669114
XGBoost,45,14,14,2025-01-01,2025-08-28,2025-08-29,2025-09-04,2025-09-02,11.5625,12.312179565429688,-0.7496795654296875,0.7496795654296875,6.483715160472974
XGBoost,45,14,14,2025-01-01,2025-08-28,2025-08-29,2025-09-04,2025-09-03,13.06640625,13.749902725219727,-0.6834964752197266,0.6834964752197266,5.2309446235052315
XGBoost,45,14,14,2025-01-01,2025-08-28,2025-08-29,2025-09-04,2025-09-04,11.08984375,13.942793846130371,-2.852950096130371,2.852950096130371,25.725791638230895
XGBoost,45,15,15,2025-01-01,2025-09-12,2025-09-13,2025-09-19,2025-09-13,18.23046875,15.7453031539917,2.485165596008301,2.485165596008301,13.631934702766765
XGBoost,45,15,15,2025-01-01,2025-09-12,2025-09-13,2025-09-19,2025-09-14,15.44140625,15.822293281555176,-0.3808870315551758,0.3808870315551758,2.4666602600082217
XGBoost,45,15,15,2025-01-01,2025-09-12,2025-09-13,2025-09-19,2025-09-15,10.828125,12.201234817504883,-1.3731098175048828,1.3731098175048828,12.68095646757756
XGBoost,45,15,15,2025-01-01,2025-09-12,2025-09-13,2025-09-19,2025-09-16,11.87890625,11.227987289428711,0.6509189605712891,0.6509189605712891,5.4796203191795465
XGBoost,45,15,15,2025-01-01,2025-09-12,2025-09-13,2025-09-19,2025-09-17,9.30859375,11.614974975585938,-2.3063812255859375,2.3063812255859375,24.77690280109106
XGBoost,45,15,15,2025-01-01,2025-09-12,2025-09-13,2025-09-19,2025-09-18,12.50390625,11.31363582611084,1.1902704238891602,1.1902704238891602,9.519188644661824
XGBoost,45,15,15,2025-01-01,2025-09-12,2025-09-13,2025-09-19,2025-09-19,16.0859375,13.356072425842285,2.729865074157715,2.729865074157715,16.9705065319178
XGBoost,45,16,16,2025-01-01,2025-09-27,2025-09-28,2025-10-04,2025-09-28,17.06640625,16.502174377441406,0.5642318725585938,0.5642318725585938,3.306096575303273
XGBoost,45,16,16,2025-01-01,2025-09-27,2025-09-28,2025-10-04,2025-09-29,11.71484375,10.191859245300293,1.522984504699707,1.522984504699707,13.000467929413972
XGBoost,45,16,16,2025-01-01,2025-09-27,2025-09-28,2025-10-04,2025-09-30,11.19140625,10.456111907958984,0.7352943420410156,0.7352943420410156,6.570169339005235
XGBoost,45,16,16,2025-01-01,2025-09-27,2025-09-28,2025-10-04,2025-10-01,9.77734375,10.18359375,-0.40625,0.40625,4.155013983220136
XGBoost,45,16,16,2025-01-01,2025-09-27,2025-09-28,2025-10-04,2025-10-02,10.85546875,11.254026412963867,-0.3985576629638672,0.3985576629638672,3.6714919654102194
XGBoost,45,16,16,2025-01-01,2025-09-27,2025-09-28,2025-10-04,2025-10-03,14.015625,16.02507972717285,-2.0094547271728516,2.0094547271728516,14.337246659873188
XGBoost,45,16,16,2025-01-01,2025-09-27,2025-09-28,2025-10-04,2025-10-04,20.60546875,17.19654655456543,3.4089221954345703,3.4089221954345703,16.54377406694313
XGBoost,45,17,17,2025-01-01,2025-10-12,2025-10-13,2025-10-19,2025-10-13,11.2578125,11.925176620483398,-0.6673641204833984,0.6673641204833984,5.928008842600625
XGBoost,45,17,17,2025-01-01,2025-10-12,2025-10-13,2025-10-19,2025-10-14,11.03515625,11.80760669708252,-0.7724504470825195,0.7724504470825195,6.999904936393805
XGBoost,45,17,17,2025-01-01,2025-10-12,2025-10-13,2025-10-19,2025-10-15,10.23828125,12.089043617248535,-1.8507623672485352,1.8507623672485352,18.07688538785292
XGBoost,45,17,17,2025-01-01,2025-10-12,2025-10-13,2025-10-19,2025-10-16,13.40625,12.797663688659668,0.608586311340332,0.608586311340332,4.539571553121357
XGBoost,45,17,17,2025-01-01,2025-10-12,2025-10-13,2025-10-19,2025-10-17,17.51171875,16.506704330444336,1.005014419555664,1.005014419555664,5.7390963954104395
XGBoost,45,17,17,2025-01-01,2025-10-12,2025-10-13,2025-10-19,2025-10-18,18.5390625,20.96019172668457,-2.4211292266845703,2.4211292266845703,13.059609819453225
XGBoost,45,17,17,2025-01-01,2025-10-12,2025-10-13,2025-10-19,2025-10-19,15.17578125,20.597869873046875,-5.422088623046875,5.422088623046875,35.728563384813384
XGBoost,45,18,18,2025-01-01,2025-10-27,2025-10-28,2025-11-03,2025-10-28,12.7578125,11.046832084655762,1.7109804153442383,1.7109804153442383,13.411236568528015
XGBoost,45,18,18,2025-01-01,2025-10-27,2025-10-28,2025-11-03,2025-10-29,9.73828125,11.404302597045898,-1.6660213470458984,1.6660213470458984,17.107960884225832
XGBoost,45,18,18,2025-01-01,2025-10-27,2025-10-28,2025-11-03,2025-10-30,9.109375,12.68231201171875,-3.57293701171875,3.57293701171875,39.22263614922813
XGBoost,45,18,18,2025-01-01,2025-10-27,2025-10-28,2025-11-03,2025-10-31,13.49609375,15.195802688598633,-1.6997089385986328,1.6997089385986328,12.594080702785817
XGBoost,45,18,18,2025-01-01,2025-10-27,2025-10-28,2025-11-03,2025-11-01,21.05078125,18.897903442382812,2.1528778076171875,2.1528778076171875,10.227068449619596
XGBoost,45,18,18,2025-01-01,2025-10-27,2025-10-28,2025-11-03,2025-11-02,19.015625,16.451831817626953,2.563793182373047,2.563793182373047,13.482560696127774
XGBoost,45,18,18,2025-01-01,2025-10-27,2025-10-28,2025-11-03,2025-11-03,12.2890625,10.491552352905273,1.7975101470947266,1.7975101470947266,14.626910287865543
XGBoost,45,19,19,2025-01-01,2025-11-05,2025-11-06,2025-11-12,2025-11-06,12.0625,11.31179428100586,0.7507057189941406,0.7507057189941406,6.223467100469559
XGBoost,45,19,19,2025-01-01,2025-11-05,2025-11-06,2025-11-12,2025-11-07,13.328125,14.852327346801758,-1.5242023468017578,1.5242023468017578,11.435984782568873
XGBoost,45,19,19,2025-01-01,2025-11-05,2025-11-06,2025-11-12,2025-11-08,19.1171875,20.18425178527832,-1.0670642852783203,1.0670642852783203,5.581701206196363
XGBoost,45,19,19,2025-01-01,2025-11-05,2025-11-06,2025-11-12,2025-11-09,17.85546875,19.23225975036621,-1.376791000366211,1.376791000366211,7.7107524850962585
XGBoost,45,19,19,2025-01-01,2025-11-05,2025-11-06,2025-11-12,2025-11-10,11.03515625,11.57254409790039,-0.5373878479003906,0.5373878479003906,4.86978014380531
XGBoost,45,19,19,2025-01-01,2025-11-05,2025-11-06,2025-11-12,2025-11-11,10.47265625,12.984481811523438,-2.5118255615234375,2.5118255615234375,23.984608121969416
XGBoost,45,19,19,2025-01-01,2025-11-05,2025-11-06,2025-11-12,2025-11-12,9.6953125,11.380575180053711,-1.685262680053711,1.685262680053711,17.382241986049557
XGBoost_Aggressive,45,1,1,2025-01-01,2025-02-14,2025-02-15,2025-02-21,2025-02-15,13.20703125,15.403416633605957,-2.196385383605957,2.196385383605957,16.630424673266045
XGBoost_Aggressive,45,1,1,2025-01-01,2025-02-14,2025-02-15,2025-02-21,2025-02-16,13.00390625,15.63058853149414,-2.6266822814941406,2.6266822814941406,20.199178854385703
XGBoost_Aggressive,45,1,1,2025-01-01,2025-02-14,2025-02-15,2025-02-21,2025-02-17,9.2421875,10.98183536529541,-1.7396478652954102,1.7396478652954102,18.82290167014476
XGBoost_Aggressive,45,1,1,2025-01-01,2025-02-14,2025-02-15,2025-02-21,2025-02-18,9.37890625,10.950549125671387,-1.5716428756713867,1.5716428756713867,16.757208503618283
XGBoost_Aggressive,45,1,1,2025-01-01,2025-02-14,2025-02-15,2025-02-21,2025-02-19,9.0703125,9.943224906921387,-0.8729124069213867,0.8729124069213867,9.623840489744833
XGBoost_Aggressive,45,1,1,2025-01-01,2025-02-14,2025-02-15,2025-02-21,2025-02-20,10.89453125,11.211990356445312,-0.3174591064453125,0.3174591064453125,2.91393084438867
XGBoost_Aggressive,45,1,1,2025-01-01,2025-02-14,2025-02-15,2025-02-21,2025-02-21,10.4609375,16.042497634887695,-5.581560134887695,5.581560134887695,53.35621338802278
XGBoost_Aggressive,45,2,2,2025-01-01,2025-03-01,2025-03-02,2025-03-08,2025-03-02,12.4921875,14.538198471069336,-2.046010971069336,2.046010971069336,16.378324221192933
XGBoost_Aggressive,45,2,2,2025-01-01,2025-03-01,2025-03-02,2025-03-08,2025-03-03,8.95703125,9.241523742675781,-0.28449249267578125,0.28449249267578125,3.1761918065852592
XGBoost_Aggressive,45,2,2,2025-01-01,2025-03-01,2025-03-02,2025-03-08,2025-03-04,11.60546875,10.832877159118652,0.7725915908813477,0.7725915908813477,6.6571338695935705
XGBoost_Aggressive,45,2,2,2025-01-01,2025-03-01,2025-03-02,2025-03-08,2025-03-05,8.8046875,8.993921279907227,-0.18923377990722656,0.18923377990722656,2.1492390264529724
XGBoost_Aggressive,45,2,2,2025-01-01,2025-03-01,2025-03-02,2025-03-08,2025-03-06,7.66015625,10.565956115722656,-2.9057998657226562,2.9057998657226562,37.93395031234064
XGBoost_Aggressive,45,2,2,2025-01-01,2025-03-01,2025-03-02,2025-03-08,2025-03-07,12.19140625,14.191145896911621,-1.999739646911621,1.999739646911621,16.4028628519505
XGBoost_Aggressive,45,2,2,2025-01-01,2025-03-01,2025-03-02,2025-03-08,2025-03-08,17.12109375,16.881771087646484,0.23932266235351562,0.23932266235351562,1.3978234442733288
XGBoost_Aggressive,45,3,3,2025-01-01,2025-03-16,2025-03-17,2025-03-23,2025-03-17,11.1328125,10.450867652893066,0.6819448471069336,0.6819448471069336,6.125539679276316
XGBoost_Aggressive,45,3,3,2025-01-01,2025-03-16,2025-03-17,2025-03-23,2025-03-18,15.32421875,11.44546890258789,3.8787498474121094,3.8787498474121094,25.31124040115983
XGBoost_Aggressive,45,3,3,2025-01-01,2025-03-16,2025-03-17,2025-03-23,2025-03-19,11.4296875,10.485774040222168,0.943913459777832,0.943913459777832,8.25843628513756
XGBoost_Aggressive,45,3,3,2025-01-01,2025-03-16,2025-03-17,2025-03-23,2025-03-20,11.41796875,10.441106796264648,0.9768619537353516,0.9768619537353516,8.555479307432433
XGBoost_Aggressive,45,3,3,2025-01-01,2025-03-16,2025-03-17,2025-03-23,2025-03-21,17.328125,13.304115295410156,4.024009704589844,4.024009704589844,23.22241849357529
XGBoost_Aggressive,45,3,3,2025-01-01,2025-03-16,2025-03-17,2025-03-23,2025-03-22,19.71875,14.568389892578125,5.150360107421875,5.150360107421875,26.1191003862916
XGBoost_Aggressive,45,3,3,2025-01-01,2025-03-16,2025-03-17,2025-03-23,2025-03-23,18.00390625,13.120627403259277,4.883278846740723,4.883278846740723,27.123440762977324
XGBoost_Aggressive,45,4,4,2025-01-01,2025-03-31,2025-04-01,2025-04-07,2025-04-01,11.05859375,15.249422073364258,-4.190828323364258,4.190828323364258,37.89657544264394
XGBoost_Aggressive,45,4,4,2025-01-01,2025-03-31,2025-04-01,2025-04-07,2025-04-02,12.88671875,14.691825866699219,-1.8051071166992188,1.8051071166992188,14.007499905274326
XGBoost_Aggressive,45,4,4,2025-01-01,2025-03-31,2025-04-01,2025-04-07,2025-04-03,15.1796875,14.679948806762695,0.4997386932373047,0.4997386932373047,3.2921540264732374
XGBoost_Aggressive,45,4,4,2025-01-01,2025-03-31,2025-04-01,2025-04-07,2025-04-04,15.9609375,16.99807357788086,-1.0371360778808594,1.0371360778808594,6.497964658284386
XGBoost_Aggressive,45,4,4,2025-01-01,2025-03-31,2025-04-01,2025-04-07,2025-04-05,22.37890625,18.88835334777832,3.4905529022216797,3.4905529022216797,15.597513404935418
XGBoost_Aggressive,45,4,4,2025-01-01,2025-03-31,2025-04-01,2025-04-07,2025-04-06,18.0703125,18.8351993560791,-0.7648868560791016,0.7648868560791016,4.23283690350735
XGBoost_Aggressive,45,4,4,2025-01-01,2025-03-31,2025-04-01,2025-04-07,2025-04-07,10.953125,10.778536796569824,0.17458820343017578,0.17458820343017578,1.593957920047254
XGBoost_Aggressive,45,5,5,2025-01-01,2025-04-15,2025-04-16,2025-04-22,2025-04-16,13.640625,12.787603378295898,0.8530216217041016,0.8530216217041016,6.253537661977377
XGBoost_Aggressive,45,5,5,2025-01-01,2025-04-15,2025-04-16,2025-04-22,2025-04-17,15.99609375,12.407355308532715,3.588738441467285,3.588738441467285,22.43509257669414
XGBoost_Aggressive,45,5,5,2025-01-01,2025-04-15,2025-04-16,2025-04-22,2025-04-18,20.17578125,19.27271270751953,0.9030685424804688,0.9030685424804688,4.476002843659245
XGBoost_Aggressive,45,5,5,2025-01-01,2025-04-15,2025-04-16,2025-04-22,2025-04-19,22.23046875,24.181318283081055,-1.9508495330810547,1.9508495330810547,8.775566341042875
XGBoost_Aggressive,45,5,5,2025-01-01,2025-04-15,2025-04-16,2025-04-22,2025-04-20,11.9765625,22.009410858154297,-10.032848358154297,10.032848358154297,83.77068426899869
XGBoost_Aggressive,45,5,5,2025-01-01,2025-04-15,2025-04-16,2025-04-22,2025-04-21,13.4609375,11.042546272277832,2.418391227722168,2.418391227722168,17.965994030669616
XGBoost_Aggressive,45,5,5,2025-01-01,2025-04-15,2025-04-16,2025-04-22,2025-04-22,11.8984375,12.776049613952637,-0.8776121139526367,0.8776121139526367,7.375860182924327
XGBoost_Aggressive,45,6,6,2025-01-01,2025-04-30,2025-05-01,2025-05-07,2025-05-01,21.9921875,21.898948669433594,0.09323883056640625,0.09323883056640625,0.4239634214031972
XGBoost_Aggressive,45,6,6,2025-01-01,2025-04-30,2025-05-01,2025-05-07,2025-05-02,20.91796875,13.49339485168457,7.42457389831543,7.42457389831543,35.493761306605975
XGBoost_Aggressive,45,6,6,2025-01-01,2025-04-30,2025-05-01,2025-05-07,2025-05-03,20.4921875,16.21962547302246,4.272562026977539,4.272562026977539,20.849711759554896
XGBoost_Aggressive,45,6,6,2025-01-01,2025-04-30,2025-05-01,2025-05-07,2025-05-04,16.3203125,17.942352294921875,-1.622039794921875,1.622039794921875,9.93877902106271
XGBoost_Aggressive,45,6,6,2025-01-01,2025-04-30,2025-05-01,2025-05-07,2025-05-05,14.921875,22.829505920410156,-7.907630920410156,7.907630920410156,52.99354752945026
XGBoost_Aggressive,45,6,6,2025-01-01,2025-04-30,2025-05-01,2025-05-07,2025-05-06,10.0546875,16.67691421508789,-6.622226715087891,6.622226715087891,65.86208387966201
XGBoost_Aggressive,45,6,6,2025-01-01,2025-04-30,2025-05-01,2025-05-07,2025-05-07,10.64453125,19.075489044189453,-8.430957794189453,8.430957794189453,79.20459432339449
XGBoost_Aggressive,45,7,7,2025-01-01,2025-05-15,2025-05-16,2025-05-22,2025-05-16,18.07421875,16.690107345581055,1.3841114044189453,1.3841114044189453,7.657932127323319
XGBoost_Aggressive,45,7,7,2025-01-01,2025-05-15,2025-05-16,2025-05-22,2025-05-17,18.09375,23.35106086730957,-5.25731086730957,5.25731086730957,29.055949525717832
XGBoost_Aggressive,45,7,7,2025-01-01,2025-05-15,2025-05-16,2025-05-22,2025-05-18,17.8125,17.220285415649414,0.5922145843505859,0.5922145843505859,3.3247134560032894
XGBoost_Aggressive,45,7,7,2025-01-01,2025-05-15,2025-05-16,2025-05-22,2025-05-19,10.21484375,15.814070701599121,-5.599226951599121,5.599226951599121,54.814611839746654
XGBoost_Aggressive,45,7,7,2025-01-01,2025-05-15,2025-05-16,2025-05-22,2025-05-20,12.2578125,10.931718826293945,1.3260936737060547,1.3260936737060547,10.818355018124603
XGBoost_Aggressive,45,7,7,2025-01-01,2025-05-15,2025-05-16,2025-05-22,2025-05-21,10.76171875,12.383703231811523,-1.6219844818115234,1.6219844818115234,15.071797725725952
XGBoost_Aggressive,45,7,7,2025-01-01,2025-05-15,2025-05-16,2025-05-22,2025-05-22,12.37109375,14.071062088012695,-1.6999683380126953,1.6999683380126953,13.741455463569624
XGBoost_Aggressive,45,8,8,2025-01-01,2025-05-30,2025-05-31,2025-06-06,2025-05-31,16.671875,15.029406547546387,1.6424684524536133,1.6424684524536133,9.851732048456537
XGBoost_Aggressive,45,8,8,2025-01-01,2025-05-30,2025-05-31,2025-06-06,2025-06-01,17.265625,20.204957962036133,-2.939332962036133,2.939332962036133,17.024190911340497
XGBoost_Aggressive,45,8,8,2025-01-01,2025-05-30,2025-05-31,2025-06-06,2025-06-02,11.390625,11.372175216674805,0.018449783325195312,0.018449783325195312,0.16197340642146776
XGBoost_Aggressive,45,8,8,2025-01-01,2025-05-30,2025-05-31,2025-06-06,2025-06-03,11.7265625,14.815912246704102,-3.0893497467041016,3.0893497467041016,26.344887913266156
XGBoost_Aggressive,45,8,8,2025-01-01,2025-05-30,2025-05-31,2025-06-06,2025-06-04,11.234375,11.27285099029541,-0.038475990295410156,0.038475990295410156,0.3424844755085188
XGBoost_Aggressive,45,8,8,2025-01-01,2025-05-30,2025-05-31,2025-06-06,2025-06-05,10.44921875,13.680127143859863,-3.2309083938598633,3.2309083938598633,30.92009528329439
XGBoost_Aggressive,45,8,8,2025-01-01,2025-05-30,2025-05-31,2025-06-06,2025-06-06,13.23046875,14.796927452087402,-1.5664587020874023,1.5664587020874023,11.83978233641497
XGBoost_Aggressive,45,9,9,2025-01-01,2025-06-14,2025-06-15,2025-06-21,2025-06-15,13.140625,16.555835723876953,-3.415210723876953,3.415210723876953,25.989712999777055
XGBoost_Aggressive,45,9,9,2025-01-01,2025-06-14,2025-06-15,2025-06-21,2025-06-16,10.5859375,11.247648239135742,-0.6617107391357422,0.6617107391357422,6.250846834640221
XGBoost_Aggressive,45,9,9,2025-01-01,2025-06-14,2025-06-15,2025-06-21,2025-06-17,10.41796875,11.467766761779785,-1.0497980117797852,1.0497980117797852,10.076801312921821
XGBoost_Aggressive,45,9,9,2025-01-01,2025-06-14,2025-06-15,2025-06-21,2025-06-18,10.4921875,9.734378814697266,0.7578086853027344,0.7578086853027344,7.222599532297096
XGBoost_Aggressive,45,9,9,2025-01-01,2025-06-14,2025-06-15,2025-06-21,2025-06-19,15.37890625,11.463851928710938,3.9150543212890625,3.9150543212890625,25.45730013335027
XGBoost_Aggressive,45,9,9,2025-01-01,2025-06-14,2025-06-15,2025-06-21,2025-06-20,13.1015625,14.380154609680176,-1.2785921096801758,1.2785921096801758,9.759081099526684
XGBoost_Aggressive,45,9,9,2025-01-01,2025-06-14,2025-06-15,2025-06-21,2025-06-21,13.66796875,17.41996955871582,-3.7520008087158203,3.7520008087158203,27.4510490720563
XGBoost_Aggressive,45,10,10,2025-01-01,2025-06-29,2025-06-30,2025-07-06,2025-06-30,14.37890625,10.598531723022461,3.780374526977539,3.780374526977539,26.291113254720184
XGBoost_Aggressive,45,10,10,2025-01-01,2025-06-29,2025-06-30,2025-07-06,2025-07-01,11.33984375,10.889328002929688,0.4505157470703125,0.4505157470703125,3.9728567430244577
XGBoost_Aggressive,45,10,10,2025-01-01,2025-06-29,2025-06-30,2025-07-06,2025-07-02,9.7421875,10.886690139770508,-1.1445026397705078,1.1445026397705078,11.747901996040497
XGBoost_Aggressive,45,10,10,2025-01-01,2025-06-29,2025-06-30,2025-07-06,2025-07-03,13.31640625,12.24259090423584,1.0738153457641602,1.0738153457641602,8.063852405855823
XGBoost_Aggressive,45,10,10,2025-01-01,2025-06-29,2025-06-30,2025-07-06,2025-07-04,13.86328125,13.199987411499023,0.6632938385009766,0.6632938385009766,4.784537127535925
XGBoost_Aggressive,45,10,10,2025-01-01,2025-06-29,2025-06-30,2025-07-06,2025-07-05,14.7578125,16.209402084350586,-1.451589584350586,1.451589584350586,9.836075531862095
XGBoost_Aggressive,45,10,10,2025-01-01,2025-06-29,2025-06-30,2025-07-06,2025-07-06,9.4765625,16.516502380371094,-7.039939880371094,7.039939880371094,74.28790640457544
XGBoost_Aggressive,45,11,11,2025-01-01,2025-07-14,2025-07-15,2025-07-21,2025-07-15,11.79296875,11.35139274597168,0.4415760040283203,0.4415760040283203,3.7444006966296786
XGBoost_Aggressive,45,11,11,2025-01-01,2025-07-14,2025-07-15,2025-07-21,2025-07-16,11.625,11.154851913452148,0.47014808654785156,0.47014808654785156,4.04428461546539
XGBoost_Aggressive,45,11,11,2025-01-01,2025-07-14,2025-07-15,2025-07-21,2025-07-17,11.20703125,12.444754600524902,-1.2377233505249023,1.2377233505249023,11.044167923819275
XGBoost_Aggressive,45,11,11,2025-01-01,2025-07-14,2025-07-15,2025-07-21,2025-07-18,12.76953125,16.3718204498291,-3.6022891998291016,3.6022891998291016,28.210034724877637
XGBoost_Aggressive,45,11,11,2025-01-01,2025-07-14,2025-07-15,2025-07-21,2025-07-19,16.83984375,13.203398704528809,3.6364450454711914,3.6364450454711914,21.594292081666087
XGBoost_Aggressive,45,11,11,2025-01-01,2025-07-14,2025-07-15,2025-07-21,2025-07-20,15.55859375,14.771075248718262,0.7875185012817383,0.7875185012817383,5.061630337135953
XGBoost_Aggressive,45,11,11,2025-01-01,2025-07-14,2025-07-15,2025-07-21,2025-07-21,10.421875,11.423752784729004,-1.001877784729004,1.001877784729004,9.613220123336768
XGBoost_Aggressive,45,12,12,2025-01-01,2025-07-29,2025-07-30,2025-08-05,2025-07-30,11.828125,13.116321563720703,-1.2881965637207031,1.2881965637207031,10.890961701205416
XGBoost_Aggressive,45,12,12,2025-01-01,2025-07-29,2025-07-30,2025-08-05,2025-07-31,12.734375,12.81926441192627,-0.08488941192626953,0.08488941192626953,0.6666162408934049
XGBoost_Aggressive,45,12,12,2025-01-01,2025-07-29,2025-07-30,2025-08-05,2025-08-01,14.0546875,13.84334659576416,0.21134090423583984,0.21134090423583984,1.503704043479016
XGBoost_Aggressive,45,12,12,2025-01-01,2025-07-29,2025-07-30,2025-08-05,2025-08-02,18.59375,12.955130577087402,5.638619422912598,5.638619422912598,30.32534815684086
XGBoost_Aggressive,45,12,12,2025-01-01,2025-07-29,2025-07-30,2025-08-05,2025-08-03,15.4609375,15.909270286560059,-0.4483327865600586,0.4483327865600586,2.8997774977103337
XGBoost_Aggressive,45,12,12,2025-01-01,2025-07-29,2025-07-30,2025-08-05,2025-08-04,13.875,11.957582473754883,1.9174175262451172,1.9174175262451172,13.819225414379224
XGBoost_Aggressive,45,12,12,2025-01-01,2025-07-29,2025-07-30,2025-08-05,2025-08-05,12.921875,11.072676658630371,1.849198341369629,1.849198341369629,14.310603850986245
XGBoost_Aggressive,45,13,13,2025-01-01,2025-08-13,2025-08-14,2025-08-20,2025-08-14,11.91796875,12.0006685256958,-0.08269977569580078,0.08269977569580078,0.6939083113118649
XGBoost_Aggressive,45,13,13,2025-01-01,2025-08-13,2025-08-14,2025-08-20,2025-08-15,14.9765625,12.561158180236816,2.4154043197631836,2.4154043197631836,16.12789530149648
XGBoost_Aggressive,45,13,13,2025-01-01,2025-08-13,2025-08-14,2025-08-20,2025-08-16,15.7109375,15.175491333007812,0.5354461669921875,0.5354461669921875,3.4081108590253604
XGBoost_Aggressive,45,13,13,2025-01-01,2025-08-13,2025-08-14,2025-08-20,2025-08-17,17.4296875,15.491989135742188,1.9376983642578125,1.9376983642578125,11.117229521515014
XGBoost_Aggressive,45,13,13,2025-01-01,2025-08-13,2025-08-14,2025-08-20,2025-08-18,13.48046875,11.606829643249512,1.8736391067504883,1.8736391067504883,13.898916584413938
XGBoost_Aggressive,45,13,13,2025-01-01,2025-08-13,2025-08-14,2025-08-20,2025-08-19,13.83984375,11.363272666931152,2.4765710830688477,2.4765710830688477,17.894501757426614
XGBoost_Aggressive,45,13,13,2025-01-01,2025-08-13,2025-08-14,2025-08-20,2025-08-20,13.26953125,12.025238990783691,1.2442922592163086,1.2442922592163086,9.377062654088165
XGBoost_Aggressive,45,14,14,2025-01-01,2025-08-28,2025-08-29,2025-09-04,2025-08-29,16.3984375,23.85450553894043,-7.45606803894043,7.45606803894043,45.46816145709266
XGBoost_Aggressive,45,14,14,2025-01-01,2025-08-28,2025-08-29,2025-09-04,2025-08-30,20.38671875,24.373655319213867,-3.986936569213867,3.986936569213867,19.556538833469055
XGBoost_Aggressive,45,14,14,2025-01-01,2025-08-28,2025-08-29,2025-09-04,2025-08-31,19.58203125,24.024234771728516,-4.442203521728516,4.442203521728516,22.68510076924995
XGBoost_Aggressive,45,14,14,2025-01-01,2025-08-28,2025-08-29,2025-09-04,2025-09-01,23.41015625,15.249056816101074,8.161099433898926,8.161099433898926,34.861362507560905
XGBoost_Aggressive,45,14,14,2025-01-01,2025-08-28,2025-08-29,2025-09-04,2025-09-02,11.5625,13.839792251586914,-2.277292251586914,2.277292251586914,19.6955005542652
XGBoost_Aggressive,45,14,14,2025-01-01,2025-08-28,2025-08-29,2025-09-04,2025-09-03,13.06640625,13.059314727783203,0.007091522216796875,0.007091522216796875,0.05427293535127055
XGBoost_Aggressive,45,14,14,2025-01-01,2025-08-28,2025-08-29,2025-09-04,2025-09-04,11.08984375,14.515796661376953,-3.425952911376953,3.425952911376953,30.892706773952096
XGBoost_Aggressive,45,15,15,2025-01-01,2025-09-12,2025-09-13,2025-09-19,2025-09-13,18.23046875,15.91403579711914,2.3164329528808594,2.3164329528808594,12.70638174282194
XGBoost_Aggressive,45,15,15,2025-01-01,2025-09-12,2025-09-13,2025-09-19,2025-09-14,15.44140625,13.034367561340332,2.407038688659668,2.407038688659668,15.58820906392297
XGBoost_Aggressive,45,15,15,2025-01-01,2025-09-12,2025-09-13,2025-09-19,2025-09-15,10.828125,11.246530532836914,-0.41840553283691406,0.41840553283691406,3.86406264091811
XGBoost_Aggressive,45,15,15,2025-01-01,2025-09-12,2025-09-13,2025-09-19,2025-09-16,11.87890625,10.308422088623047,1.5704841613769531,1.5704841613769531,13.220780838951002
XGBoost_Aggressive,45,15,15,2025-01-01,2025-09-12,2025-09-13,2025-09-19,2025-09-17,9.30859375,11.01744556427002,-1.7088518142700195,1.7088518142700195,18.357787010202475
XGBoost_Aggressive,45,15,15,2025-01-01,2025-09-12,2025-09-13,2025-09-19,2025-09-18,12.50390625,11.167624473571777,1.3362817764282227,1.3362817764282227,10.686914550628709
XGBoost_Aggressive,45,15,15,2025-01-01,2025-09-12,2025-09-13,2025-09-19,2025-09-19,16.0859375,13.858321189880371,2.227616310119629,2.227616310119629,13.848221840471709
XGBoost_Aggressive,45,16,16,2025-01-01,2025-09-27,2025-09-28,2025-10-04,2025-09-28,17.06640625,16.485103607177734,0.5813026428222656,0.5813026428222656,3.406122146086061
XGBoost_Aggressive,45,16,16,2025-01-01,2025-09-27,2025-09-28,2025-10-04,2025-09-29,11.71484375,10.514026641845703,1.2008171081542969,1.2008171081542969,10.250389452734245
XGBoost_Aggressive,45,16,16,2025-01-01,2025-09-27,2025-09-28,2025-10-04,2025-09-30,11.19140625,10.344956398010254,0.8464498519897461,0.8464498519897461,7.563391347622164
XGBoost_Aggressive,45,16,16,2025-01-01,2025-09-27,2025-09-28,2025-10-04,2025-10-01,9.77734375,9.7760648727417,0.0012788772583007812,0.0012788772583007812,0.013080007116460249
XGBoost_Aggressive,45,16,16,2025-01-01,2025-09-27,2025-09-28,2025-10-04,2025-10-02,10.85546875,11.676473617553711,-0.8210048675537109,0.8210048675537109,7.563053116003958
XGBoost_Aggressive,45,16,16,2025-01-01,2025-09-27,2025-09-28,2025-10-04,2025-10-03,14.015625,14.927894592285156,-0.9122695922851562,0.9122695922851562,6.508946923773689
XGBoost_Aggressive,45,16,16,2025-01-01,2025-09-27,2025-09-28,2025-10-04,2025-10-04,20.60546875,16.591989517211914,4.013479232788086,4.013479232788086,19.477738077606634
XGBoost_Aggressive,45,17,17,2025-01-01,2025-10-12,2025-10-13,2025-10-19,2025-10-13,11.2578125,11.272772789001465,-0.014960289001464844,0.014960289001464844,0.1328880633023942
XGBoost_Aggressive,45,17,17,2025-01-01,2025-10-12,2025-10-13,2025-10-19,2025-10-14,11.03515625,10.796032905578613,0.23912334442138672,0.23912334442138672,2.1669230503318584
XGBoost_Aggressive,45,17,17,2025-01-01,2025-10-12,2025-10-13,2025-10-19,2025-10-15,10.23828125,11.383966445922852,-1.1456851959228516,1.1456851959228516,11.190210231066388
XGBoost_Aggressive,45,17,17,2025-01-01,2025-10-12,2025-10-13,2025-10-19,2025-10-16,13.40625,11.591192245483398,1.8150577545166016,1.8150577545166016,13.538892341382574
XGBoost_Aggressive,45,17,17,2025-01-01,2025-10-12,2025-10-13,2025-10-19,2025-10-17,17.51171875,15.374096870422363,2.1376218795776367,2.1376218795776367,12.206807967251283
XGBoost_Aggressive,45,17,17,2025-01-01,2025-10-12,2025-10-13,2025-10-19,2025-10-18,18.5390625,17.703571319580078,0.8354911804199219,0.8354911804199219,4.506652806310577
XGBoost_Aggressive,45,17,17,2025-01-01,2025-10-12,2025-10-13,2025-10-19,2025-10-19,15.17578125,17.642032623291016,-2.4662513732910156,2.4662513732910156,16.25123170045045
XGBoost_Aggressive,45,18,18,2025-01-01,2025-10-27,2025-10-28,2025-11-03,2025-10-28,12.7578125,11.184606552124023,1.5732059478759766,1.5732059478759766,12.331314227074403
XGBoost_Aggressive,45,18,18,2025-01-01,2025-10-27,2025-10-28,2025-11-03,2025-10-29,9.73828125,11.344371795654297,-1.6060905456542969,1.6060905456542969,16.49254631718813
XGBoost_Aggressive,45,18,18,2025-01-01,2025-10-27,2025-10-28,2025-11-03,2025-10-30,9.109375,12.664352416992188,-3.5549774169921875,3.5549774169921875,39.02548107847341
XGBoost_Aggressive,45,18,18,2025-01-01,2025-10-27,2025-10-28,2025-11-03,2025-10-31,13.49609375,14.352883338928223,-0.8567895889282227,0.8567895889282227,6.348426476573805
XGBoost_Aggressive,45,18,18,2025-01-01,2025-10-27,2025-10-28,2025-11-03,2025-11-01,21.05078125,19.6160888671875,1.4346923828125,1.4346923828125,6.815387827055113
XGBoost_Aggressive,45,18,18,2025-01-01,2025-10-27,2025-10-28,2025-11-03,2025-11-02,19.015625,17.730195999145508,1.2854290008544922,1.2854290008544922,6.75985670128903
XGBoost_Aggressive,45,18,18,2025-01-01,2025-10-27,2025-10-28,2025-11-03,2025-11-03,12.2890625,10.379165649414062,1.9098968505859375,1.9098968505859375,15.54143654640814
XGBoost_Aggressive,45,19,19,2025-01-01,2025-11-05,2025-11-06,2025-11-12,2025-11-06,12.0625,11.076400756835938,0.9860992431640625,0.9860992431640625,8.174916005505182
XGBoost_Aggressive,45,19,19,2025-01-01,2025-11-05,2025-11-06,2025-11-12,2025-11-07,13.328125,18.494937896728516,-5.166812896728516,5.166812896728516,38.766239787881005
XGBoost_Aggressive,45,19,19,2025-01-01,2025-11-05,2025-11-06,2025-11-12,2025-11-08,19.1171875,19.318634033203125,-0.201446533203125,0.201446533203125,1.0537456579485083
XGBoost_Aggressive,45,19,19,2025-01-01,2025-11-05,2025-11-06,2025-11-12,2025-11-09,17.85546875,17.37596321105957,0.4795055389404297,0.4795055389404297,2.685482782077226
XGBoost_Aggressive,45,19,19,2025-01-01,2025-11-05,2025-11-06,2025-11-12,2025-11-10,11.03515625,12.875100135803223,-1.8399438858032227,1.8399438858032227,16.673473797013276
XGBoost_Aggressive,45,19,19,2025-01-01,2025-11-05,2025-11-06,2025-11-12,2025-11-11,10.47265625,12.574790954589844,-2.1021347045898438,2.1021347045898438,20.072602923349496
XGBoost_Aggressive,45,19,19,2025-01-01,2025-11-05,2025-11-06,2025-11-12,2025-11-12,9.6953125,11.869619369506836,-2.174306869506836,2.174306869506836,22.426372223761078
LinearRegression,45,1,1,2025-01-01,2025-02-14,2025-02-15,2025-02-21,2025-02-15,13.20703125,15.824506205149099,-2.617474955149099,2.617474955149099,19.818798832243992
LinearRegression,45,1,1,2025-01-01,2025-02-14,2025-02-15,2025-02-21,2025-02-16,13.00390625,19.319035065207196,-6.315128815207196,6.315128815207196,48.56332161889583
LinearRegression,45,1,1,2025-01-01,2025-02-14,2025-02-15,2025-02-21,2025-02-17,9.2421875,7.178927407035374,2.063260092964626,2.063260092964626,22.32436956039494
LinearRegression,45,1,1,2025-01-01,2025-02-14,2025-02-15,2025-02-21,2025-02-18,9.37890625,8.872345477064755,0.506560772935245,0.506560772935245,5.401064467781038
LinearRegression,45,1,1,2025-01-01,2025-02-14,2025-02-15,2025-02-21,2025-02-19,9.0703125,8.095219405169303,0.9750930948306973,0.9750930948306973,10.750380373671769
LinearRegression,45,1,1,2025-01-01,2025-02-14,2025-02-15,2025-02-21,2025-02-20,10.89453125,11.123759544152577,-0.22922829415257695,0.22922829415257695,2.104067526104686
LinearRegression,45,1,1,2025-01-01,2025-02-14,2025-02-15,2025-02-21,2025-02-21,10.4609375,13.489512965860236,-3.0285754658602357,3.0285754658602357,28.951281525773727
LinearRegression,45,2,2,2025-01-01,2025-03-01,2025-03-02,2025-03-08,2025-03-02,12.4921875,15.378264709581135,-2.886077209581135,2.886077209581135,23.10305708732866
LinearRegression,45,2,2,2025-01-01,2025-03-01,2025-03-02,2025-03-08,2025-03-03,8.95703125,10.322760829478362,-1.3657295794783622,1.3657295794783622,15.247569661860478
LinearRegression,45,2,2,2025-01-01,2025-03-01,2025-03-02,2025-03-08,2025-03-04,11.60546875,11.133670060446299,0.47179868955370097,0.47179868955370097,4.065313514834987
LinearRegression,45,2,2,2025-01-01,2025-03-01,2025-03-02,2025-03-08,2025-03-05,8.8046875,10.796128739978144,-1.991441239978144,1.991441239978144,22.617966168340946
LinearRegression,45,2,2,2025-01-01,2025-03-01,2025-03-02,2025-03-08,2025-03-06,7.66015625,12.112430281470186,-4.452274031470186,4.452274031470186,58.12249628028391
LinearRegression,45,2,2,2025-01-01,2025-03-01,2025-03-02,2025-03-08,2025-03-07,12.19140625,12.513046005054903,-0.3216397550549033,0.3216397550549033,2.638249833196259
LinearRegression,45,2,2,2025-01-01,2025-03-01,2025-03-02,2025-03-08,2025-03-08,17.12109375,17.64730380162242,-0.5262100516224208,0.5262100516224208,3.07346048860004
LinearRegression,45,3,3,2025-01-01,2025-03-16,2025-03-17,2025-03-23,2025-03-17,11.1328125,6.299722801568337,4.833089698431663,4.833089698431663,43.41301623854406
LinearRegression,45,3,3,2025-01-01,2025-03-16,2025-03-17,2025-03-23,2025-03-18,15.32421875,11.544095937840623,3.7801228121593766,3.7801228121593766,24.6676380298955
LinearRegression,45,3,3,2025-01-01,2025-03-16,2025-03-17,2025-03-23,2025-03-19,11.4296875,10.188386345270217,1.2413011547297828,1.2413011547297828,10.860324525318674
LinearRegression,45,3,3,2025-01-01,2025-03-16,2025-03-17,2025-03-23,2025-03-20,11.41796875,13.464681013253298,-2.0467122632532977,2.0467122632532977,17.925362278236204
LinearRegression,45,3,3,2025-01-01,2025-03-16,2025-03-17,2025-03-23,2025-03-21,17.328125,18.245710437405833,-0.9175854374058332,0.9175854374058332,5.295353290709948
LinearRegression,45,3,3,2025-01-01,2025-03-16,2025-03-17,2025-03-23,2025-03-22,19.71875,25.22575512543152,-5.507005125431519,5.507005125431519,27.9277597486226
LinearRegression,45,3,3,2025-01-01,2025-03-16,2025-03-17,2025-03-23,2025-03-23,18.00390625,23.03278053776846,-5.02887428776846,5.02887428776846,27.93212882770071
LinearRegression,45,4,4,2025-01-01,2025-03-31,2025-04-01,2025-04-07,2025-04-01,11.05859375,0.0,11.05859375,11.05859375,100.0
LinearRegression,45,4,4,2025-01-01,2025-03-31,2025-04-01,2025-04-07,2025-04-02,12.88671875,16.17266845703125,-3.28594970703125,3.28594970703125,25.49873067596241
LinearRegression,45,4,4,2025-01-01,2025-03-31,2025-04-01,2025-04-07,2025-04-03,15.1796875,15.091796875,0.087890625,0.087890625,0.5790015440041174
LinearRegression,45,4,4,2025-01-01,2025-03-31,2025-04-01,2025-04-07,2025-04-04,15.9609375,18.25360107421875,-2.29266357421875,2.29266357421875,14.364216226138032
LinearRegression,45,4,4,2025-01-01,2025-03-31,2025-04-01,2025-04-07,2025-04-05,22.37890625,22.46942138671875,-0.09051513671875,0.09051513671875,0.4044663117472509
LinearRegression,45,4,4,2025-01-01,2025-03-31,2025-04-01,2025-04-07,2025-04-06,18.0703125,21.52728271484375,-3.45697021484375,3.45697021484375,19.130660938175527
LinearRegression,45,4,4,2025-01-01,2025-03-31,2025-04-01,2025-04-07,2025-04-07,10.953125,12.1495361328125,-1.1964111328125,1.1964111328125,10.923011768901569
LinearRegression,45,5,5,2025-01-01,2025-04-15,2025-04-16,2025-04-22,2025-04-16,13.640625,12.6435546875,0.9970703125,0.9970703125,7.3095647193585345
LinearRegression,45,5,5,2025-01-01,2025-04-15,2025-04-16,2025-04-22,2025-04-17,15.99609375,13.731201171875,2.264892578125,2.264892578125,14.15903540903541
LinearRegression,45,5,5,2025-01-01,2025-04-15,2025-04-16,2025-04-22,2025-04-18,20.17578125,0.0,20.17578125,20.17578125,100.0
LinearRegression,45,5,5,2025-01-01,2025-04-15,2025-04-16,2025-04-22,2025-04-19,22.23046875,21.662353515625,0.568115234375,0.568115234375,2.5555701985591286
LinearRegression,45,5,5,2025-01-01,2025-04-15,2025-04-16,2025-04-22,2025-04-20,11.9765625,20.5067138671875,-8.5301513671875,8.5301513671875,71.22370352250489
LinearRegression,45,5,5,2025-01-01,2025-04-15,2025-04-16,2025-04-22,2025-04-21,13.4609375,0.0,13.4609375,13.4609375,100.0
LinearRegression,45,5,5,2025-01-01,2025-04-15,2025-04-16,2025-04-22,2025-04-22,11.8984375,0.0,11.8984375,11.8984375,100.0
LinearRegression,45,6,6,2025-01-01,2025-04-30,2025-05-01,2025-05-07,2025-05-01,21.9921875,0.0,21.9921875,21.9921875,100.0
LinearRegression,45,6,6,2025-01-01,2025-04-30,2025-05-01,2025-05-07,2025-05-02,20.91796875,24.833450317382812,-3.9154815673828125,3.9154815673828125,18.718268557422967
LinearRegression,45,6,6,2025-01-01,2025-04-30,2025-05-01,2025-05-07,2025-05-03,20.4921875,0.0,20.4921875,20.4921875,100.0
LinearRegression,45,6,6,2025-01-01,2025-04-30,2025-05-01,2025-05-07,2025-05-04,16.3203125,25.232208251953125,-8.911895751953125,8.911895751953125,54.606158748204884
LinearRegression,45,6,6,2025-01-01,2025-04-30,2025-05-01,2025-05-07,2025-05-05,14.921875,19.136566162109375,-4.214691162109375,4.214691162109375,28.245050719895286
LinearRegression,45,6,6,2025-01-01,2025-04-30,2025-05-01,2025-05-07,2025-05-06,10.0546875,19.50616455078125,-9.45147705078125,9.45147705078125,94.00070415695416
LinearRegression,45,6,6,2025-01-01,2025-04-30,2025-05-01,2025-05-07,2025-05-07,10.64453125,43.721875,-33.07734375,33.07734375,310.7449541284403
LinearRegression,45,7,7,2025-01-01,2025-05-15,2025-05-16,2025-05-22,2025-05-16,18.07421875,19.19244384765625,-1.11822509765625,1.11822509765625,6.186851631726821
LinearRegression,45,7,7,2025-01-01,2025-05-15,2025-05-16,2025-05-22,2025-05-17,18.09375,22.7437744140625,-4.6500244140625,4.6500244140625,25.69961679620035
LinearRegression,45,7,7,2025-01-01,2025-05-15,2025-05-16,2025-05-22,2025-05-18,17.8125,21.85394287109375,-4.04144287109375,4.04144287109375,22.688802083333336
LinearRegression,45,7,7,2025-01-01,2025-05-15,2025-05-16,2025-05-22,2025-05-19,10.21484375,11.8189697265625,-1.6041259765625,1.6041259765625,15.70387189292543
LinearRegression,45,7,7,2025-01-01,2025-05-15,2025-05-16,2025-05-22,2025-05-20,12.2578125,9.04296875,3.21484375,3.21484375,26.22689611217336
LinearRegression,45,7,7,2025-01-01,2025-05-15,2025-05-16,2025-05-22,2025-05-21,10.76171875,9.17913818359375,1.58258056640625,1.58258056640625,14.705648820326678
LinearRegression,45,7,7,2025-01-01,2025-05-15,2025-05-16,2025-05-22,2025-05-22,12.37109375,11.72003173828125,0.65106201171875,0.65106201171875,5.262768392800758
LinearRegression,45,8,8,2025-01-01,2025-05-30,2025-05-31,2025-06-06,2025-05-31,16.671875,17.459556579589844,-0.7876815795898438,0.7876815795898438,4.724613035965324
LinearRegression,45,8,8,2025-01-01,2025-05-30,2025-05-31,2025-06-06,2025-06-01,17.265625,10.444793701171875,6.820831298828125,6.820831298828125,39.50526725113122
LinearRegression,45,8,8,2025-01-01,2025-05-30,2025-05-31,2025-06-06,2025-06-02,11.390625,4.170074462890625,7.220550537109375,7.220550537109375,63.39029278120714
LinearRegression,45,8,8,2025-01-01,2025-05-30,2025-05-31,2025-06-06,2025-06-03,11.7265625,1.994049072265625,9.732513427734375,9.732513427734375,82.99545094936708
LinearRegression,45,8,8,2025-01-01,2025-05-30,2025-05-31,2025-06-06,2025-06-04,11.234375,0.0,11.234375,11.234375,100.0
LinearRegression,45,8,8,2025-01-01,2025-05-30,2025-05-31,2025-06-06,2025-06-05,10.44921875,0.0,10.44921875,10.44921875,100.0
LinearRegression,45,8,8,2025-01-01,2025-05-30,2025-05-31,2025-06-06,2025-06-06,13.23046875,0.0,13.23046875,13.23046875,100.0
LinearRegression,45,9,9,2025-01-01,2025-06-14,2025-06-15,2025-06-21,2025-06-15,13.140625,17.304786682128906,-4.164161682128906,4.164161682128906,31.68922088659334
LinearRegression,45,9,9,2025-01-01,2025-06-14,2025-06-15,2025-06-21,2025-06-16,10.5859375,12.957786560058594,-2.3718490600585938,2.3718490600585938,22.405659017527675
LinearRegression,45,9,9,2025-01-01,2025-06-14,2025-06-15,2025-06-21,2025-06-17,10.41796875,12.779396057128906,-2.3614273071289062,2.3614273071289062,22.66686878983877
LinearRegression,45,9,9,2025-01-01,2025-06-14,2025-06-15,2025-06-21,2025-06-18,10.4921875,13.862480163574219,-3.3702926635742188,3.3702926635742188,32.121925609642595
LinearRegression,45,9,9,2025-01-01,2025-06-14,2025-06-15,2025-06-21,2025-06-19,15.37890625,14.892730712890625,0.486175537109375,0.486175537109375,3.1613141351282703
LinearRegression,45,9,9,2025-01-01,2025-06-14,2025-06-15,2025-06-21,2025-06-20,13.1015625,16.844970703125,-3.743408203125,3.743408203125,28.572227191413234
LinearRegression,45,9,9,2025-01-01,2025-06-14,2025-06-15,2025-06-21,2025-06-21,13.66796875,20.760955810546875,-7.092987060546875,7.092987060546875,51.89496106030295
LinearRegression,45,10,10,2025-01-01,2025-06-29,2025-06-30,2025-07-06,2025-06-30,14.37890625,13.710777282714844,0.6681289672851562,0.6681289672851562,4.646591024857376
LinearRegression,45,10,10,2025-01-01,2025-06-29,2025-06-30,2025-07-06,2025-07-01,11.33984375,4.4598846435546875,6.8799591064453125,6.8799591064453125,60.67066935067172
LinearRegression,45,10,10,2025-01-01,2025-06-29,2025-06-30,2025-07-06,2025-07-02,9.7421875,2.2461624145507812,7.496025085449219,7.496025085449219,76.94396238472333
LinearRegression,45,10,10,2025-01-01,2025-06-29,2025-06-30,2025-07-06,2025-07-03,13.31640625,2.0503921508789062,11.266014099121094,11.266014099121094,84.60251127530067
LinearRegression,45,10,10,2025-01-01,2025-06-29,2025-06-30,2025-07-06,2025-07-04,13.86328125,42.865234374999986,-29.001953124999986,29.001953124999986,209.19977458438987
LinearRegression,45,10,10,2025-01-01,2025-06-29,2025-06-30,2025-07-06,2025-07-05,14.7578125,9.520530700683594,5.237281799316406,5.237281799316406,35.488198534277394
LinearRegression,45,10,10,2025-01-01,2025-06-29,2025-06-30,2025-07-06,2025-07-06,9.4765625,6.404884338378906,3.0716781616210938,3.0716781616210938,32.41342165601814
LinearRegression,45,11,11,2025-01-01,2025-07-14,2025-07-15,2025-07-21,2025-07-15,11.79296875,9.554092407226562,2.2388763427734375,2.2388763427734375,18.984840799933753
LinearRegression,45,11,11,2025-01-01,2025-07-14,2025-07-15,2025-07-21,2025-07-16,11.625,10.274311065673828,1.3506889343261719,1.3506889343261719,11.618829542590726
LinearRegression,45,11,11,2025-01-01,2025-07-14,2025-07-15,2025-07-21,2025-07-17,11.20703125,11.716442108154297,-0.5094108581542969,0.5094108581542969,4.545457639857093
LinearRegression,45,11,11,2025-01-01,2025-07-14,2025-07-15,2025-07-21,2025-07-18,12.76953125,12.570893287658691,0.1986379623413086,0.1986379623413086,1.5555618953617314
LinearRegression,45,11,11,2025-01-01,2025-07-14,2025-07-15,2025-07-21,2025-07-19,16.83984375,14.946361541748047,1.8934822082519531,1.8934822082519531,11.244060434064023
LinearRegression,45,11,11,2025-01-01,2025-07-14,2025-07-15,2025-07-21,2025-07-20,15.55859375,13.875391006469727,1.6832027435302734,1.6832027435302734,10.818476081942004
LinearRegression,45,11,11,2025-01-01,2025-07-14,2025-07-15,2025-07-21,2025-07-21,10.421875,11.891629219055176,-1.4697542190551758,1.4697542190551758,14.102589208325526
LinearRegression,45,12,12,2025-01-01,2025-07-29,2025-07-30,2025-08-05,2025-07-30,11.828125,12.076950073242188,-0.2488250732421875,0.2488250732421875,2.103673010237781
LinearRegression,45,12,12,2025-01-01,2025-07-29,2025-07-30,2025-08-05,2025-07-31,12.734375,12.502830505371094,0.23154449462890625,0.23154449462890625,1.8182635161042946
LinearRegression,45,12,12,2025-01-01,2025-07-29,2025-07-30,2025-08-05,2025-08-01,14.0546875,2.5500640869140625,11.504623413085938,11.504623413085938,81.85613101028349
LinearRegression,45,12,12,2025-01-01,2025-07-29,2025-07-30,2025-08-05,2025-08-02,18.59375,2.8723678588867188,15.721382141113281,15.721382141113281,84.55197117909664
LinearRegression,45,12,12,2025-01-01,2025-07-29,2025-07-30,2025-08-05,2025-08-03,15.4609375,42.333984375,-26.873046875,26.873046875,173.8125315816069
LinearRegression,45,12,12,2025-01-01,2025-07-29,2025-07-30,2025-08-05,2025-08-04,13.875,4.4997711181640625,9.375228881835938,9.375228881835938,67.56921716638513
LinearRegression,45,12,12,2025-01-01,2025-07-29,2025-07-30,2025-08-05,2025-08-05,12.921875,0.0,12.921875,12.921875,100.0
LinearRegression,45,13,13,2025-01-01,2025-08-13,2025-08-14,2025-08-20,2025-08-14,11.91796875,12.446737289428711,-0.5287685394287109,0.5287685394287109,4.436733729719764
LinearRegression,45,13,13,2025-01-01,2025-08-13,2025-08-14,2025-08-20,2025-08-15,14.9765625,13.22022819519043,1.7563343048095703,1.7563343048095703,11.727219145311684
LinearRegression,45,13,13,2025-01-01,2025-08-13,2025-08-14,2025-08-20,2025-08-16,15.7109375,16.252058029174805,-0.5411205291748047,0.5411205291748047,3.4442281319927894
LinearRegression,45,13,13,2025-01-01,2025-08-13,2025-08-14,2025-08-20,2025-08-17,17.4296875,15.835647583007812,1.5940399169921875,1.5940399169921875,9.145545019049752
LinearRegression,45,13,13,2025-01-01,2025-08-13,2025-08-14,2025-08-20,2025-08-18,13.48046875,14.111063003540039,-0.6305942535400391,0.6305942535400391,4.67783624764561
LinearRegression,45,13,13,2025-01-01,2025-08-13,2025-08-14,2025-08-20,2025-08-19,13.83984375,13.803316116333008,0.03652763366699219,0.03652763366699219,0.26393096863533727
LinearRegression,45,13,13,2025-01-01,2025-08-13,2025-08-14,2025-08-20,2025-08-20,13.26953125,14.381242752075195,-1.1117115020751953,1.1117115020751953,8.377925950287018
LinearRegression,45,14,14,2025-01-01,2025-08-28,2025-08-29,2025-09-04,2025-08-29,16.3984375,16.092636108398438,0.3058013916015625,0.3058013916015625,1.8648203013339686
LinearRegression,45,14,14,2025-01-01,2025-08-28,2025-08-29,2025-09-04,2025-08-30,20.38671875,19.06676483154297,1.3199539184570312,1.3199539184570312,6.47457756514658
LinearRegression,45,14,14,2025-01-01,2025-08-28,2025-08-29,2025-09-04,2025-08-31,19.58203125,19.553131103515625,0.028900146484375,0.028900146484375,0.14758502892479552
LinearRegression,45,14,14,2025-01-01,2025-08-28,2025-08-29,2025-09-04,2025-09-01,23.41015625,12.650039672851562,10.760116577148438,10.760116577148438,45.963454759719674
LinearRegression,45,14,14,2025-01-01,2025-08-28,2025-08-29,2025-09-04,2025-09-02,11.5625,10.93511962890625,0.62738037109375,0.62738037109375,5.425992398648648
LinearRegression,45,14,14,2025-01-01,2025-08-28,2025-08-29,2025-09-04,2025-09-03,13.06640625,11.094589233398438,1.9718170166015625,1.9718170166015625,15.090737107623317
LinearRegression,45,14,14,2025-01-01,2025-08-28,2025-08-29,2025-09-04,2025-09-04,11.08984375,12.193893432617188,-1.1040496826171875,1.1040496826171875,9.955502597745685
LinearRegression,45,15,15,2025-01-01,2025-09-12,2025-09-13,2025-09-19,2025-09-13,18.23046875,16.96733856201172,1.2631301879882812,1.2631301879882812,6.928676411506321
LinearRegression,45,15,15,2025-01-01,2025-09-12,2025-09-13,2025-09-19,2025-09-14,15.44140625,17.05632781982422,-1.6149215698242188,1.6149215698242188,10.458384059575005
LinearRegression,45,15,15,2025-01-01,2025-09-12,2025-09-13,2025-09-19,2025-09-15,10.828125,13.989250183105469,-3.1611251831054688,3.1611251831054688,29.19365248466811
LinearRegression,45,15,15,2025-01-01,2025-09-12,2025-09-13,2025-09-19,2025-09-16,11.87890625,11.824142456054688,0.0547637939453125,0.0547637939453125,0.4610171407431766
LinearRegression,45,15,15,2025-01-01,2025-09-12,2025-09-13,2025-09-19,2025-09-17,9.30859375,12.187141418457031,-2.8785476684570312,2.8785476684570312,30.923550278010907
LinearRegression,45,15,15,2025-01-01,2025-09-12,2025-09-13,2025-09-19,2025-09-18,12.50390625,13.511985778808594,-1.0080795288085938,1.0080795288085938,8.062116818962824
LinearRegression,45,15,15,2025-01-01,2025-09-12,2025-09-13,2025-09-19,2025-09-19,16.0859375,14.964729309082031,1.1212081909179688,1.1212081909179688,6.970114057187955
LinearRegression,45,16,16,2025-01-01,2025-09-27,2025-09-28,2025-10-04,2025-09-28,17.06640625,16.922889709472656,0.14351654052734375,0.14351654052734375,0.8409300612268253
LinearRegression,45,16,16,2025-01-01,2025-09-27,2025-09-28,2025-10-04,2025-09-29,11.71484375,11.000900268554688,0.7139434814453125,0.7139434814453125,6.094349158052684
LinearRegression,45,16,16,2025-01-01,2025-09-27,2025-09-28,2025-10-04,2025-09-30,11.19140625,10.449150085449219,0.7422561645507812,0.7422561645507812,6.6323761998254795
LinearRegression,45,16,16,2025-01-01,2025-09-27,2025-09-28,2025-10-04,2025-10-01,9.77734375,8.8316650390625,0.9456787109375,0.9456787109375,9.672143427886535
LinearRegression,45,16,16,2025-01-01,2025-09-27,2025-09-28,2025-10-04,2025-10-02,10.85546875,10.246833801269531,0.6086349487304688,0.6086349487304688,5.606712733897085
LinearRegression,45,16,16,2025-01-01,2025-09-27,2025-09-28,2025-10-04,2025-10-03,14.015625,12.054252624511719,1.9613723754882812,1.9613723754882812,13.99418417293757
LinearRegression,45,16,16,2025-01-01,2025-09-27,2025-09-28,2025-10-04,2025-10-04,20.60546875,15.074371337890625,5.531097412109375,5.531097412109375,26.842861374407583
LinearRegression,45,17,17,2025-01-01,2025-10-12,2025-10-13,2025-10-19,2025-10-13,11.2578125,12.252227783203125,-0.994415283203125,0.994415283203125,8.833112855655795
LinearRegression,45,17,17,2025-01-01,2025-10-12,2025-10-13,2025-10-19,2025-10-14,11.03515625,11.776153564453125,-0.740997314453125,0.740997314453125,6.714878318584071
LinearRegression,45,17,17,2025-01-01,2025-10-12,2025-10-13,2025-10-19,2025-10-15,10.23828125,12.517120361328125,-2.278839111328125,2.278839111328125,22.258024132010686
LinearRegression,45,17,17,2025-01-01,2025-10-12,2025-10-13,2025-10-19,2025-10-16,13.40625,13.698104858398438,-0.2918548583984375,0.2918548583984375,2.1770059367715615
LinearRegression,45,17,17,2025-01-01,2025-10-12,2025-10-13,2025-10-19,2025-10-17,17.51171875,15.037857055664062,2.4738616943359375,2.4738616943359375,14.126892566361812
LinearRegression,45,17,17,2025-01-01,2025-10-12,2025-10-13,2025-10-19,2025-10-18,18.5390625,18.996871948242188,-0.4578094482421875,0.4578094482421875,2.4694314949431098
LinearRegression,45,17,17,2025-01-01,2025-10-12,2025-10-13,2025-10-19,2025-10-19,15.17578125,19.01434326171875,-3.83856201171875,3.83856201171875,25.29399935649936
LinearRegression,45,18,18,2025-01-01,2025-10-27,2025-10-28,2025-11-03,2025-10-28,12.7578125,11.049041748046875,1.708770751953125,1.708770751953125,13.393916488058789
LinearRegression,45,18,18,2025-01-01,2025-10-27,2025-10-28,2025-11-03,2025-10-29,9.73828125,11.344100952148438,-1.6058197021484375,1.6058197021484375,16.489765092258324
LinearRegression,45,18,18,2025-01-01,2025-10-27,2025-10-28,2025-11-03,2025-10-30,9.109375,13.420761108398438,-4.3113861083984375,4.3113861083984375,47.32910993782161
LinearRegression,45,18,18,2025-01-01,2025-10-27,2025-10-28,2025-11-03,2025-10-31,13.49609375,15.013885498046875,-1.517791748046875,1.517791748046875,11.246155933429812
LinearRegression,45,18,18,2025-01-01,2025-10-27,2025-10-28,2025-11-03,2025-11-01,21.05078125,15.701583862304688,5.3491973876953125,5.3491973876953125,25.4109209732789
LinearRegression,45,18,18,2025-01-01,2025-10-27,2025-10-28,2025-11-03,2025-11-02,19.015625,14.858734130859375,4.156890869140625,4.156890869140625,21.86039569638455
LinearRegression,45,18,18,2025-01-01,2025-10-27,2025-10-28,2025-11-03,2025-11-03,12.2890625,9.53167724609375,2.75738525390625,2.75738525390625,22.43771853146853
LinearRegression,45,19,19,2025-01-01,2025-11-05,2025-11-06,2025-11-12,2025-11-06,12.0625,12.341409054171699,-0.27890905417169876,0.27890905417169876,2.312199412822373
LinearRegression,45,19,19,2025-01-01,2025-11-05,2025-11-06,2025-11-12,2025-11-07,13.328125,14.24080722359989,-0.9126822235998908,0.9126822235998908,6.847791595591208
LinearRegression,45,19,19,2025-01-01,2025-11-05,2025-11-06,2025-11-12,2025-11-08,19.1171875,18.936594047840124,0.18059345215987577,0.18059345215987577,0.9446653811387046
LinearRegression,45,19,19,2025-01-01,2025-11-05,2025-11-06,2025-11-12,2025-11-09,17.85546875,19.57038552637301,-1.714916776373009,1.714916776373009,9.604434363410421
LinearRegression,45,19,19,2025-01-01,2025-11-05,2025-11-06,2025-11-12,2025-11-10,11.03515625,12.960746816026791,-1.9255905660267914,1.9255905660267914,17.449599465587916
LinearRegression,45,19,19,2025-01-01,2025-11-05,2025-11-06,2025-11-12,2025-11-11,10.47265625,12.759086785633162,-2.286430535633162,2.286430535633162,21.832384077660926
LinearRegression,45,19,19,2025-01-01,2025-11-05,2025-11-06,2025-11-12,2025-11-12,9.6953125,11.881894351220833,-2.186581851220833,2.186581851220833,22.552979609691103
ARIMA,45,1,1,2025-01-01,2025-02-14,2025-02-15,2025-02-21,2025-02-15,13.20703125,14.309667373177728,-1.102636123177728,1.102636123177728,8.348856774134823
ARIMA,45,1,1,2025-01-01,2025-02-14,2025-02-15,2025-02-21,2025-02-16,13.00390625,12.749453591143764,0.2544526588562359,0.2544526588562359,1.9567401822528203
ARIMA,45,1,1,2025-01-01,2025-02-14,2025-02-15,2025-02-21,2025-02-17,9.2421875,11.062459938597959,-1.820272438597959,1.820272438597959,19.695255464119928
ARIMA,45,1,1,2025-01-01,2025-02-14,2025-02-15,2025-02-21,2025-02-18,9.37890625,10.338562092738055,-0.959655842738055,0.959655842738055,10.232065628527367
ARIMA,45,1,1,2025-01-01,2025-02-14,2025-02-15,2025-02-21,2025-02-19,9.0703125,10.768937931344947,-1.6986254313449471,1.6986254313449471,18.727308803803037
ARIMA,45,1,1,2025-01-01,2025-02-14,2025-02-15,2025-02-21,2025-02-20,10.89453125,11.770672925777111,-0.8761416757771112,0.8761416757771112,8.042031875186105
ARIMA,45,1,1,2025-01-01,2025-02-14,2025-02-15,2025-02-21,2025-02-21,10.4609375,12.561796656262805,-2.100859156262805,2.100859156262805,20.08289559384907
ARIMA,45,2,2,2025-01-01,2025-03-01,2025-03-02,2025-03-08,2025-03-02,12.4921875,13.011353241897652,-0.5191657418976519,0.5191657418976519,4.155923387298277
ARIMA,45,2,2,2025-01-01,2025-03-01,2025-03-02,2025-03-08,2025-03-03,8.95703125,11.2632765766215,-2.3062453266215,2.3062453266215,25.747876302446755
ARIMA,45,2,2,2025-01-01,2025-03-01,2025-03-02,2025-03-08,2025-03-04,11.60546875,10.84513627252936,0.7603324774706408,0.7603324774706408,6.55150165710145
ARIMA,45,2,2,2025-01-01,2025-03-01,2025-03-02,2025-03-08,2025-03-05,8.8046875,11.461708307319862,-2.657020807319862,2.657020807319862,30.177343685620432
ARIMA,45,2,2,2025-01-01,2025-03-01,2025-03-02,2025-03-08,2025-03-06,7.66015625,12.29869914258883,-4.638542892588831,4.638542892588831,60.55415504858443
ARIMA,45,2,2,2025-01-01,2025-03-01,2025-03-02,2025-03-08,2025-03-07,12.19140625,12.744670998855979,-0.5532647488559785,0.5532647488559785,4.538153659312096
ARIMA,45,2,2,2025-01-01,2025-03-01,2025-03-02,2025-03-08,2025-03-08,17.12109375,12.685926658194576,4.435167091805424,4.435167091805424,25.904694855171996
ARIMA,45,3,3,2025-01-01,2025-03-16,2025-03-17,2025-03-23,2025-03-17,11.1328125,13.226740547373101,-2.093928047373101,2.093928047373101,18.808616846579433
ARIMA,45,3,3,2025-01-01,2025-03-16,2025-03-17,2025-03-23,2025-03-18,15.32421875,8.582519451353368,6.7416992986466315,6.7416992986466315,43.99375530088039
ARIMA,45,3,3,2025-01-01,2025-03-16,2025-03-17,2025-03-23,2025-03-19,11.4296875,8.003889840731901,3.425797659268099,3.425797659268099,29.972802487102985
ARIMA,45,3,3,2025-01-01,2025-03-16,2025-03-17,2025-03-23,2025-03-20,11.41796875,10.110437587771205,1.3075311622287948,1.3075311622287948,11.45152163977323
ARIMA,45,3,3,2025-01-01,2025-03-16,2025-03-17,2025-03-23,2025-03-21,17.328125,12.589316392035332,4.738808607964668,4.738808607964668,27.347497827749205
ARIMA,45,3,3,2025-01-01,2025-03-16,2025-03-17,2025-03-23,2025-03-22,19.71875,13.888676235734994,5.830073764265006,5.830073764265006,29.566142703087188
ARIMA,45,3,3,2025-01-01,2025-03-16,2025-03-17,2025-03-23,2025-03-23,18.00390625,13.771984913620441,4.231921336379559,4.231921336379559,23.50557305517828
ARIMA,45,4,4,2025-01-01,2025-03-31,2025-04-01,2025-04-07,2025-04-01,11.05859375,12.941847924796102,-1.883254174796102,1.883254174796102,17.029779892186582
ARIMA,45,4,4,2025-01-01,2025-03-31,2025-04-01,2025-04-07,2025-04-02,12.88671875,16.41137080530759,-3.524652055307591,3.524652055307591,27.351043533153785
ARIMA,45,4,4,2025-01-01,2025-03-31,2025-04-01,2025-04-07,2025-04-03,15.1796875,19.479655301163966,-4.299967801163966,4.299967801163966,28.327116754965907
ARIMA,45,4,4,2025-01-01,2025-03-31,2025-04-01,2025-04-07,2025-04-04,15.9609375,20.26556640738259,-4.30462890738259,4.30462890738259,26.969774848016225
ARIMA,45,4,4,2025-01-01,2025-03-31,2025-04-01,2025-04-07,2025-04-05,22.37890625,18.778296498834408,3.6006097511655923,3.6006097511655923,16.08930173325871
ARIMA,45,4,4,2025-01-01,2025-03-31,2025-04-01,2025-04-07,2025-04-06,18.0703125,16.485600243316327,1.584712256683673,1.584712256683673,8.769700339624304
ARIMA,45,4,4,2025-01-01,2025-03-31,2025-04-01,2025-04-07,2025-04-07,10.953125,15.042099164463522,-4.088974164463522,4.088974164463522,37.33157582391804
ARIMA,45,5,5,2025-01-01,2025-04-15,2025-04-16,2025-04-22,2025-04-16,13.640625,11.167636093563964,2.4729889064360364,2.4729889064360364,18.129586484754448
ARIMA,45,5,5,2025-01-01,2025-04-15,2025-04-16,2025-04-22,2025-04-17,15.99609375,14.595246603384831,1.4008471466151686,1.4008471466151686,8.75743271144037
ARIMA,45,5,5,2025-01-01,2025-04-15,2025-04-16,2025-04-22,2025-04-18,20.17578125,18.009213697378073,2.1665675526219275,2.1665675526219275,10.738456795183222
ARIMA,45,5,5,2025-01-01,2025-04-15,2025-04-16,2025-04-22,2025-04-19,22.23046875,19.20828062350152,3.022188126498481,3.022188126498481,13.594801623328257
ARIMA,45,5,5,2025-01-01,2025-04-15,2025-04-16,2025-04-22,2025-04-20,11.9765625,18.100863896473097,-6.124301396473097,6.124301396473097,51.13571942260642
ARIMA,45,5,5,2025-01-01,2025-04-15,2025-04-16,2025-04-22,2025-04-21,13.4609375,16.113638812798506,-2.6527013127985057,2.6527013127985057,19.706660942438113
ARIMA,45,5,5,2025-01-01,2025-04-15,2025-04-16,2025-04-22,2025-04-22,11.8984375,14.801691097240765,-2.9032535972407647,2.9032535972407647,24.40029287241089
ARIMA,45,6,6,2025-01-01,2025-04-30,2025-05-01,2025-05-07,2025-05-01,21.9921875,22.240996370262565,-0.2488088702625646,0.2488088702625646,1.1313511685118391
ARIMA,45,6,6,2025-01-01,2025-04-30,2025-05-01,2025-05-07,2025-05-02,20.91796875,16.108044178377206,4.809924571622794,4.809924571622794,22.994223909158457
ARIMA,45,6,6,2025-01-01,2025-04-30,2025-05-01,2025-05-07,2025-05-03,20.4921875,13.883491060918233,6.608696439081767,6.608696439081767,32.24983393833268
ARIMA,45,6,6,2025-01-01,2025-04-30,2025-05-01,2025-05-07,2025-05-04,16.3203125,15.549558891783905,0.7707536082160953,0.7707536082160953,4.722664521381532
ARIMA,45,6,6,2025-01-01,2025-04-30,2025-05-01,2025-05-07,2025-05-05,14.921875,18.555858746624864,-3.633983746624864,3.633983746624864,24.353398930260866
ARIMA,45,6,6,2025-01-01,2025-04-30,2025-05-01,2025-05-07,2025-05-06,10.0546875,20.43629658112949,-10.38160908112949,10.38160908112949,103.25143452871599
ARIMA,45,6,6,2025-01-01,2025-04-30,2025-05-01,2025-05-07,2025-05-07,10.64453125,20.386924091368922,-9.742392841368922,9.742392841368922,91.52486485836492
ARIMA,45,7,7,2025-01-01,2025-05-15,2025-05-16,2025-05-22,2025-05-16,18.07421875,14.669611633541535,3.4046071164584646,3.4046071164584646,18.836814821987616
ARIMA,45,7,7,2025-01-01,2025-05-15,2025-05-16,2025-05-22,2025-05-17,18.09375,14.056204072647388,4.037545927352612,4.037545927352612,22.31458889037713
ARIMA,45,7,7,2025-01-01,2025-05-15,2025-05-16,2025-05-22,2025-05-18,17.8125,14.250972029174669,3.561527970825331,3.561527970825331,19.99454299410712
ARIMA,45,7,7,2025-01-01,2025-05-15,2025-05-16,2025-05-22,2025-05-19,10.21484375,13.904289175241091,-3.6894454252410913,3.6894454252410913,36.11847146698736
ARIMA,45,7,7,2025-01-01,2025-05-15,2025-05-16,2025-05-22,2025-05-20,12.2578125,14.120672885669615,-1.8628603856696149,1.8628603856696149,15.197331380861105
ARIMA,45,7,7,2025-01-01,2025-05-15,2025-05-16,2025-05-22,2025-05-21,10.76171875,13.885061814916819,-3.123343064916819,3.123343064916819,29.022715957121804
ARIMA,45,7,7,2025-01-01,2025-05-15,2025-05-16,2025-05-22,2025-05-22,12.37109375,14.069647495730765,-1.6985537457307647,1.6985537457307647,13.730020805401825
ARIMA,45,8,8,2025-01-01,2025-05-30,2025-05-31,2025-06-06,2025-05-31,16.671875,14.59911032562086,2.0727646743791404,2.0727646743791404,12.432702826641515
ARIMA,45,8,8,2025-01-01,2025-05-30,2025-05-31,2025-06-06,2025-06-01,17.265625,13.50802917742874,3.7575958225712593,3.7575958225712593,21.76345091805978
ARIMA,45,8,8,2025-01-01,2025-05-30,2025-05-31,2025-06-06,2025-06-02,11.390625,14.389686562728908,-2.999061562728908,2.999061562728908,26.329209878552827
ARIMA,45,8,8,2025-01-01,2025-05-30,2025-05-31,2025-06-06,2025-06-03,11.7265625,13.544115864355142,-1.8175533643551418,1.8175533643551418,15.499455738671431
ARIMA,45,8,8,2025-01-01,2025-05-30,2025-05-31,2025-06-06,2025-06-04,11.234375,14.279774653134018,-3.0453996531340177,3.0453996531340177,27.107868956964833
ARIMA,45,8,8,2025-01-01,2025-05-30,2025-05-31,2025-06-06,2025-06-05,10.44921875,13.603856857547092,-3.1546381075470915,3.1546381075470915,30.190181515217024
ARIMA,45,8,8,2025-01-01,2025-05-30,2025-05-31,2025-06-06,2025-06-06,13.23046875,14.206034858536274,-0.9755661085362739,0.9755661085362739,7.373632234581816
ARIMA,45,9,9,2025-01-01,2025-06-14,2025-06-15,2025-06-21,2025-06-15,13.140625,15.7167176524942,-2.5760926524942,2.5760926524942,19.60403445417703
ARIMA,45,9,9,2025-01-01,2025-06-14,2025-06-15,2025-06-21,2025-06-16,10.5859375,13.239351596297574,-2.653414096297574,2.653414096297574,25.065461573881144
ARIMA,45,9,9,2025-01-01,2025-06-14,2025-06-15,2025-06-21,2025-06-17,10.41796875,11.690559397202112,-1.2725906472021116,1.2725906472021116,12.215343295228367
ARIMA,45,9,9,2025-01-01,2025-06-14,2025-06-15,2025-06-21,2025-06-18,10.4921875,11.617632553641192,-1.125445053641192,1.125445053641192,10.726505351159537
ARIMA,45,9,9,2025-01-01,2025-06-14,2025-06-15,2025-06-21,2025-06-19,15.37890625,12.487963348077685,2.8909429019223154,2.8909429019223154,18.798104721669105
ARIMA,45,9,9,2025-01-01,2025-06-14,2025-06-15,2025-06-21,2025-06-20,13.1015625,13.422793242022502,-0.321230742022502,0.321230742022502,2.4518506248586918
ARIMA,45,9,9,2025-01-01,2025-06-14,2025-06-15,2025-06-21,2025-06-21,13.66796875,13.848113701885124,-0.18014495188512392,0.18014495188512392,1.3180082218517213
ARIMA,45,10,10,2025-01-01,2025-06-29,2025-06-30,2025-07-06,2025-06-30,14.37890625,16.47825673793803,-2.099350487938029,2.099350487938029,14.600209859063717
ARIMA,45,10,10,2025-01-01,2025-06-29,2025-06-30,2025-07-06,2025-07-01,11.33984375,14.391952482731776,-3.052108732731776,3.052108732731776,26.914909940728034
ARIMA,45,10,10,2025-01-01,2025-06-29,2025-06-30,2025-07-06,2025-07-02,9.7421875,14.82797860436424,-5.08579110436424,5.08579110436424,52.2037900047011
ARIMA,45,10,10,2025-01-01,2025-06-29,2025-06-30,2025-07-06,2025-07-03,13.31640625,13.656229235449985,-0.33982298544998457,0.33982298544998457,2.551912123062366
ARIMA,45,10,10,2025-01-01,2025-06-29,2025-06-30,2025-07-06,2025-07-04,13.86328125,14.357380512837258,-0.494099262837258,0.494099262837258,3.5640859759464094
ARIMA,45,10,10,2025-01-01,2025-06-29,2025-06-30,2025-07-06,2025-07-05,14.7578125,13.506636908438098,1.2511755915619016,1.2511755915619016,8.478055887767253
ARIMA,45,10,10,2025-01-01,2025-06-29,2025-06-30,2025-07-06,2025-07-06,9.4765625,14.197762006802385,-4.721199506802385,4.721199506802385,49.819747474913875
ARIMA,45,11,11,2025-01-01,2025-07-14,2025-07-15,2025-07-21,2025-07-15,11.79296875,11.59714301424765,0.19582573575235074,0.19582573575235074,1.6605295910103277
ARIMA,45,11,11,2025-01-01,2025-07-14,2025-07-15,2025-07-21,2025-07-16,11.625,12.576663391259675,-0.9516633912596753,0.9516633912596753,8.1863517527714
ARIMA,45,11,11,2025-01-01,2025-07-14,2025-07-15,2025-07-21,2025-07-17,11.20703125,13.092898282495625,-1.885867032495625,1.885867032495625,16.827534343634717
ARIMA,45,11,11,2025-01-01,2025-07-14,2025-07-15,2025-07-21,2025-07-18,12.76953125,13.354187985625591,-0.5846567356255914,0.5846567356255914,4.578529345981995
ARIMA,45,11,11,2025-01-01,2025-07-14,2025-07-15,2025-07-21,2025-07-19,16.83984375,13.497071630300576,3.342772119699424,3.342772119699424,19.850374916331536
ARIMA,45,11,11,2025-01-01,2025-07-14,2025-07-15,2025-07-21,2025-07-20,15.55859375,13.56428569590524,1.9943080540947609,1.9943080540947609,12.818048251274385
ARIMA,45,11,11,2025-01-01,2025-07-14,2025-07-15,2025-07-21,2025-07-21,10.421875,13.606284734853618,-3.1844097348536184,3.1844097348536184,30.555055926631418
ARIMA,45,12,12,2025-01-01,2025-07-29,2025-07-30,2025-08-05,2025-07-30,11.828125,11.82819423192406,-6.923192406027567e-05,6.923192406027567e-05,0.0005853161347235988
ARIMA,45,12,12,2025-01-01,2025-07-29,2025-07-30,2025-08-05,2025-07-31,12.734375,12.912720083854435,-0.1783450838544347,0.1783450838544347,1.4005012719857448
ARIMA,45,12,12,2025-01-01,2025-07-29,2025-07-30,2025-08-05,2025-08-01,14.0546875,13.606908573942524,0.4477789260574756,0.4477789260574756,3.185975682899215
ARIMA,45,12,12,2025-01-01,2025-07-29,2025-07-30,2025-08-05,2025-08-02,18.59375,13.655058759446385,4.938691240553615,4.938691240553615,26.56102852062448
ARIMA,45,12,12,2025-01-01,2025-07-29,2025-07-30,2025-08-05,2025-08-03,15.4609375,13.28651888853363,2.17441861146637,2.17441861146637,14.063950594628366
ARIMA,45,12,12,2025-01-01,2025-07-29,2025-07-30,2025-08-05,2025-08-04,13.875,12.886100415051809,0.9888995849481912,0.9888995849481912,7.12720421584282
ARIMA,45,12,12,2025-01-01,2025-07-29,2025-07-30,2025-08-05,2025-08-05,12.921875,12.703899776205269,0.21797522379473122,0.21797522379473122,1.6868699302131556
ARIMA,45,13,13,2025-01-01,2025-08-13,2025-08-14,2025-08-20,2025-08-14,11.91796875,13.71452018980023,-1.7965514398002291,1.7965514398002291,15.07430903273873
ARIMA,45,13,13,2025-01-01,2025-08-13,2025-08-14,2025-08-20,2025-08-15,14.9765625,14.61334428467285,0.3632182153271497,0.3632182153271497,2.4252442129303686
ARIMA,45,13,13,2025-01-01,2025-08-13,2025-08-14,2025-08-20,2025-08-16,15.7109375,14.33792362512313,1.3730138748768699,1.3730138748768699,8.739223072314239
ARIMA,45,13,13,2025-01-01,2025-08-13,2025-08-14,2025-08-20,2025-08-17,17.4296875,13.518579757027899,3.911107742972101,3.911107742972101,22.439345186034465
ARIMA,45,13,13,2025-01-01,2025-08-13,2025-08-14,2025-08-20,2025-08-18,13.48046875,12.857124433398846,0.6233443166011536,0.6233443166011536,4.624055202836724
ARIMA,45,13,13,2025-01-01,2025-08-13,2025-08-14,2025-08-20,2025-08-19,13.83984375,12.682627325105997,1.1572164248940027,1.1572164248940027,8.361484752268266
ARIMA,45,13,13,2025-01-01,2025-08-13,2025-08-14,2025-08-20,2025-08-20,13.26953125,12.904744442469855,0.3647868075301446,0.3647868075301446,2.7490557176248753
ARIMA,45,14,14,2025-01-01,2025-08-28,2025-08-29,2025-09-04,2025-08-29,16.3984375,13.853204722455576,2.545232777544424,2.545232777544424,15.521190830189912
ARIMA,45,14,14,2025-01-01,2025-08-28,2025-08-29,2025-09-04,2025-08-30,20.38671875,13.836521306239021,6.550197443760979,6.550197443760979,32.129728791009974
ARIMA,45,14,14,2025-01-01,2025-08-28,2025-08-29,2025-09-04,2025-08-31,19.58203125,13.852431256469204,5.729599993530796,5.729599993530796,29.259477325830513
ARIMA,45,14,14,2025-01-01,2025-08-28,2025-08-29,2025-09-04,2025-09-01,23.41015625,13.837050868004372,9.573105381995628,9.573105381995628,40.89295808094244
ARIMA,45,14,14,2025-01-01,2025-08-28,2025-08-29,2025-09-04,2025-09-02,11.5625,13.851709899629912,-2.2892098996299115,2.2892098996299115,19.798572104907343
ARIMA,45,14,14,2025-01-01,2025-08-28,2025-08-29,2025-09-04,2025-09-03,13.06640625,13.837530437104485,-0.7711241871044852,0.7711241871044852,5.9015782331464335
ARIMA,45,14,14,2025-01-01,2025-08-28,2025-08-29,2025-09-04,2025-09-04,11.08984375,13.851036570103108,-2.7611928201031084,2.7611928201031084,24.898392460246416
ARIMA,45,15,15,2025-01-01,2025-09-12,2025-09-13,2025-09-19,2025-09-13,18.23046875,14.878609575805363,3.3518591741946366,3.3518591741946366,18.386028467834304
ARIMA,45,15,15,2025-01-01,2025-09-12,2025-09-13,2025-09-19,2025-09-14,15.44140625,14.812365050694945,0.6290411993050551,0.6290411993050551,4.073730003088644
ARIMA,45,15,15,2025-01-01,2025-09-12,2025-09-13,2025-09-19,2025-09-15,10.828125,13.724140793115913,-2.8960157931159127,2.8960157931159127,26.745311797895877
ARIMA,45,15,15,2025-01-01,2025-09-12,2025-09-13,2025-09-19,2025-09-16,11.87890625,12.650140523962326,-0.7712342739623264,0.7712342739623264,6.492468731810443
ARIMA,45,15,15,2025-01-01,2025-09-12,2025-09-13,2025-09-19,2025-09-17,9.30859375,12.227936357894285,-2.9193426078942846,2.9193426078942846,31.361800571587782
ARIMA,45,15,15,2025-01-01,2025-09-12,2025-09-13,2025-09-19,2025-09-18,12.50390625,12.464879336008039,0.03902691399196101,0.03902691399196101,0.3121177751309597
ARIMA,45,15,15,2025-01-01,2025-09-12,2025-09-13,2025-09-19,2025-09-19,16.0859375,12.970968613690891,3.114968886309109,3.114968886309109,19.364546743446624
ARIMA,45,16,16,2025-01-01,2025-09-27,2025-09-28,2025-10-04,2025-09-28,17.06640625,16.463912070016775,0.6024941799832249,0.6024941799832249,3.5302932038385344
ARIMA,45,16,16,2025-01-01,2025-09-27,2025-09-28,2025-10-04,2025-09-29,11.71484375,13.235798805134486,-1.5209550551344861,1.5209550551344861,12.983144185209353
ARIMA,45,16,16,2025-01-01,2025-09-27,2025-09-28,2025-10-04,2025-09-30,11.19140625,11.331209324803517,-0.13980307480351684,0.13980307480351684,1.2492002495532395
ARIMA,45,16,16,2025-01-01,2025-09-27,2025-09-28,2025-10-04,2025-10-01,9.77734375,11.42237074693872,-1.6450269969387197,1.6450269969387197,16.82488658475079
ARIMA,45,16,16,2025-01-01,2025-09-27,2025-09-28,2025-10-04,2025-10-02,10.85546875,12.734564940077012,-1.8790961900770125,1.8790961900770125,17.310134028777085
ARIMA,45,16,16,2025-01-01,2025-09-27,2025-09-28,2025-10-04,2025-10-03,14.015625,14.03549783489905,-0.019872834899050673,0.019872834899050673,0.14179057230091896
ARIMA,45,16,16,2025-01-01,2025-09-27,2025-09-28,2025-10-04,2025-10-04,20.60546875,14.544055932637336,6.061412817362664,6.061412817362664,29.416524762935392
ARIMA,45,17,17,2025-01-01,2025-10-12,2025-10-13,2025-10-19,2025-10-13,11.2578125,13.098597982588586,-1.8407854825885863,1.8407854825885863,16.351182635068636
ARIMA,45,17,17,2025-01-01,2025-10-12,2025-10-13,2025-10-19,2025-10-14,11.03515625,11.892512785970117,-0.8573565359701174,0.8573565359701174,7.769319405605311
ARIMA,45,17,17,2025-01-01,2025-10-12,2025-10-13,2025-10-19,2025-10-15,10.23828125,12.947739922763754,-2.7094586727637537,2.7094586727637537,26.463999245613163
ARIMA,45,17,17,2025-01-01,2025-10-12,2025-10-13,2025-10-19,2025-10-16,13.40625,14.828703736310272,-1.4224537363102723,1.4224537363102723,10.610377520263103
ARIMA,45,17,17,2025-01-01,2025-10-12,2025-10-13,2025-10-19,2025-10-17,17.51171875,16.09052966638763,1.4211890836123686,1.4211890836123686,8.115645893481293
ARIMA,45,17,17,2025-01-01,2025-10-12,2025-10-13,2025-10-19,2025-10-18,18.5390625,16.171690065210726,2.3673724347892744,2.3673724347892744,12.769644823136414
ARIMA,45,17,17,2025-01-01,2025-10-12,2025-10-13,2025-10-19,2025-10-19,15.17578125,15.432615956273917,-0.25683470627391713,0.25683470627391713,1.6923985793081797
ARIMA,45,18,18,2025-01-01,2025-10-27,2025-10-28,2025-11-03,2025-10-28,12.7578125,8.848344162528178,3.9094683374718215,3.9094683374718215,30.643719975284334
ARIMA,45,18,18,2025-01-01,2025-10-27,2025-10-28,2025-11-03,2025-10-29,9.73828125,11.538575918654507,-1.800294668654507,1.800294668654507,18.486780392120085
ARIMA,45,18,18,2025-01-01,2025-10-27,2025-10-28,2025-11-03,2025-10-30,9.109375,14.748780156990497,-5.639405156990497,5.639405156990497,61.90770669766583
ARIMA,45,18,18,2025-01-01,2025-10-27,2025-10-28,2025-11-03,2025-10-31,13.49609375,16.293373541182948,-2.797279791182948,2.797279791182948,20.726588322513308
ARIMA,45,18,18,2025-01-01,2025-10-27,2025-10-28,2025-11-03,2025-11-01,21.05078125,15.770212911562353,5.2805683384376465,5.2805683384376465,25.08490433549893
ARIMA,45,18,18,2025-01-01,2025-10-27,2025-10-28,2025-11-03,2025-11-02,19.015625,14.2077183214064,4.8079066785936,4.8079066785936,25.283979246507016
ARIMA,45,18,18,2025-01-01,2025-10-27,2025-10-28,2025-11-03,2025-11-03,12.2890625,12.936210757145984,-0.6471482571459841,0.6471482571459841,5.266050662090653
ARIMA,45,19,19,2025-01-01,2025-11-05,2025-11-06,2025-11-12,2025-11-06,12.0625,11.79525729627459,0.2672427037254099,0.2672427037254099,2.2154835542002895
ARIMA,45,19,19,2025-01-01,2025-11-05,2025-11-06,2025-11-12,2025-11-07,13.328125,13.765472686809439,-0.4373476868094386,0.4373476868094386,3.2813894438222824
ARIMA,45,19,19,2025-01-01,2025-11-05,2025-11-06,2025-11-12,2025-11-08,19.1171875,15.280886368876907,3.8363011311230935,3.8363011311230935,20.067288303381936
ARIMA,45,19,19,2025-01-01,2025-11-05,2025-11-06,2025-11-12,2025-11-09,17.85546875,15.572782822319464,2.282685927680536,2.282685927680536,12.784239717484514
ARIMA,45,19,19,2025-01-01,2025-11-05,2025-11-06,2025-11-12,2025-11-10,11.03515625,14.888653475804325,-3.8534972258043254,3.8534972258043254,34.920187249766634
ARIMA,45,19,19,2025-01-01,2025-11-05,2025-11-06,2025-11-12,2025-11-11,10.47265625,13.986913332651685,-3.5142570826516852,3.5142570826516852,33.556501796301056
ARIMA,45,19,19,2025-01-01,2025-11-05,2025-11-06,2025-11-12,2025-11-12,9.6953125,13.495002760263603,-3.7996902602636027,3.7996902602636027,39.19100349022894
SARIMA,45,1,1,2025-01-01,2025-02-14,2025-02-15,2025-02-21,2025-02-15,13.20703125,18.249862034446352,-5.042830784446352,5.042830784446352,38.18292460272896
SARIMA,45,1,1,2025-01-01,2025-02-14,2025-02-15,2025-02-21,2025-02-16,13.00390625,14.404096903249192,-1.400190653249192,1.400190653249192,10.767461917446475
SARIMA,45,1,1,2025-01-01,2025-02-14,2025-02-15,2025-02-21,2025-02-17,9.2421875,10.582907112925886,-1.340719612925886,1.340719612925886,14.506518212553965
SARIMA,45,1,1,2025-01-01,2025-02-14,2025-02-15,2025-02-21,2025-02-18,9.37890625,9.729278791453687,-0.35037254145368735,0.35037254145368735,3.735750546111785
SARIMA,45,1,1,2025-01-01,2025-02-14,2025-02-15,2025-02-21,2025-02-19,9.0703125,8.973476448200143,0.09683605179985655,0.09683605179985655,1.0676153859071178
SARIMA,45,1,1,2025-01-01,2025-02-14,2025-02-15,2025-02-21,2025-02-20,10.89453125,9.897225882417303,0.9973053675826975,0.9973053675826975,9.154183366840106
SARIMA,45,1,1,2025-01-01,2025-02-14,2025-02-15,2025-02-21,2025-02-21,10.4609375,14.013797172718764,-3.552859672718764,3.552859672718764,33.96310964212112
SARIMA,45,2,2,2025-01-01,2025-03-01,2025-03-02,2025-03-08,2025-03-02,12.4921875,15.82510508657355,-3.3329175865735508,3.3329175865735508,26.68001570240241
SARIMA,45,2,2,2025-01-01,2025-03-01,2025-03-02,2025-03-08,2025-03-03,8.95703125,10.493087007751473,-1.5360557577514733,1.5360557577514733,17.14916153442552
SARIMA,45,2,2,2025-01-01,2025-03-01,2025-03-02,2025-03-08,2025-03-04,11.60546875,10.08833811162592,1.5171306383740806,1.5171306383740806,13.072549425236101
SARIMA,45,2,2,2025-01-01,2025-03-01,2025-03-02,2025-03-08,2025-03-05,8.8046875,9.819449001339779,-1.0147615013397786,1.0147615013397786,11.52524154139234
SARIMA,45,2,2,2025-01-01,2025-03-01,2025-03-02,2025-03-08,2025-03-06,7.66015625,11.05895238435362,-3.3987961343536206,3.3987961343536206,44.369801651939156
SARIMA,45,2,2,2025-01-01,2025-03-01,2025-03-02,2025-03-08,2025-03-07,12.19140625,13.26966826699116,-1.0782620169911592,1.0782620169911592,8.844443330654814
SARIMA,45,2,2,2025-01-01,2025-03-01,2025-03-02,2025-03-08,2025-03-08,17.12109375,16.824309131823874,0.296784618176126,0.296784618176126,1.733444267695374
SARIMA,45,3,3,2025-01-01,2025-03-16,2025-03-17,2025-03-23,2025-03-17,11.1328125,14.206293605502298,-3.0734811055022977,3.0734811055022977,27.607409228371516
SARIMA,45,3,3,2025-01-01,2025-03-16,2025-03-17,2025-03-23,2025-03-18,15.32421875,15.809853441399083,-0.485634691399083,0.485634691399083,3.169066556160215
SARIMA,45,3,3,2025-01-01,2025-03-16,2025-03-17,2025-03-23,2025-03-19,11.4296875,14.805190145396747,-3.3755026453967467,3.3755026453967467,29.532764088228543
SARIMA,45,3,3,2025-01-01,2025-03-16,2025-03-17,2025-03-23,2025-03-20,11.41796875,15.437901285117809,-4.019932535117809,4.019932535117809,35.20707249367633
SARIMA,45,3,3,2025-01-01,2025-03-16,2025-03-17,2025-03-23,2025-03-21,17.328125,18.748164980635636,-1.4200399806356359,1.4200399806356359,8.19500078996219
SARIMA,45,3,3,2025-01-01,2025-03-16,2025-03-17,2025-03-23,2025-03-22,19.71875,22.10008085331803,-2.3813308533180297,2.3813308533180297,12.076479763261007
SARIMA,45,3,3,2025-01-01,2025-03-16,2025-03-17,2025-03-23,2025-03-23,18.00390625,20.374709423099937,-2.3708031730999366,2.3708031730999366,13.168271041735382
SARIMA,45,4,4,2025-01-01,2025-03-31,2025-04-01,2025-04-07,2025-04-01,11.05859375,15.815405179858256,-4.7568114298582564,4.7568114298582564,43.01461413082704
SARIMA,45,4,4,2025-01-01,2025-03-31,2025-04-01,2025-04-07,2025-04-02,12.88671875,13.577796368978763,-0.6910776189787633,0.6910776189787633,5.3627120478497545
SARIMA,45,4,4,2025-01-01,2025-03-31,2025-04-01,2025-04-07,2025-04-03,15.1796875,13.793343636934864,1.386343863065136,1.386343863065136,9.132888032544386
SARIMA,45,4,4,2025-01-01,2025-03-31,2025-04-01,2025-04-07,2025-04-04,15.9609375,18.544887473529784,-2.5839499735297835,2.5839499735297835,16.189211777377007
SARIMA,45,4,4,2025-01-01,2025-03-31,2025-04-01,2025-04-07,2025-04-05,22.37890625,20.940625422379945,1.438280827620055,1.438280827620055,6.426948714797243
SARIMA,45,4,4,2025-01-01,2025-03-31,2025-04-01,2025-04-07,2025-04-06,18.0703125,19.937780782331526,-1.8674682823315258,1.8674682823315258,10.334454826564432
SARIMA,45,4,4,2025-01-01,2025-03-31,2025-04-01,2025-04-07,2025-04-07,10.953125,12.39139197491955,-1.43826697491955,1.43826697491955,13.131110755328274
SARIMA,45,5,5,2025-01-01,2025-04-15,2025-04-16,2025-04-22,2025-04-16,13.640625,14.156609246003894,-0.5159842460038941,0.5159842460038941,3.78270237620266
SARIMA,45,5,5,2025-01-01,2025-04-15,2025-04-16,2025-04-22,2025-04-17,15.99609375,15.144651803832632,0.8514419461673679,0.8514419461673679,5.322811678115902
SARIMA,45,5,5,2025-01-01,2025-04-15,2025-04-16,2025-04-22,2025-04-18,20.17578125,17.82654456592431,2.3492366840756915,2.3492366840756915,11.64384493946519
SARIMA,45,5,5,2025-01-01,2025-04-15,2025-04-16,2025-04-22,2025-04-19,22.23046875,23.1799280497233,-0.9494592997233013,0.9494592997233013,4.270981914060186
SARIMA,45,5,5,2025-01-01,2025-04-15,2025-04-16,2025-04-22,2025-04-20,11.9765625,20.987686543757025,-9.011124043757025,9.011124043757025,75.23965281153941
SARIMA,45,5,5,2025-01-01,2025-04-15,2025-04-16,2025-04-22,2025-04-21,13.4609375,13.058215317188836,0.40272218281116423,0.40272218281116423,2.9917840626714463
SARIMA,45,5,5,2025-01-01,2025-04-15,2025-04-16,2025-04-22,2025-04-22,11.8984375,13.58423054467999,-1.6857930446799898,1.6857930446799898,14.168188425412914
SARIMA,45,6,6,2025-01-01,2025-04-30,2025-05-01,2025-05-07,2025-05-01,21.9921875,19.163952680193646,2.8282348198063545,2.8282348198063545,12.860179642458736
SARIMA,45,6,6,2025-01-01,2025-04-30,2025-05-01,2025-05-07,2025-05-02,20.91796875,21.532421997414254,-0.6144532474142537,0.6144532474142537,2.9374422285349944
SARIMA,45,6,6,2025-01-01,2025-04-30,2025-05-01,2025-05-07,2025-05-03,20.4921875,25.16220131446499,-4.6700138144649905,4.6700138144649905,22.789240116336973
SARIMA,45,6,6,2025-01-01,2025-04-30,2025-05-01,2025-05-07,2025-05-04,16.3203125,20.76735871528355,-4.4470462152835495,4.4470462152835495,27.248535928975315
SARIMA,45,6,6,2025-01-01,2025-04-30,2025-05-01,2025-05-07,2025-05-05,14.921875,16.10714012835158,-1.1852651283515812,1.1852651283515812,7.943138032932062
SARIMA,45,6,6,2025-01-01,2025-04-30,2025-05-01,2025-05-07,2025-05-06,10.0546875,15.35059387993471,-5.29590637993471,5.29590637993471,52.671019163297814
SARIMA,45,6,6,2025-01-01,2025-04-30,2025-05-01,2025-05-07,2025-05-07,10.64453125,19.553704890837707,-8.909173640837707,8.909173640837707,83.69719090108084
SARIMA,45,7,7,2025-01-01,2025-05-15,2025-05-16,2025-05-22,2025-05-16,18.07421875,17.46329891539778,0.6109198346022211,0.6109198346022211,3.3800621927419194
SARIMA,45,7,7,2025-01-01,2025-05-15,2025-05-16,2025-05-22,2025-05-17,18.09375,21.710796626411764,-3.6170466264117636,3.6170466264117636,19.990585845453616
SARIMA,45,7,7,2025-01-01,2025-05-15,2025-05-16,2025-05-22,2025-05-18,17.8125,18.76849705715568,-0.9559970571556811,0.9559970571556811,5.367001022628385
SARIMA,45,7,7,2025-01-01,2025-05-15,2025-05-16,2025-05-22,2025-05-19,10.21484375,13.953962390171538,-3.7391186401715384,3.7391186401715384,36.604756094987145
SARIMA,45,7,7,2025-01-01,2025-05-15,2025-05-16,2025-05-22,2025-05-20,12.2578125,12.864730660244138,-0.6069181602441382,0.6069181602441382,4.951276259480542
SARIMA,45,7,7,2025-01-01,2025-05-15,2025-05-16,2025-05-22,2025-05-21,10.76171875,15.732197946448363,-4.970479196448363,4.970479196448363,46.18666694340402
SARIMA,45,7,7,2025-01-01,2025-05-15,2025-05-16,2025-05-22,2025-05-22,12.37109375,16.485288913971697,-4.114195163971697,4.114195163971697,33.256519165669545
SARIMA,45,8,8,2025-01-01,2025-05-30,2025-05-31,2025-06-06,2025-05-31,16.671875,17.416469423174437,-0.744594423174437,0.744594423174437,4.466170860652668
SARIMA,45,8,8,2025-01-01,2025-05-30,2025-05-31,2025-06-06,2025-06-01,17.265625,15.440026782325166,1.825598217674834,1.825598217674834,10.57360053675922
SARIMA,45,8,8,2025-01-01,2025-05-30,2025-05-31,2025-06-06,2025-06-02,11.390625,10.232868841728312,1.1577561582716882,1.1577561582716882,10.164114421040885
SARIMA,45,8,8,2025-01-01,2025-05-30,2025-05-31,2025-06-06,2025-06-03,11.7265625,9.802830793821993,1.9237317061780068,1.9237317061780068,16.404907287860418
SARIMA,45,8,8,2025-01-01,2025-05-30,2025-05-31,2025-06-06,2025-06-04,11.234375,10.392414196022692,0.8419608039773081,0.8419608039773081,7.494505070173535
SARIMA,45,8,8,2025-01-01,2025-05-30,2025-05-31,2025-06-06,2025-06-05,10.44921875,11.216921650539252,-0.7677029005392519,0.7677029005392519,7.346988506095271
SARIMA,45,8,8,2025-01-01,2025-05-30,2025-05-31,2025-06-06,2025-06-06,13.23046875,13.725775578120203,-0.4953068281202029,0.4953068281202029,3.7436831413868306
SARIMA,45,9,9,2025-01-01,2025-06-14,2025-06-15,2025-06-21,2025-06-15,13.140625,15.595352569937042,-2.4547275699370417,2.4547275699370417,18.680447619021482
SARIMA,45,9,9,2025-01-01,2025-06-14,2025-06-15,2025-06-21,2025-06-16,10.5859375,10.458094616786177,0.1278428832138232,0.1278428832138232,1.207667088661946
SARIMA,45,9,9,2025-01-01,2025-06-14,2025-06-15,2025-06-21,2025-06-17,10.41796875,10.045161467412887,0.3728072825871127,0.3728072825871127,3.5785026000112805
SARIMA,45,9,9,2025-01-01,2025-06-14,2025-06-15,2025-06-21,2025-06-18,10.4921875,10.67729932387578,-0.18511182387577918,0.18511182387577918,1.7642824613626011
SARIMA,45,9,9,2025-01-01,2025-06-14,2025-06-15,2025-06-21,2025-06-19,15.37890625,11.395624162905648,3.983282087094352,3.983282087094352,25.900945245012807
SARIMA,45,9,9,2025-01-01,2025-06-14,2025-06-15,2025-06-21,2025-06-20,13.1015625,13.889927258476476,-0.7883647584764759,0.7883647584764759,6.017333875073877
SARIMA,45,9,9,2025-01-01,2025-06-14,2025-06-15,2025-06-21,2025-06-21,13.66796875,17.432497990470736,-3.7645292404707362,3.7645292404707362,27.542711790811904
SARIMA,45,10,10,2025-01-01,2025-06-29,2025-06-30,2025-07-06,2025-06-30,14.37890625,11.165150847235859,3.213755402764141,3.213755402764141,22.35048582199457
SARIMA,45,10,10,2025-01-01,2025-06-29,2025-06-30,2025-07-06,2025-07-01,11.33984375,10.150001071613708,1.1898426783862917,1.1898426783862917,10.492584418425444
SARIMA,45,10,10,2025-01-01,2025-06-29,2025-06-30,2025-07-06,2025-07-02,9.7421875,10.769105880183506,-1.0269183801835062,1.0269183801835062,10.540942475019149
SARIMA,45,10,10,2025-01-01,2025-06-29,2025-06-30,2025-07-06,2025-07-03,13.31640625,12.037275194312585,1.2791310556874151,1.2791310556874151,9.60567762557871
SARIMA,45,10,10,2025-01-01,2025-06-29,2025-06-30,2025-07-06,2025-07-04,13.86328125,13.645698312402729,0.2175829375972711,0.2175829375972711,1.5694908995463905
SARIMA,45,10,10,2025-01-01,2025-06-29,2025-06-30,2025-07-06,2025-07-05,14.7578125,17.054269175933296,-2.296456675933296,2.296456675933296,15.560955771279083
SARIMA,45,10,10,2025-01-01,2025-06-29,2025-06-30,2025-07-06,2025-07-06,9.4765625,15.551430356681506,-6.0748678566815055,6.0748678566815055,64.1041290729788
SARIMA,45,11,11,2025-01-01,2025-07-14,2025-07-15,2025-07-21,2025-07-15,11.79296875,9.30575775604677,2.48721099395323,2.48721099395323,21.09062651381341
SARIMA,45,11,11,2025-01-01,2025-07-14,2025-07-15,2025-07-21,2025-07-16,11.625,9.916687516111184,1.7083124838888164,1.7083124838888164,14.695161151731753
SARIMA,45,11,11,2025-01-01,2025-07-14,2025-07-15,2025-07-21,2025-07-17,11.20703125,11.286166459661946,-0.07913520966194554,0.07913520966194554,0.7061210761051955
SARIMA,45,11,11,2025-01-01,2025-07-14,2025-07-15,2025-07-21,2025-07-18,12.76953125,12.77545514454781,-0.005923894547809283,0.005923894547809283,0.04639085360168787
SARIMA,45,11,11,2025-01-01,2025-07-14,2025-07-15,2025-07-21,2025-07-19,16.83984375,15.832491784776197,1.007351965223803,1.007351965223803,5.981955534615949
SARIMA,45,11,11,2025-01-01,2025-07-14,2025-07-15,2025-07-21,2025-07-20,15.55859375,14.133739420369647,1.424854329630353,1.424854329630353,9.157989163579472
SARIMA,45,11,11,2025-01-01,2025-07-14,2025-07-15,2025-07-21,2025-07-21,10.421875,10.011458545637137,0.41041645436286345,0.41041645436286345,3.9380289474097845
SARIMA,45,12,12,2025-01-01,2025-07-29,2025-07-30,2025-08-05,2025-07-30,11.828125,11.234323907463478,0.5938010925365216,0.5938010925365216,5.020247017481821
SARIMA,45,12,12,2025-01-01,2025-07-29,2025-07-30,2025-08-05,2025-07-31,12.734375,11.981576845660385,0.7527981543396152,0.7527981543396152,5.911543788679187
SARIMA,45,12,12,2025-01-01,2025-07-29,2025-07-30,2025-08-05,2025-08-01,14.0546875,13.611249266605066,0.44343823339493404,0.44343823339493404,3.1550913771290467
SARIMA,45,12,12,2025-01-01,2025-07-29,2025-07-30,2025-08-05,2025-08-02,18.59375,17.118728049929185,1.4750219500708148,1.4750219500708148,7.932891160044718
SARIMA,45,12,12,2025-01-01,2025-07-29,2025-07-30,2025-08-05,2025-08-03,15.4609375,15.226477393588603,0.23446010641139736,0.23446010641139736,1.5164675907356677
SARIMA,45,12,12,2025-01-01,2025-07-29,2025-07-30,2025-08-05,2025-08-04,13.875,10.912662211747591,2.962337788252409,2.962337788252409,21.35018225767502
SARIMA,45,12,12,2025-01-01,2025-07-29,2025-07-30,2025-08-05,2025-08-05,12.921875,10.672671447280287,2.249203552719713,2.249203552719713,17.406170178242036
SARIMA,45,13,13,2025-01-01,2025-08-13,2025-08-14,2025-08-20,2025-08-14,11.91796875,12.432710475260157,-0.5147417252601567,0.5147417252601567,4.319039058230093
SARIMA,45,13,13,2025-01-01,2025-08-13,2025-08-14,2025-08-20,2025-08-15,14.9765625,13.83637688104897,1.1401856189510298,1.1401856189510298,7.6131329799547105
SARIMA,45,13,13,2025-01-01,2025-08-13,2025-08-14,2025-08-20,2025-08-16,15.7109375,17.45075972970345,-1.7398222297034494,1.7398222297034494,11.073955514770836
SARIMA,45,13,13,2025-01-01,2025-08-13,2025-08-14,2025-08-20,2025-08-17,17.4296875,15.256436941589591,2.173250558410409,2.173250558410409,12.468671962193293
SARIMA,45,13,13,2025-01-01,2025-08-13,2025-08-14,2025-08-20,2025-08-18,13.48046875,11.672090045556871,1.808378704443129,1.808378704443129,13.41480580519968
SARIMA,45,13,13,2025-01-01,2025-08-13,2025-08-14,2025-08-20,2025-08-19,13.83984375,11.257204223468772,2.582639526531228,2.582639526531228,18.6609008973185
SARIMA,45,13,13,2025-01-01,2025-08-13,2025-08-14,2025-08-20,2025-08-20,13.26953125,11.648120688124449,1.6214105618755514,1.6214105618755514,12.219049274069507
SARIMA,45,14,14,2025-01-01,2025-08-28,2025-08-29,2025-09-04,2025-08-29,16.3984375,16.792151554550987,-0.39371405455098696,0.39371405455098696,2.400924201168477
SARIMA,45,14,14,2025-01-01,2025-08-28,2025-08-29,2025-09-04,2025-08-30,20.38671875,20.750892750101144,-0.3641740001011442,0.3641740001011442,1.786329642189939
SARIMA,45,14,14,2025-01-01,2025-08-28,2025-08-29,2025-09-04,2025-08-31,19.58203125,19.063487248628352,0.518544001371648,0.518544001371648,2.6480603301644106
SARIMA,45,14,14,2025-01-01,2025-08-28,2025-08-29,2025-09-04,2025-09-01,23.41015625,14.549914595697336,8.860241654302664,8.860241654302664,37.84785355417124
SARIMA,45,14,14,2025-01-01,2025-08-28,2025-08-29,2025-09-04,2025-09-02,11.5625,14.144134374546628,-2.5816343745466277,2.5816343745466277,22.327648644727592
SARIMA,45,14,14,2025-01-01,2025-08-28,2025-08-29,2025-09-04,2025-09-03,13.06640625,14.64383653699914,-1.5774302869991406,1.5774302869991406,12.072411165075634
SARIMA,45,14,14,2025-01-01,2025-08-28,2025-08-29,2025-09-04,2025-09-04,11.08984375,15.414455455647172,-4.324611705647172,4.324611705647172,38.996146412316875
SARIMA,45,15,15,2025-01-01,2025-09-12,2025-09-13,2025-09-19,2025-09-13,18.23046875,18.258889712829813,-0.02842096282981288,0.02842096282981288,0.15589814622738585
SARIMA,45,15,15,2025-01-01,2025-09-12,2025-09-13,2025-09-19,2025-09-14,15.44140625,16.8106383461018,-1.3692320961018005,1.3692320961018005,8.867275906958284
SARIMA,45,15,15,2025-01-01,2025-09-12,2025-09-13,2025-09-19,2025-09-15,10.828125,12.271827304484246,-1.4437023044842459,1.4437023044842459,13.332892855265763
SARIMA,45,15,15,2025-01-01,2025-09-12,2025-09-13,2025-09-19,2025-09-16,11.87890625,11.54307069013734,0.33583555986266056,0.33583555986266056,2.8271589386662646
SARIMA,45,15,15,2025-01-01,2025-09-12,2025-09-13,2025-09-19,2025-09-17,9.30859375,11.892463429799577,-2.5838696797995766,2.5838696797995766,27.7578950074986
SARIMA,45,15,15,2025-01-01,2025-09-12,2025-09-13,2025-09-19,2025-09-18,12.50390625,12.608651889125271,-0.10474563912527124,0.10474563912527124,0.8377033307113226
SARIMA,45,15,15,2025-01-01,2025-09-12,2025-09-13,2025-09-19,2025-09-19,16.0859375,14.73025023744841,1.3556872625515908,1.3556872625515908,8.427778999835049
SARIMA,45,16,16,2025-01-01,2025-09-27,2025-09-28,2025-10-04,2025-09-28,17.06640625,16.31872890274154,0.7476773472584597,0.7476773472584597,4.3809888051766
SARIMA,45,16,16,2025-01-01,2025-09-27,2025-09-28,2025-10-04,2025-09-29,11.71484375,11.45144598965829,0.2633977603417108,0.2633977603417108,2.248410358368722
SARIMA,45,16,16,2025-01-01,2025-09-27,2025-09-28,2025-10-04,2025-09-30,11.19140625,10.768288584469289,0.42311766553071095,0.42311766553071095,3.7807372557019896
SARIMA,45,16,16,2025-01-01,2025-09-27,2025-09-28,2025-10-04,2025-10-01,9.77734375,11.068793782898382,-1.291450032898382,1.291450032898382,13.208598019256323
SARIMA,45,16,16,2025-01-01,2025-09-27,2025-09-28,2025-10-04,2025-10-02,10.85546875,11.891176778743322,-1.035708028743322,1.035708028743322,9.540887202529342
SARIMA,45,16,16,2025-01-01,2025-09-27,2025-09-28,2025-10-04,2025-10-03,14.015625,14.176363154898823,-0.16073815489882293,0.16073815489882293,1.1468497116526941
SARIMA,45,16,16,2025-01-01,2025-09-27,2025-09-28,2025-10-04,2025-10-04,20.60546875,17.829662477540367,2.775806272459633,2.775806272459633,13.47121148340599
SARIMA,45,17,17,2025-01-01,2025-10-12,2025-10-13,2025-10-19,2025-10-13,11.2578125,12.191110168548379,-0.9332976685483789,0.9332976685483789,8.290222177251389
SARIMA,45,17,17,2025-01-01,2025-10-12,2025-10-13,2025-10-19,2025-10-14,11.03515625,11.790101277641307,-0.7549450276413072,0.7549450276413072,6.841271754908837
SARIMA,45,17,17,2025-01-01,2025-10-12,2025-10-13,2025-10-19,2025-10-15,10.23828125,12.152387174530977,-1.9141059245309773,1.9141059245309773,18.695578660050753
SARIMA,45,17,17,2025-01-01,2025-10-12,2025-10-13,2025-10-19,2025-10-16,13.40625,13.035048371949282,0.3712016280507182,0.3712016280507182,2.7688699528258702
SARIMA,45,17,17,2025-01-01,2025-10-12,2025-10-13,2025-10-19,2025-10-17,17.51171875,15.39202108864024,2.1196976613597602,2.1196976613597602,12.104452404820403
SARIMA,45,17,17,2025-01-01,2025-10-12,2025-10-13,2025-10-19,2025-10-18,18.5390625,19.187639650988437,-0.6485771509884373,0.6485771509884373,3.4984355384121355
SARIMA,45,17,17,2025-01-01,2025-10-12,2025-10-13,2025-10-19,2025-10-19,15.17578125,17.348054194294676,-2.1722729442946758,2.1722729442946758,14.314076544129653
SARIMA,45,18,18,2025-01-01,2025-10-27,2025-10-28,2025-11-03,2025-10-28,12.7578125,10.797361113524804,1.9604513864751958,1.9604513864751958,15.366673451857016
SARIMA,45,18,18,2025-01-01,2025-10-27,2025-10-28,2025-11-03,2025-10-29,9.73828125,11.569999735567784,-1.8317184855677837,1.8317184855677837,18.809463790828424
SARIMA,45,18,18,2025-01-01,2025-10-27,2025-10-28,2025-11-03,2025-10-30,9.109375,12.608956880095764,-3.4995818800957643,3.4995818800957643,38.41736540756928
SARIMA,45,18,18,2025-01-01,2025-10-27,2025-10-28,2025-11-03,2025-10-31,13.49609375,15.00774096533126,-1.5116472153312603,1.5116472153312603,11.200627702599208
SARIMA,45,18,18,2025-01-01,2025-10-27,2025-10-28,2025-11-03,2025-11-01,21.05078125,18.736222637127938,2.3145586128720623,2.3145586128720623,10.995119779091631
SARIMA,45,18,18,2025-01-01,2025-10-27,2025-10-28,2025-11-03,2025-11-02,19.015625,16.888447731913963,2.1271772680860366,2.1271772680860366,11.18647043200545
SARIMA,45,18,18,2025-01-01,2025-10-27,2025-10-28,2025-11-03,2025-11-03,12.2890625,11.981398060067555,0.3076644399324451,0.3076644399324451,2.503563147574887
SARIMA,45,19,19,2025-01-01,2025-11-05,2025-11-06,2025-11-12,2025-11-06,12.0625,12.41756351672853,-0.35506351672852965,0.35506351672852965,2.943531744899728
SARIMA,45,19,19,2025-01-01,2025-11-05,2025-11-06,2025-11-12,2025-11-07,13.328125,15.166541711964356,-1.8384167119643564,1.8384167119643564,13.793513430916624
SARIMA,45,19,19,2025-01-01,2025-11-05,2025-11-06,2025-11-12,2025-11-08,19.1171875,19.193666905484164,-0.07647940548416443,0.07647940548416443,0.4000557377185553
SARIMA,45,19,19,2025-01-01,2025-11-05,2025-11-06,2025-11-12,2025-11-09,17.85546875,17.391997350564715,0.46347139943528504,0.46347139943528504,2.595683182135921
SARIMA,45,19,19,2025-01-01,2025-11-05,2025-11-06,2025-11-12,2025-11-10,11.03515625,12.391351032424499,-1.3561947824244989,1.3561947824244989,12.289765107988378
SARIMA,45,19,19,2025-01-01,2025-11-05,2025-11-06,2025-11-12,2025-11-11,10.47265625,12.115483214092556,-1.6428269640925564,1.6428269640925564,15.686822186038585
SARIMA,45,19,19,2025-01-01,2025-11-05,2025-11-06,2025-11-12,2025-11-12,9.6953125,11.985518717968503,-2.290206217968503,2.290206217968503,23.621788549554264
Prophet,45,1,1,2025-01-01,2025-02-14,2025-02-15,2025-02-21,2025-02-15,13.20703125,18.02841506506872,-4.821383815068721,4.821383815068721,36.50618919425
Prophet,45,1,1,2025-01-01,2025-02-14,2025-02-15,2025-02-21,2025-02-16,13.00390625,15.525231212848784,-2.5213249628487837,2.5213249628487837,19.38898139048629
Prophet,45,1,1,2025-01-01,2025-02-14,2025-02-15,2025-02-21,2025-02-17,9.2421875,11.713446941603403,-2.4712594416034026,2.4712594416034026,26.738901819546534
Prophet,45,1,1,2025-01-01,2025-02-14,2025-02-15,2025-02-21,2025-02-18,9.37890625,10.125866126525805,-0.7469598765258052,0.7469598765258052,7.964253577284721
Prophet,45,1,1,2025-01-01,2025-02-14,2025-02-15,2025-02-21,2025-02-19,9.0703125,11.178315133059487,-2.1080026330594865,2.1080026330594865,23.24068363752061
Prophet,45,1,1,2025-01-01,2025-02-14,2025-02-15,2025-02-21,2025-02-20,10.89453125,10.781344740997207,0.11318650900279259,0.11318650900279259,1.0389295914203982
Prophet,45,1,1,2025-01-01,2025-02-14,2025-02-15,2025-02-21,2025-02-21,10.4609375,14.594234768232864,-4.133297268232864,4.133297268232864,39.51172892709534
Prophet,45,2,2,2025-01-01,2025-03-01,2025-03-02,2025-03-08,2025-03-02,12.4921875,15.272844387128805,-2.7806568871288047,2.7806568871288047,22.25916707645322
Prophet,45,2,2,2025-01-01,2025-03-01,2025-03-02,2025-03-08,2025-03-03,8.95703125,10.755912157103866,-1.7988809071038663,1.7988809071038663,20.08345016217138
Prophet,45,2,2,2025-01-01,2025-03-01,2025-03-02,2025-03-08,2025-03-04,11.60546875,9.876064790611089,1.729403959388911,1.729403959388911,14.901629538995664
Prophet,45,2,2,2025-01-01,2025-03-01,2025-03-02,2025-03-08,2025-03-05,8.8046875,10.396458845892024,-1.591771345892024,1.591771345892024,18.078680769669838
Prophet,45,2,2,2025-01-01,2025-03-01,2025-03-02,2025-03-08,2025-03-06,7.66015625,10.557691471287786,-2.897535221287786,2.897535221287786,37.826058982645236
Prophet,45,2,2,2025-01-01,2025-03-01,2025-03-02,2025-03-08,2025-03-07,12.19140625,13.64406126687582,-1.4526550168758199,1.4526550168758199,11.915401612310474
Prophet,45,2,2,2025-01-01,2025-03-01,2025-03-02,2025-03-08,2025-03-08,17.12109375,16.711949139333882,0.40914461066611807,0.40914461066611807,2.3897107079745887
Prophet,45,3,3,2025-01-01,2025-03-16,2025-03-17,2025-03-23,2025-03-17,11.1328125,10.837001663477,0.29581083652299967,0.29581083652299967,2.657107864908348
Prophet,45,3,3,2025-01-01,2025-03-16,2025-03-17,2025-03-23,2025-03-18,15.32421875,10.675183511618068,4.6490352383819324,4.6490352383819324,30.33782872867129
Prophet,45,3,3,2025-01-01,2025-03-16,2025-03-17,2025-03-23,2025-03-19,11.4296875,10.831682556314723,0.598004943685277,0.598004943685277,5.232032316590257
Prophet,45,3,3,2025-01-01,2025-03-16,2025-03-17,2025-03-23,2025-03-20,11.41796875,10.951018816934802,0.46694993306519805,0.46694993306519805,4.089605982370534
Prophet,45,3,3,2025-01-01,2025-03-16,2025-03-17,2025-03-23,2025-03-21,17.328125,14.555763947564438,2.7723610524355617,2.7723610524355617,15.999198138491971
Prophet,45,3,3,2025-01-01,2025-03-16,2025-03-17,2025-03-23,2025-03-22,19.71875,17.649237502209488,2.0695124977905124,2.0695124977905124,10.49515054347011
Prophet,45,3,3,2025-01-01,2025-03-16,2025-03-17,2025-03-23,2025-03-23,18.00390625,16.11294946936194,1.89095678063806,1.89095678063806,10.50303614327063
Prophet,45,4,4,2025-01-01,2025-03-31,2025-04-01,2025-04-07,2025-04-01,11.05859375,12.57576409239298,-1.5171703423929799,1.5171703423929799,13.719378581865167
Prophet,45,4,4,2025-01-01,2025-03-31,2025-04-01,2025-04-07,2025-04-02,12.88671875,12.374666527270339,0.5120522227296611,0.5120522227296611,3.973487996932199
Prophet,45,4,4,2025-01-01,2025-03-31,2025-04-01,2025-04-07,2025-04-03,15.1796875,12.616930015817212,2.5627574841827876,2.5627574841827876,16.882807924621552
Prophet,45,4,4,2025-01-01,2025-03-31,2025-04-01,2025-04-07,2025-04-04,15.9609375,16.631506231661152,-0.6705687316611524,0.6705687316611524,4.201311681479565
Prophet,45,4,4,2025-01-01,2025-03-31,2025-04-01,2025-04-07,2025-04-05,22.37890625,20.30099671344663,2.0779095365533706,2.0779095365533706,9.285125525530859
Prophet,45,4,4,2025-01-01,2025-03-31,2025-04-01,2025-04-07,2025-04-06,18.0703125,18.4734795033245,-0.4031670033245014,0.4031670033245014,2.231101445116134
Prophet,45,4,4,2025-01-01,2025-03-31,2025-04-01,2025-04-07,2025-04-07,10.953125,12.125847637587498,-1.1727226375874977,1.1727226375874977,10.706740200513531
Prophet,45,5,5,2025-01-01,2025-04-15,2025-04-16,2025-04-22,2025-04-16,13.640625,13.54711815587168,0.09350684412832067,0.09350684412832067,0.685502637366841
Prophet,45,5,5,2025-01-01,2025-04-15,2025-04-16,2025-04-22,2025-04-17,15.99609375,13.893775324225235,2.102318425774765,2.102318425774765,13.142698827798288
Prophet,45,5,5,2025-01-01,2025-04-15,2025-04-16,2025-04-22,2025-04-18,20.17578125,18.100617528539455,2.0751637214605445,2.0751637214605445,10.285419413241033
Prophet,45,5,5,2025-01-01,2025-04-15,2025-04-16,2025-04-22,2025-04-19,22.23046875,22.735555165469503,-0.5050864154695027,0.5050864154695027,2.2720457276435195
Prophet,45,5,5,2025-01-01,2025-04-15,2025-04-16,2025-04-22,2025-04-20,11.9765625,20.83893145202297,-8.862368952022969,8.862368952022969,73.99760116496672
Prophet,45,5,5,2025-01-01,2025-04-15,2025-04-16,2025-04-22,2025-04-21,13.4609375,13.368756476524048,0.09218102347595192,0.09218102347595192,0.6848038888521094
Prophet,45,5,5,2025-01-01,2025-04-15,2025-04-16,2025-04-22,2025-04-22,11.8984375,13.678619776980524,-1.7801822769805238,1.7801822769805238,14.961479412574331
Prophet,45,6,6,2025-01-01,2025-04-30,2025-05-01,2025-05-07,2025-05-01,21.9921875,14.967210166072931,7.024977333927069,7.024977333927069,31.943058569899286
Prophet,45,6,6,2025-01-01,2025-04-30,2025-05-01,2025-05-07,2025-05-02,20.91796875,19.02435794332863,1.8936108066713686,1.8936108066713686,9.052555863825777
Prophet,45,6,6,2025-01-01,2025-04-30,2025-05-01,2025-05-07,2025-05-03,20.4921875,23.800992330100307,-3.308804830100307,3.308804830100307,16.146664820924105
Prophet,45,6,6,2025-01-01,2025-04-30,2025-05-01,2025-05-07,2025-05-04,16.3203125,21.06690288280528,-4.74659038280528,4.74659038280528,29.08394298703092
Prophet,45,6,6,2025-01-01,2025-04-30,2025-05-01,2025-05-07,2025-05-05,14.921875,14.175884680608135,0.7459903193918649,0.7459903193918649,4.999306852469043
Prophet,45,6,6,2025-01-01,2025-04-30,2025-05-01,2025-05-07,2025-05-06,10.0546875,14.402157527965763,-4.3474700279657625,4.3474700279657625,43.23824114837744
Prophet,45,6,6,2025-01-01,2025-04-30,2025-05-01,2025-05-07,2025-05-07,10.64453125,16.181609879071242,-5.537078629071242,5.537078629071242,52.01805978136653
Prophet,45,7,7,2025-01-01,2025-05-15,2025-05-16,2025-05-22,2025-05-16,18.07421875,18.941137367484746,-0.8669186174847461,0.8669186174847461,4.796437563779879
Prophet,45,7,7,2025-01-01,2025-05-15,2025-05-16,2025-05-22,2025-05-17,18.09375,23.54762184121766,-5.453871841217659,5.453871841217659,30.14229687719604
Prophet,45,7,7,2025-01-01,2025-05-15,2025-05-16,2025-05-22,2025-05-18,17.8125,20.84204500268141,-3.0295450026814095,3.0295450026814095,17.00797194487809
Prophet,45,7,7,2025-01-01,2025-05-15,2025-05-16,2025-05-22,2025-05-19,10.21484375,14.297523506958491,-4.082679756958491,4.082679756958491,39.96810775454584
Prophet,45,7,7,2025-01-01,2025-05-15,2025-05-16,2025-05-22,2025-05-20,12.2578125,13.89043961392529,-1.63262711392529,1.63262711392529,13.319073969562595
Prophet,45,7,7,2025-01-01,2025-05-15,2025-05-16,2025-05-22,2025-05-21,10.76171875,15.394369221208759,-4.632650471208759,4.632650471208759,43.047496211595
Prophet,45,7,7,2025-01-01,2025-05-15,2025-05-16,2025-05-22,2025-05-22,12.37109375,15.98699263746539,-3.6158988874653897,3.6158988874653897,29.228611152230492
Prophet,45,8,8,2025-01-01,2025-05-30,2025-05-31,2025-06-06,2025-05-31,16.671875,20.797727575676785,-4.1258525756767845,4.1258525756767845,24.747381897217828
Prophet,45,8,8,2025-01-01,2025-05-30,2025-05-31,2025-06-06,2025-06-01,17.265625,18.54015843822775,-1.2745334382277491,1.2745334382277491,7.381913126386963
Prophet,45,8,8,2025-01-01,2025-05-30,2025-05-31,2025-06-06,2025-06-02,11.390625,12.769665030471376,-1.3790400304713764,1.3790400304713764,12.106798621422234
Prophet,45,8,8,2025-01-01,2025-05-30,2025-05-31,2025-06-06,2025-06-03,11.7265625,12.363105677785153,-0.6365431777851533,0.6365431777851533,5.428216306229156
Prophet,45,8,8,2025-01-01,2025-05-30,2025-05-31,2025-06-06,2025-06-04,11.234375,13.220816665781916,-1.986441665781916,1.986441665781916,17.681817331021225
Prophet,45,8,8,2025-01-01,2025-05-30,2025-05-31,2025-06-06,2025-06-05,10.44921875,14.032646495271178,-3.5834277452711785,3.5834277452711785,34.29373842203445
Prophet,45,8,8,2025-01-01,2025-05-30,2025-05-31,2025-06-06,2025-06-06,13.23046875,16.718885138401355,-3.4884163884013546,3.4884163884013546,26.366536623287473
Prophet,45,9,9,2025-01-01,2025-06-14,2025-06-15,2025-06-21,2025-06-15,13.140625,16.053813861489566,-2.913188861489566,2.913188861489566,22.169332596353414
Prophet,45,9,9,2025-01-01,2025-06-14,2025-06-15,2025-06-21,2025-06-16,10.5859375,11.022330177795306,-0.4363926777953058,0.4363926777953058,4.12238101533573
Prophet,45,9,9,2025-01-01,2025-06-14,2025-06-15,2025-06-21,2025-06-17,10.41796875,10.634973204232757,-0.21700445423275738,0.21700445423275738,2.082982387835991
Prophet,45,9,9,2025-01-01,2025-06-14,2025-06-15,2025-06-21,2025-06-18,10.4921875,11.367605759145148,-0.8754182591451478,0.8754182591451478,8.34352473347572
Prophet,45,9,9,2025-01-01,2025-06-14,2025-06-15,2025-06-21,2025-06-19,15.37890625,11.89530346043138,3.4836027895686197,3.4836027895686197,22.651824082539157
Prophet,45,9,9,2025-01-01,2025-06-14,2025-06-15,2025-06-21,2025-06-20,13.1015625,14.137858882562181,-1.0362963825621812,1.0362963825621812,7.909715979007704
Prophet,45,9,9,2025-01-01,2025-06-14,2025-06-15,2025-06-21,2025-06-21,13.66796875,17.478543939797007,-3.8105751897970066,3.8105751897970066,27.87960127430791
Prophet,45,10,10,2025-01-01,2025-06-29,2025-06-30,2025-07-06,2025-06-30,14.37890625,10.376431683652816,4.002474566347184,4.002474566347184,27.835737272069522
Prophet,45,10,10,2025-01-01,2025-06-29,2025-06-30,2025-07-06,2025-07-01,11.33984375,10.017187385253765,1.3226563647462353,1.3226563647462353,11.663797084913408
Prophet,45,10,10,2025-01-01,2025-06-29,2025-06-30,2025-07-06,2025-07-02,9.7421875,10.675804506683683,-0.9336170066836829,0.9336170066836829,9.583237919447587
Prophet,45,10,10,2025-01-01,2025-06-29,2025-06-30,2025-07-06,2025-07-03,13.31640625,11.261339457944446,2.0550667920555536,2.0550667920555536,15.43259309962516
Prophet,45,10,10,2025-01-01,2025-06-29,2025-06-30,2025-07-06,2025-07-04,13.86328125,13.237994336734385,0.6252869132656151,0.6252869132656151,4.510381791941321
Prophet,45,10,10,2025-01-01,2025-06-29,2025-06-30,2025-07-06,2025-07-05,14.7578125,16.2356751490705,-1.4778626490704987,1.4778626490704987,10.014103709953618
Prophet,45,10,10,2025-01-01,2025-06-29,2025-06-30,2025-07-06,2025-07-06,9.4765625,14.665358324506826,-5.188795824506826,5.188795824506826,54.75398726602422
Prophet,45,11,11,2025-01-01,2025-07-14,2025-07-15,2025-07-21,2025-07-15,11.79296875,9.498608810481349,2.2943599395186514,2.2943599395186514,19.455321116819302
Prophet,45,11,11,2025-01-01,2025-07-14,2025-07-15,2025-07-21,2025-07-16,11.625,10.102505805643837,1.5224941943561632,1.5224941943561632,13.096724252526135
Prophet,45,11,11,2025-01-01,2025-07-14,2025-07-15,2025-07-21,2025-07-17,11.20703125,10.692506401651665,0.5145248483483353,0.5145248483483353,4.591089619281068
Prophet,45,11,11,2025-01-01,2025-07-14,2025-07-15,2025-07-21,2025-07-18,12.76953125,12.490608471215186,0.2789227787848141,0.2789227787848141,2.184283614833662
Prophet,45,11,11,2025-01-01,2025-07-14,2025-07-15,2025-07-21,2025-07-19,16.83984375,15.348779366508975,1.4910643834910253,1.4910643834910253,8.854383720104442
Prophet,45,11,11,2025-01-01,2025-07-14,2025-07-15,2025-07-21,2025-07-20,15.55859375,13.679159833057742,1.8794339169422578,1.8794339169422578,12.079715860839016
Prophet,45,11,11,2025-01-01,2025-07-14,2025-07-15,2025-07-21,2025-07-21,10.421875,9.591590006067115,0.8302849939328851,0.8302849939328851,7.9667525654729605
Prophet,45,12,12,2025-01-01,2025-07-29,2025-07-30,2025-08-05,2025-07-30,11.828125,10.217034429519398,1.6110905704806022,1.6110905704806022,13.620844981606147
Prophet,45,12,12,2025-01-01,2025-07-29,2025-07-30,2025-08-05,2025-07-31,12.734375,10.726679103240327,2.0076958967596727,2.0076958967596727,15.765955508296816
Prophet,45,12,12,2025-01-01,2025-07-29,2025-07-30,2025-08-05,2025-08-01,14.0546875,12.518892112955342,1.535795387044658,1.535795387044658,10.927282353625136
Prophet,45,12,12,2025-01-01,2025-07-29,2025-07-30,2025-08-05,2025-08-02,18.59375,15.464745920657474,3.1290040793425256,3.1290040793425256,16.82825723343879
Prophet,45,12,12,2025-01-01,2025-07-29,2025-07-30,2025-08-05,2025-08-03,15.4609375,13.793792699088861,1.6671448009111387,1.6671448009111387,10.782947676433844
Prophet,45,12,12,2025-01-01,2025-07-29,2025-07-30,2025-08-05,2025-08-04,13.875,9.726258401061411,4.148741598938589,4.148741598938589,29.90084035271055
Prophet,45,12,12,2025-01-01,2025-07-29,2025-07-30,2025-08-05,2025-08-05,12.921875,9.440675960159705,3.4811990398402948,3.4811990398402948,26.94035532645452
Prophet,45,13,13,2025-01-01,2025-08-13,2025-08-14,2025-08-20,2025-08-14,11.91796875,11.11427278073227,0.8036959692677303,0.8036959692677303,6.743564999427695
Prophet,45,13,13,2025-01-01,2025-08-13,2025-08-14,2025-08-20,2025-08-15,14.9765625,12.929643366542868,2.0469191334571324,2.0469191334571324,13.667482998566141
Prophet,45,13,13,2025-01-01,2025-08-13,2025-08-14,2025-08-20,2025-08-16,15.7109375,15.993650296306736,-0.2827127963067362,0.2827127963067362,1.7994648397445165
Prophet,45,13,13,2025-01-01,2025-08-13,2025-08-14,2025-08-20,2025-08-17,17.4296875,14.189288949719872,3.240398550280128,3.240398550280128,18.591260171934394
Prophet,45,13,13,2025-01-01,2025-08-13,2025-08-14,2025-08-20,2025-08-18,13.48046875,10.189854229608413,3.2906145203915873,3.2906145203915873,24.410238111279234
Prophet,45,13,13,2025-01-01,2025-08-13,2025-08-14,2025-08-20,2025-08-19,13.83984375,9.856751750416025,3.9830919995839746,3.9830919995839746,28.77989138847015
Prophet,45,13,13,2025-01-01,2025-08-13,2025-08-14,2025-08-20,2025-08-20,13.26953125,10.405887832099191,2.863643417900809,2.863643417900809,21.58059213961163
Prophet,45,14,14,2025-01-01,2025-08-28,2025-08-29,2025-09-04,2025-08-29,16.3984375,14.48204901082486,1.9163884891751408,1.9163884891751408,11.68640908120143
Prophet,45,14,14,2025-01-01,2025-08-28,2025-08-29,2025-09-04,2025-08-30,20.38671875,18.05725940521224,2.329459344787761,2.329459344787761,11.426357391562881
Prophet,45,14,14,2025-01-01,2025-08-28,2025-08-29,2025-09-04,2025-08-31,19.58203125,16.208073389059866,3.373957860940134,3.373957860940134,17.229866594866834
Prophet,45,14,14,2025-01-01,2025-08-28,2025-08-29,2025-09-04,2025-09-01,23.41015625,11.636065748198806,11.774090501801194,11.774090501801194,50.29479673721185
Prophet,45,14,14,2025-01-01,2025-08-28,2025-08-29,2025-09-04,2025-09-02,11.5625,11.203477931061741,0.35902206893825905,0.35902206893825905,3.105055731357916
Prophet,45,14,14,2025-01-01,2025-08-28,2025-08-29,2025-09-04,2025-09-03,13.06640625,11.754838360878638,1.3115678891213616,1.3115678891213616,10.037709405532693
Prophet,45,14,14,2025-01-01,2025-08-28,2025-08-29,2025-09-04,2025-09-04,11.08984375,12.407605844930096,-1.3177620949300959,1.3177620949300959,11.882602898982196
Prophet,45,15,15,2025-01-01,2025-09-12,2025-09-13,2025-09-19,2025-09-13,18.23046875,18.742201915146985,-0.5117331651469854,0.5117331651469854,2.807021432989678
Prophet,45,15,15,2025-01-01,2025-09-12,2025-09-13,2025-09-19,2025-09-14,15.44140625,16.93400701002947,-1.4926007600294717,1.4926007600294717,9.666222984253599
Prophet,45,15,15,2025-01-01,2025-09-12,2025-09-13,2025-09-19,2025-09-15,10.828125,12.265920029498519,-1.4377950294985187,1.4377950294985187,13.278337934762655
Prophet,45,15,15,2025-01-01,2025-09-12,2025-09-13,2025-09-19,2025-09-16,11.87890625,11.597555273244101,0.28135097675589904,0.28135097675589904,2.3684922739069436
Prophet,45,15,15,2025-01-01,2025-09-12,2025-09-13,2025-09-19,2025-09-17,9.30859375,12.102940432065719,-2.7943466820657186,2.7943466820657186,30.018999186270413
Prophet,45,15,15,2025-01-01,2025-09-12,2025-09-13,2025-09-19,2025-09-18,12.50390625,12.792200501792818,-0.2882942517928182,0.2882942517928182,2.3056335038725853
Prophet,45,15,15,2025-01-01,2025-09-12,2025-09-13,2025-09-19,2025-09-19,16.0859375,14.957675547798678,1.1282619522013224,1.1282619522013224,7.013964540153923
Prophet,45,16,16,2025-01-01,2025-09-27,2025-09-28,2025-10-04,2025-09-28,17.06640625,16.608895908583037,0.45751034141696323,0.45751034141696323,2.680765561976255
Prophet,45,16,16,2025-01-01,2025-09-27,2025-09-28,2025-10-04,2025-09-29,11.71484375,11.927818136973794,-0.21297438697379434,0.21297438697379434,1.8179874313201518
Prophet,45,16,16,2025-01-01,2025-09-27,2025-09-28,2025-10-04,2025-09-30,11.19140625,11.3224455941308,-0.13103934413079976,0.13103934413079976,1.1708925688476348
Prophet,45,16,16,2025-01-01,2025-09-27,2025-09-28,2025-10-04,2025-10-01,9.77734375,11.714828489990673,-1.9374847399906727,1.9374847399906727,19.816064460152305
Prophet,45,16,16,2025-01-01,2025-09-27,2025-09-28,2025-10-04,2025-10-02,10.85546875,12.443940976865527,-1.5884722268655267,1.5884722268655267,14.63292155730748
Prophet,45,16,16,2025-01-01,2025-09-27,2025-09-28,2025-10-04,2025-10-03,14.015625,14.686389000660975,-0.6707640006609754,0.6707640006609754,4.7858301050504375
Prophet,45,16,16,2025-01-01,2025-09-27,2025-09-28,2025-10-04,2025-10-04,20.60546875,18.37550678047601,2.229961969523991,2.229961969523991,10.822185103282308
Prophet,45,17,17,2025-01-01,2025-10-12,2025-10-13,2025-10-19,2025-10-13,11.2578125,12.10474458394167,-0.8469320839416703,0.8469320839416703,7.523060842785136
Prophet,45,17,17,2025-01-01,2025-10-12,2025-10-13,2025-10-19,2025-10-14,11.03515625,11.5448275444525,-0.5096712944525006,0.5096712944525006,4.618614208135934
Prophet,45,17,17,2025-01-01,2025-10-12,2025-10-13,2025-10-19,2025-10-15,10.23828125,11.885913424887189,-1.647632174887189,1.647632174887189,16.09285909084778
Prophet,45,17,17,2025-01-01,2025-10-12,2025-10-13,2025-10-19,2025-10-16,13.40625,12.635073860710401,0.771176139289599,0.771176139289599,5.752362810551788
Prophet,45,17,17,2025-01-01,2025-10-12,2025-10-13,2025-10-19,2025-10-17,17.51171875,14.952281467786282,2.559437282213718,2.559437282213718,14.615568687189645
Prophet,45,17,17,2025-01-01,2025-10-12,2025-10-13,2025-10-19,2025-10-18,18.5390625,18.819073117859226,-0.2800106178592259,0.2800106178592259,1.5103817566785045
Prophet,45,17,17,2025-01-01,2025-10-12,2025-10-13,2025-10-19,2025-10-19,15.17578125,16.945535221984095,-1.7697539719840947,1.7697539719840947,11.661699274850147
Prophet,45,18,18,2025-01-01,2025-10-27,2025-10-28,2025-11-03,2025-10-28,12.7578125,11.604985394026306,1.152827105973694,1.152827105973694,9.036244308918116
Prophet,45,18,18,2025-01-01,2025-10-27,2025-10-28,2025-11-03,2025-10-29,9.73828125,11.867683894144394,-2.1294026441443936,2.1294026441443936,21.866308740512025
Prophet,45,18,18,2025-01-01,2025-10-27,2025-10-28,2025-11-03,2025-10-30,9.109375,12.675987476419794,-3.5666124764197935,3.5666124764197935,39.15320728831334
Prophet,45,18,18,2025-01-01,2025-10-27,2025-10-28,2025-11-03,2025-10-31,13.49609375,15.057949557071133,-1.561855807071133,1.561855807071133,11.572650842553113
Prophet,45,18,18,2025-01-01,2025-10-27,2025-10-28,2025-11-03,2025-11-01,21.05078125,18.90698507673652,2.1437961732634783,2.1437961732634783,10.183926894701251
Prophet,45,18,18,2025-01-01,2025-10-27,2025-10-28,2025-11-03,2025-11-02,19.015625,17.044982672250253,1.9706423277497471,1.9706423277497471,10.363279291370898
Prophet,45,18,18,2025-01-01,2025-10-27,2025-10-28,2025-11-03,2025-11-03,12.2890625,12.03650720997368,0.2525552900263204,0.2525552900263204,2.0551225126108714
Prophet,45,19,19,2025-01-01,2025-11-05,2025-11-06,2025-11-12,2025-11-06,12.0625,12.56118255216969,-0.49868255216969004,0.49868255216969004,4.134155872909347
Prophet,45,19,19,2025-01-01,2025-11-05,2025-11-06,2025-11-12,2025-11-07,13.328125,14.975413668576458,-1.6472886685764578,1.6472886685764578,12.359492941253611
Prophet,45,19,19,2025-01-01,2025-11-05,2025-11-06,2025-11-12,2025-11-08,19.1171875,18.892558848184386,0.22462865181561398,0.22462865181561398,1.175008885672194
Prophet,45,19,19,2025-01-01,2025-11-05,2025-11-06,2025-11-12,2025-11-09,17.85546875,17.033526006982825,0.8219427430171748,0.8219427430171748,4.6033109212950505
Prophet,45,19,19,2025-01-01,2025-11-05,2025-11-06,2025-11-12,2025-11-10,11.03515625,12.009737846771577,-0.9745815967715767,0.9745815967715767,8.831606682248625
Prophet,45,19,19,2025-01-01,2025-11-05,2025-11-06,2025-11-12,2025-11-11,10.47265625,11.70036872682124,-1.2277124768212406,1.2277124768212406,11.723028499300172
Prophet,45,19,19,2025-01-01,2025-11-05,2025-11-06,2025-11-12,2025-11-12,9.6953125,11.790920852138761,-2.095608352138761,2.095608352138761,21.614655042204788
