model,lookback_days,window_id,split_idx_global,train_start,train_end,test_start,test_end,date,actual,prediction,error,abs_error,ape
XGBoost,45,1,1,2025-01-01,2025-02-14,2025-02-15,2025-03-16,2025-02-15,13.20703125,15.995545387268066,-2.7885141372680664,2.7885141372680664,21.11386037091467
XGBoost,45,1,1,2025-01-01,2025-02-14,2025-02-15,2025-03-16,2025-02-16,13.00390625,15.701764106750488,-2.6978578567504883,2.6978578567504883,20.74651881430234
XGBoost,45,1,1,2025-01-01,2025-02-14,2025-02-15,2025-03-16,2025-02-17,9.2421875,10.970304489135742,-1.7281169891357422,1.7281169891357422,18.698138174926036
XGBoost,45,1,1,2025-01-01,2025-02-14,2025-02-15,2025-03-16,2025-02-18,9.37890625,9.67781925201416,-0.29891300201416016,0.29891300201416016,3.187077405898584
XGBoost,45,1,1,2025-01-01,2025-02-14,2025-02-15,2025-03-16,2025-02-19,9.0703125,10.490588188171387,-1.4202756881713867,1.4202756881713867,15.658508879064383
XGBoost,45,1,1,2025-01-01,2025-02-14,2025-02-15,2025-03-16,2025-02-20,10.89453125,9.578653335571289,1.315877914428711,1.315877914428711,12.07833438844568
XGBoost,45,1,1,2025-01-01,2025-02-14,2025-02-15,2025-03-16,2025-02-21,10.4609375,15.008171081542969,-4.547233581542969,4.547233581542969,43.46870040608663
XGBoost,45,1,1,2025-01-01,2025-02-14,2025-02-15,2025-03-16,2025-02-22,17.296875,17.1986141204834,0.09826087951660156,0.09826087951660156,0.5680845789577688
XGBoost,45,1,1,2025-01-01,2025-02-14,2025-02-15,2025-03-16,2025-02-23,19.20703125,15.953117370605469,3.2539138793945312,3.2539138793945312,16.941264045657924
XGBoost,45,1,1,2025-01-01,2025-02-14,2025-02-15,2025-03-16,2025-02-24,8.99609375,10.459258079528809,-1.4631643295288086,1.4631643295288086,16.26444065824468
XGBoost,45,1,1,2025-01-01,2025-02-14,2025-02-15,2025-03-16,2025-02-25,10.953125,10.032868385314941,0.9202566146850586,0.9202566146850586,8.40177223107614
XGBoost,45,1,1,2025-01-01,2025-02-14,2025-02-15,2025-03-16,2025-02-26,9.31640625,11.10461139678955,-1.7882051467895508,1.7882051467895508,19.19415168042453
XGBoost,45,1,1,2025-01-01,2025-02-14,2025-02-15,2025-03-16,2025-02-27,11.63671875,10.163302421569824,1.4734163284301758,1.4734163284301758,12.661785165428835
XGBoost,45,1,1,2025-01-01,2025-02-14,2025-02-15,2025-03-16,2025-02-28,14.5390625,14.7603178024292,-0.22125530242919922,0.22125530242919922,1.5217989635108813
XGBoost,45,1,1,2025-01-01,2025-02-14,2025-02-15,2025-03-16,2025-03-01,15.1796875,18.937347412109375,-3.757659912109375,3.757659912109375,24.754527470406586
XGBoost,45,1,1,2025-01-01,2025-02-14,2025-02-15,2025-03-16,2025-03-02,12.4921875,15.0951566696167,-2.602969169616699,2.602969169616699,20.836776342147438
XGBoost,45,1,1,2025-01-01,2025-02-14,2025-02-15,2025-03-16,2025-03-03,8.95703125,10.129766464233398,-1.1727352142333984,1.1727352142333984,13.092900778183603
XGBoost,45,1,1,2025-01-01,2025-02-14,2025-02-15,2025-03-16,2025-03-04,11.60546875,10.072509765625,1.532958984375,1.532958984375,13.208936385055537
XGBoost,45,1,1,2025-01-01,2025-02-14,2025-02-15,2025-03-16,2025-03-05,8.8046875,9.469685554504395,-0.6649980545043945,0.6649980545043945,7.552772934921251
XGBoost,45,1,1,2025-01-01,2025-02-14,2025-02-15,2025-03-16,2025-03-06,7.66015625,9.665373802185059,-2.0052175521850586,2.0052175521850586,26.177240864832996
XGBoost,45,1,1,2025-01-01,2025-02-14,2025-02-15,2025-03-16,2025-03-07,12.19140625,13.499878883361816,-1.3084726333618164,1.3084726333618164,10.732745727030599
XGBoost,45,1,1,2025-01-01,2025-02-14,2025-02-15,2025-03-16,2025-03-08,17.12109375,16.83049201965332,0.2906017303466797,0.2906017303466797,1.697331575832763
XGBoost,45,1,1,2025-01-01,2025-02-14,2025-02-15,2025-03-16,2025-03-09,14.265625,16.524627685546875,-2.259002685546875,2.259002685546875,15.835287171412924
XGBoost,45,1,1,2025-01-01,2025-02-14,2025-02-15,2025-03-16,2025-03-10,9.5625,8.981620788574219,0.5808792114257812,0.5808792114257812,6.07455384497549
XGBoost,45,1,1,2025-01-01,2025-02-14,2025-02-15,2025-03-16,2025-03-11,11.87109375,9.368663787841797,2.502429962158203,2.502429962158203,21.080028638121092
XGBoost,45,1,1,2025-01-01,2025-02-14,2025-02-15,2025-03-16,2025-03-12,12.1171875,9.364540100097656,2.7526473999023438,2.7526473999023438,22.716883764506772
XGBoost,45,1,1,2025-01-01,2025-02-14,2025-02-15,2025-03-16,2025-03-13,12.9140625,9.494880676269531,3.4191818237304688,3.4191818237304688,26.476423075468848
XGBoost,45,1,1,2025-01-01,2025-02-14,2025-02-15,2025-03-16,2025-03-14,18.45703125,14.876490592956543,3.580540657043457,3.580540657043457,19.39933139054233
XGBoost,45,1,1,2025-01-01,2025-02-14,2025-02-15,2025-03-16,2025-03-15,18.71484375,16.306472778320312,2.4083709716796875,2.4083709716796875,12.868774133792527
XGBoost,45,1,1,2025-01-01,2025-02-14,2025-02-15,2025-03-16,2025-03-16,20.37109375,15.665424346923828,4.705669403076172,4.705669403076172,23.0997385846117
XGBoost,45,2,2,2025-01-01,2025-03-16,2025-03-17,2025-04-15,2025-03-17,11.1328125,10.810235023498535,0.32257747650146484,0.32257747650146484,2.8975380345394735
XGBoost,45,2,2,2025-01-01,2025-03-16,2025-03-17,2025-04-15,2025-03-18,15.32421875,11.192681312561035,4.131537437438965,4.131537437438965,26.96083568657596
XGBoost,45,2,2,2025-01-01,2025-03-16,2025-03-17,2025-04-15,2025-03-19,11.4296875,10.92602825164795,0.5036592483520508,0.5036592483520508,4.406588092212065
XGBoost,45,2,2,2025-01-01,2025-03-16,2025-03-17,2025-04-15,2025-03-20,11.41796875,10.576384544372559,0.8415842056274414,0.8415842056274414,7.370699850859562
XGBoost,45,2,2,2025-01-01,2025-03-16,2025-03-17,2025-04-15,2025-03-21,17.328125,13.870230674743652,3.4578943252563477,3.4578943252563477,19.955386547917605
XGBoost,45,2,2,2025-01-01,2025-03-16,2025-03-17,2025-04-15,2025-03-22,19.71875,16.368919372558594,3.3498306274414062,3.3498306274414062,16.98804755596276
XGBoost,45,2,2,2025-01-01,2025-03-16,2025-03-17,2025-04-15,2025-03-23,18.00390625,13.681929588317871,4.321976661682129,4.321976661682129,24.005771867880775
XGBoost,45,2,2,2025-01-01,2025-03-16,2025-03-17,2025-04-15,2025-03-24,9.1953125,9.482476234436035,-0.28716373443603516,0.28716373443603516,3.122936109414826
XGBoost,45,2,2,2025-01-01,2025-03-16,2025-03-17,2025-04-15,2025-03-25,12.94140625,10.239615440368652,2.7017908096313477,2.7017908096313477,20.877103750848928
XGBoost,45,2,2,2025-01-01,2025-03-16,2025-03-17,2025-04-15,2025-03-26,13.65234375,9.922187805175781,3.7301559448242188,3.7301559448242188,27.32245842274678
XGBoost,45,2,2,2025-01-01,2025-03-16,2025-03-17,2025-04-15,2025-03-27,14.77734375,10.206323623657227,4.571020126342773,4.571020126342773,30.932623641124767
XGBoost,45,2,2,2025-01-01,2025-03-16,2025-03-17,2025-04-15,2025-03-28,15.93359375,14.371956825256348,1.5616369247436523,1.5616369247436523,9.800908377895931
XGBoost,45,2,2,2025-01-01,2025-03-16,2025-03-17,2025-04-15,2025-03-29,21.890625,17.019309997558594,4.871315002441406,4.871315002441406,22.252973601445397
XGBoost,45,2,2,2025-01-01,2025-03-16,2025-03-17,2025-04-15,2025-03-30,19.109375,15.925039291381836,3.184335708618164,3.184335708618164,16.663735515254498
XGBoost,45,2,2,2025-01-01,2025-03-16,2025-03-17,2025-04-15,2025-03-31,11.83203125,11.061101913452148,0.7709293365478516,0.7709293365478516,6.515612748638164
XGBoost,45,2,2,2025-01-01,2025-03-16,2025-03-17,2025-04-15,2025-04-01,11.05859375,11.415458679199219,-0.35686492919921875,0.35686492919921875,3.2270371555987283
XGBoost,45,2,2,2025-01-01,2025-03-16,2025-03-17,2025-04-15,2025-04-02,12.88671875,11.492344856262207,1.394373893737793,1.394373893737793,10.820239975655502
XGBoost,45,2,2,2025-01-01,2025-03-16,2025-03-17,2025-04-15,2025-04-03,15.1796875,10.57219409942627,4.6074934005737305,4.6074934005737305,30.353018799456382
XGBoost,45,2,2,2025-01-01,2025-03-16,2025-03-17,2025-04-15,2025-04-04,15.9609375,14.485875129699707,1.475062370300293,1.475062370300293,9.241702564779123
XGBoost,45,2,2,2025-01-01,2025-03-16,2025-03-17,2025-04-15,2025-04-05,22.37890625,20.02779769897461,2.3511085510253906,2.3511085510253906,10.50591358112236
XGBoost,45,2,2,2025-01-01,2025-03-16,2025-03-17,2025-04-15,2025-04-06,18.0703125,15.217782974243164,2.852529525756836,2.852529525756836,15.785723272670774
XGBoost,45,2,2,2025-01-01,2025-03-16,2025-03-17,2025-04-15,2025-04-07,10.953125,10.578930854797363,0.3741941452026367,0.3741941452026367,3.4163231516360555
XGBoost,45,2,2,2025-01-01,2025-03-16,2025-03-17,2025-04-15,2025-04-08,12.00390625,11.261642456054688,0.7422637939453125,0.7422637939453125,6.1835187520338435
XGBoost,45,2,2,2025-01-01,2025-03-16,2025-03-17,2025-04-15,2025-04-09,12.2734375,11.282161712646484,0.9912757873535156,0.9912757873535156,8.07659457550923
XGBoost,45,2,2,2025-01-01,2025-03-16,2025-03-17,2025-04-15,2025-04-10,11.3203125,10.691981315612793,0.628331184387207,0.628331184387207,5.550475610873878
XGBoost,45,2,2,2025-01-01,2025-03-16,2025-03-17,2025-04-15,2025-04-11,16.63671875,13.422255516052246,3.214463233947754,3.214463233947754,19.321497719901974
XGBoost,45,2,2,2025-01-01,2025-03-16,2025-03-17,2025-04-15,2025-04-12,23.734375,18.550954818725586,5.183420181274414,5.183420181274414,21.839295036310897
XGBoost,45,2,2,2025-01-01,2025-03-16,2025-03-17,2025-04-15,2025-04-13,25.21484375,17.539567947387695,7.675275802612305,7.675275802612305,30.439513640104572
XGBoost,45,2,2,2025-01-01,2025-03-16,2025-03-17,2025-04-15,2025-04-14,14.3359375,10.48386287689209,3.85207462310791,3.85207462310791,26.870057316502045
XGBoost,45,2,2,2025-01-01,2025-03-16,2025-03-17,2025-04-15,2025-04-15,10.921875,10.866522789001465,0.055352210998535156,0.055352210998535156,0.5068013596432404
XGBoost,45,3,3,2025-01-01,2025-04-15,2025-04-16,2025-05-15,2025-04-16,13.640625,12.450628280639648,1.1899967193603516,1.1899967193603516,8.723916384772338
XGBoost,45,3,3,2025-01-01,2025-04-15,2025-04-16,2025-05-15,2025-04-17,15.99609375,12.671852111816406,3.3242416381835938,3.3242416381835938,20.781583867521366
XGBoost,45,3,3,2025-01-01,2025-04-15,2025-04-16,2025-05-15,2025-04-18,20.17578125,18.142349243164062,2.0334320068359375,2.0334320068359375,10.078578775411422
XGBoost,45,3,3,2025-01-01,2025-04-15,2025-04-16,2025-05-15,2025-04-19,22.23046875,22.64539909362793,-0.4149303436279297,0.4149303436279297,1.8664939021041997
XGBoost,45,3,3,2025-01-01,2025-04-15,2025-04-16,2025-05-15,2025-04-20,11.9765625,21.452165603637695,-9.475603103637695,9.475603103637695,79.11788631869699
XGBoost,45,3,3,2025-01-01,2025-04-15,2025-04-16,2025-05-15,2025-04-21,13.4609375,11.552206993103027,1.9087305068969727,1.9087305068969727,14.179773933999565
XGBoost,45,3,3,2025-01-01,2025-04-15,2025-04-16,2025-05-15,2025-04-22,11.8984375,13.126049995422363,-1.2276124954223633,1.2276124954223633,10.317426094160375
XGBoost,45,3,3,2025-01-01,2025-04-15,2025-04-16,2025-05-15,2025-04-23,16.4921875,13.149898529052734,3.3422889709472656,3.3422889709472656,20.265892386605874
XGBoost,45,3,3,2025-01-01,2025-04-15,2025-04-16,2025-05-15,2025-04-24,15.3671875,12.619832992553711,2.747354507446289,2.747354507446289,17.878056784602187
XGBoost,45,3,3,2025-01-01,2025-04-15,2025-04-16,2025-05-15,2025-04-25,15.66015625,19.48155403137207,-3.8213977813720703,3.8213977813720703,24.402041208063107
XGBoost,45,3,3,2025-01-01,2025-04-15,2025-04-16,2025-05-15,2025-04-26,21.859375,22.464754104614258,-0.6053791046142578,0.6053791046142578,2.7694254964483562
XGBoost,45,3,3,2025-01-01,2025-04-15,2025-04-16,2025-05-15,2025-04-27,20.3125,23.12626838684082,-2.8137683868408203,2.8137683868408203,13.852398212139422
XGBoost,45,3,3,2025-01-01,2025-04-15,2025-04-16,2025-05-15,2025-04-28,14.96875,13.033515930175781,1.9352340698242188,1.9352340698242188,12.928494829723384
XGBoost,45,3,3,2025-01-01,2025-04-15,2025-04-16,2025-05-15,2025-04-29,15.859375,11.311355590820312,4.5480194091796875,4.5480194091796875,28.677166717980295
XGBoost,45,3,3,2025-01-01,2025-04-15,2025-04-16,2025-05-15,2025-04-30,28.22265625,13.04025936126709,15.18239688873291,15.18239688873291,53.79506717668685
XGBoost,45,3,3,2025-01-01,2025-04-15,2025-04-16,2025-05-15,2025-05-01,21.9921875,13.462911605834961,8.529275894165039,8.529275894165039,38.783208328707815
XGBoost,45,3,3,2025-01-01,2025-04-15,2025-04-16,2025-05-15,2025-05-02,20.91796875,19.79860496520996,1.119363784790039,1.119363784790039,5.351206889005603
XGBoost,45,3,3,2025-01-01,2025-04-15,2025-04-16,2025-05-15,2025-05-03,20.4921875,22.344240188598633,-1.8520526885986328,1.8520526885986328,9.03784766071769
XGBoost,45,3,3,2025-01-01,2025-04-15,2025-04-16,2025-05-15,2025-05-04,16.3203125,22.715383529663086,-6.395071029663086,6.395071029663086,39.18473392996051
XGBoost,45,3,3,2025-01-01,2025-04-15,2025-04-16,2025-05-15,2025-05-05,14.921875,13.859231948852539,1.062643051147461,1.062643051147461,7.121377515543194
XGBoost,45,3,3,2025-01-01,2025-04-15,2025-04-16,2025-05-15,2025-05-06,10.0546875,12.069009780883789,-2.014322280883789,2.014322280883789,20.03366371042152
XGBoost,45,3,3,2025-01-01,2025-04-15,2025-04-16,2025-05-15,2025-05-07,10.64453125,11.956901550292969,-1.3123703002929688,1.3123703002929688,12.329056766055047
XGBoost,45,3,3,2025-01-01,2025-04-15,2025-04-16,2025-05-15,2025-05-08,16.6484375,12.942652702331543,3.705784797668457,3.705784797668457,22.259054627009036
XGBoost,45,3,3,2025-01-01,2025-04-15,2025-04-16,2025-05-15,2025-05-09,14.73828125,20.835079193115234,-6.096797943115234,6.096797943115234,41.36708914491121
XGBoost,45,3,3,2025-01-01,2025-04-15,2025-04-16,2025-05-15,2025-05-10,22.3515625,22.559865951538086,-0.20830345153808594,0.20830345153808594,0.9319413420788186
XGBoost,45,3,3,2025-01-01,2025-04-15,2025-04-16,2025-05-15,2025-05-11,21.41015625,22.694631576538086,-1.284475326538086,1.284475326538086,5.999373902458493
XGBoost,45,3,3,2025-01-01,2025-04-15,2025-04-16,2025-05-15,2025-05-12,13.95703125,12.849466323852539,1.107564926147461,1.107564926147461,7.93553375577246
XGBoost,45,3,3,2025-01-01,2025-04-15,2025-04-16,2025-05-15,2025-05-13,11.1953125,11.2092866897583,-0.013974189758300781,0.013974189758300781,0.12482179267707606
XGBoost,45,3,3,2025-01-01,2025-04-15,2025-04-16,2025-05-15,2025-05-14,11.15234375,11.984156608581543,-0.831812858581543,0.831812858581543,7.458637190783712
XGBoost,45,3,3,2025-01-01,2025-04-15,2025-04-16,2025-05-15,2025-05-15,14.74609375,12.174647331237793,2.571446418762207,2.571446418762207,17.438153197433774
XGBoost,45,4,4,2025-01-01,2025-05-15,2025-05-16,2025-06-14,2025-05-16,18.07421875,16.418886184692383,1.6553325653076172,1.6553325653076172,9.158528997595635
XGBoost,45,4,4,2025-01-01,2025-05-15,2025-05-16,2025-06-14,2025-05-17,18.09375,22.11751365661621,-4.023763656616211,4.023763656616211,22.238417445892704
XGBoost,45,4,4,2025-01-01,2025-05-15,2025-05-16,2025-06-14,2025-05-18,17.8125,18.79132080078125,-0.97882080078125,0.97882080078125,5.495134320175438
XGBoost,45,4,4,2025-01-01,2025-05-15,2025-05-16,2025-06-14,2025-05-19,10.21484375,13.903460502624512,-3.6886167526245117,3.6886167526245117,36.110359031429255
XGBoost,45,4,4,2025-01-01,2025-05-15,2025-05-16,2025-06-14,2025-05-20,12.2578125,11.133088111877441,1.1247243881225586,1.1247243881225586,9.175571808775494
XGBoost,45,4,4,2025-01-01,2025-05-15,2025-05-16,2025-06-14,2025-05-21,10.76171875,11.997140884399414,-1.235422134399414,1.235422134399414,11.47978462454628
XGBoost,45,4,4,2025-01-01,2025-05-15,2025-05-16,2025-06-14,2025-05-22,12.37109375,14.431241035461426,-2.060147285461426,2.060147285461426,16.652911432842597
XGBoost,45,4,4,2025-01-01,2025-05-15,2025-05-16,2025-06-14,2025-05-23,11.80078125,15.77221965789795,-3.971438407897949,3.971438407897949,33.65402954061155
XGBoost,45,4,4,2025-01-01,2025-05-15,2025-05-16,2025-06-14,2025-05-24,16.109375,22.868080139160156,-6.758705139160156,6.758705139160156,41.955104646580985
XGBoost,45,4,4,2025-01-01,2025-05-15,2025-05-16,2025-06-14,2025-05-25,15.21484375,20.924283981323242,-5.709440231323242,5.709440231323242,37.525460827182286
XGBoost,45,4,4,2025-01-01,2025-05-15,2025-05-16,2025-06-14,2025-05-26,14.57421875,14.163992881774902,0.41022586822509766,0.41022586822509766,2.8147365924852585
XGBoost,45,4,4,2025-01-01,2025-05-15,2025-05-16,2025-06-14,2025-05-27,10.80859375,12.124670028686523,-1.3160762786865234,1.3160762786865234,12.17620265065956
XGBoost,45,4,4,2025-01-01,2025-05-15,2025-05-16,2025-06-14,2025-05-28,7.69921875,13.057969093322754,-5.358750343322754,5.358750343322754,69.60122211520168
XGBoost,45,4,4,2025-01-01,2025-05-15,2025-05-16,2025-06-14,2025-05-29,12.7890625,14.892403602600098,-2.1033411026000977,2.1033411026000977,16.446405689237174
XGBoost,45,4,4,2025-01-01,2025-05-15,2025-05-16,2025-06-14,2025-05-30,13.609375,16.845230102539062,-3.2358551025390625,3.2358551025390625,23.776662062284732
XGBoost,45,4,4,2025-01-01,2025-05-15,2025-05-16,2025-06-14,2025-05-31,16.671875,21.15535545349121,-4.483480453491211,4.483480453491211,26.892478821315603
XGBoost,45,4,4,2025-01-01,2025-05-15,2025-05-16,2025-06-14,2025-06-01,17.265625,20.904550552368164,-3.638925552368164,3.638925552368164,21.076129896069006
XGBoost,45,4,4,2025-01-01,2025-05-15,2025-05-16,2025-06-14,2025-06-02,11.390625,13.732999801635742,-2.342374801635742,2.342374801635742,20.56405861518347
XGBoost,45,4,4,2025-01-01,2025-05-15,2025-05-16,2025-06-14,2025-06-03,11.7265625,11.685761451721191,0.040801048278808594,0.040801048278808594,0.3479369873209527
XGBoost,45,4,4,2025-01-01,2025-05-15,2025-05-16,2025-06-14,2025-06-04,11.234375,12.472550392150879,-1.238175392150879,1.238175392150879,11.021310861982789
XGBoost,45,4,4,2025-01-01,2025-05-15,2025-05-16,2025-06-14,2025-06-05,10.44921875,13.494580268859863,-3.0453615188598633,3.0453615188598633,29.144394348714954
XGBoost,45,4,4,2025-01-01,2025-05-15,2025-05-16,2025-06-14,2025-06-06,13.23046875,16.422008514404297,-3.191539764404297,3.191539764404297,24.12265071412755
XGBoost,45,4,4,2025-01-01,2025-05-15,2025-05-16,2025-06-14,2025-06-07,17.609375,22.421424865722656,-4.812049865722656,4.812049865722656,27.32663632708518
XGBoost,45,4,4,2025-01-01,2025-05-15,2025-05-16,2025-06-14,2025-06-08,15.859375,21.909116744995117,-6.049741744995117,6.049741744995117,38.14615484528941
XGBoost,45,4,4,2025-01-01,2025-05-15,2025-05-16,2025-06-14,2025-06-09,11.43359375,14.177505493164062,-2.7439117431640625,2.7439117431640625,23.998681457123332
XGBoost,45,4,4,2025-01-01,2025-05-15,2025-05-16,2025-06-14,2025-06-10,9.70703125,11.616853713989258,-1.9098224639892578,1.9098224639892578,19.674629810110662
XGBoost,45,4,4,2025-01-01,2025-05-15,2025-05-16,2025-06-14,2025-06-11,11.69921875,12.121232986450195,-0.4220142364501953,0.4220142364501953,3.6072001512938234
XGBoost,45,4,4,2025-01-01,2025-05-15,2025-05-16,2025-06-14,2025-06-12,11.1328125,13.579864501953125,-2.447052001953125,2.447052001953125,21.980537280701753
XGBoost,45,4,4,2025-01-01,2025-05-15,2025-05-16,2025-06-14,2025-06-13,12.66796875,16.361454010009766,-3.6934852600097656,3.6934852600097656,29.156097026287387
XGBoost,45,4,4,2025-01-01,2025-05-15,2025-05-16,2025-06-14,2025-06-14,17.33203125,22.10836410522461,-4.776332855224609,4.776332855224609,27.557836622436334
XGBoost,45,5,5,2025-01-01,2025-06-14,2025-06-15,2025-07-14,2025-06-15,13.140625,17.236982345581055,-4.096357345581055,4.096357345581055,31.173230691698873
XGBoost,45,5,5,2025-01-01,2025-06-14,2025-06-15,2025-07-14,2025-06-16,10.5859375,10.93486213684082,-0.3489246368408203,0.3489246368408203,3.2961146505996313
XGBoost,45,5,5,2025-01-01,2025-06-14,2025-06-15,2025-07-14,2025-06-17,10.41796875,11.048748016357422,-0.6307792663574219,0.6307792663574219,6.054724116516685
XGBoost,45,5,5,2025-01-01,2025-06-14,2025-06-15,2025-07-14,2025-06-18,10.4921875,10.799120903015137,-0.3069334030151367,0.3069334030151367,2.9253518679030157
XGBoost,45,5,5,2025-01-01,2025-06-14,2025-06-15,2025-07-14,2025-06-19,15.37890625,10.911347389221191,4.467558860778809,4.467558860778809,29.049912836153798
XGBoost,45,5,5,2025-01-01,2025-06-14,2025-06-15,2025-07-14,2025-06-20,13.1015625,13.265463829040527,-0.16390132904052734,0.16390132904052734,1.2510059700171436
XGBoost,45,5,5,2025-01-01,2025-06-14,2025-06-15,2025-07-14,2025-06-21,13.66796875,17.37868309020996,-3.710714340209961,3.710714340209961,27.14898174031866
XGBoost,45,5,5,2025-01-01,2025-06-14,2025-06-15,2025-07-14,2025-06-22,15.90234375,16.555126190185547,-0.6527824401855469,0.6527824401855469,4.104944846168017
XGBoost,45,5,5,2025-01-01,2025-06-14,2025-06-15,2025-07-14,2025-06-23,11.78515625,11.03212833404541,0.7530279159545898,0.7530279159545898,6.389630311049883
XGBoost,45,5,5,2025-01-01,2025-06-14,2025-06-15,2025-07-14,2025-06-24,11.30078125,11.02945613861084,0.27132511138916016,0.27132511138916016,2.4009411861605603
XGBoost,45,5,5,2025-01-01,2025-06-14,2025-06-15,2025-07-14,2025-06-25,11.765625,11.250080108642578,0.5155448913574219,0.5155448913574219,4.381789249252988
XGBoost,45,5,5,2025-01-01,2025-06-14,2025-06-15,2025-07-14,2025-06-26,10.85546875,10.863951683044434,-0.008482933044433594,0.008482933044433594,0.07814432743342929
XGBoost,45,5,5,2025-01-01,2025-06-14,2025-06-15,2025-07-14,2025-06-27,13.60546875,13.222074508666992,0.3833942413330078,0.3833942413330078,2.8179421700043066
XGBoost,45,5,5,2025-01-01,2025-06-14,2025-06-15,2025-07-14,2025-06-28,15.6328125,17.16008949279785,-1.5272769927978516,1.5272769927978516,9.769687909951275
XGBoost,45,5,5,2025-01-01,2025-06-14,2025-06-15,2025-07-14,2025-06-29,17.41796875,17.238676071166992,0.1792926788330078,0.1792926788330078,1.029354693457053
XGBoost,45,5,5,2025-01-01,2025-06-14,2025-06-15,2025-07-14,2025-06-30,14.37890625,10.308015823364258,4.070890426635742,4.070890426635742,28.31154439605406
XGBoost,45,5,5,2025-01-01,2025-06-14,2025-06-15,2025-07-14,2025-07-01,11.33984375,11.03422737121582,0.3056163787841797,0.3056163787841797,2.695066929684809
XGBoost,45,5,5,2025-01-01,2025-06-14,2025-06-15,2025-07-14,2025-07-02,9.7421875,11.060797691345215,-1.3186101913452148,1.3186101913452148,13.535052485339815
XGBoost,45,5,5,2025-01-01,2025-06-14,2025-06-15,2025-07-14,2025-07-03,13.31640625,11.100666999816895,2.2157392501831055,2.2157392501831055,16.639168320530214
XGBoost,45,5,5,2025-01-01,2025-06-14,2025-06-15,2025-07-14,2025-07-04,13.86328125,13.139937400817871,0.7233438491821289,0.7233438491821289,5.217695840817836
XGBoost,45,5,5,2025-01-01,2025-06-14,2025-06-15,2025-07-14,2025-07-05,14.7578125,17.515268325805664,-2.757455825805664,2.757455825805664,18.684719200800686
XGBoost,45,5,5,2025-01-01,2025-06-14,2025-06-15,2025-07-14,2025-07-06,9.4765625,17.130924224853516,-7.654361724853516,7.654361724853516,80.77150047660759
XGBoost,45,5,5,2025-01-01,2025-06-14,2025-06-15,2025-07-14,2025-07-07,8.96484375,9.930861473083496,-0.9660177230834961,0.9660177230834961,10.775622531998911
XGBoost,45,5,5,2025-01-01,2025-06-14,2025-06-15,2025-07-14,2025-07-08,9.6875,10.800317764282227,-1.1128177642822266,1.1128177642822266,11.48715111517137
XGBoost,45,5,5,2025-01-01,2025-06-14,2025-06-15,2025-07-14,2025-07-09,12.1484375,10.91604995727539,1.2323875427246094,1.2323875427246094,10.144411927250804
XGBoost,45,5,5,2025-01-01,2025-06-14,2025-06-15,2025-07-14,2025-07-10,11.09765625,10.706611633300781,0.39104461669921875,0.39104461669921875,3.5236684926082367
XGBoost,45,5,5,2025-01-01,2025-06-14,2025-06-15,2025-07-14,2025-07-11,12.33203125,13.326351165771484,-0.9943199157714844,0.9943199157714844,8.0629046068261
XGBoost,45,5,5,2025-01-01,2025-06-14,2025-06-15,2025-07-14,2025-07-12,18.7734375,17.746417999267578,1.0270195007324219,1.0270195007324219,5.470599088379109
XGBoost,45,5,5,2025-01-01,2025-06-14,2025-06-15,2025-07-14,2025-07-13,14.00390625,17.116605758666992,-3.112699508666992,3.112699508666992,22.227366086994422
XGBoost,45,5,5,2025-01-01,2025-06-14,2025-06-15,2025-07-14,2025-07-14,9.69921875,10.112762451171875,-0.413543701171875,0.413543701171875,4.263680527587596
XGBoost,45,6,6,2025-01-01,2025-07-14,2025-07-15,2025-08-13,2025-07-15,11.79296875,11.121143341064453,0.6718254089355469,0.6718254089355469,5.696830231450811
XGBoost,45,6,6,2025-01-01,2025-07-14,2025-07-15,2025-08-13,2025-07-16,11.625,11.694270133972168,-0.06927013397216797,0.06927013397216797,0.5958721201906922
XGBoost,45,6,6,2025-01-01,2025-07-14,2025-07-15,2025-08-13,2025-07-17,11.20703125,12.742048263549805,-1.5350170135498047,1.5350170135498047,13.696910263811432
XGBoost,45,6,6,2025-01-01,2025-07-14,2025-07-15,2025-08-13,2025-07-18,12.76953125,15.277377128601074,-2.507845878601074,2.507845878601074,19.63929473606225
XGBoost,45,6,6,2025-01-01,2025-07-14,2025-07-15,2025-08-13,2025-07-19,16.83984375,15.76574993133545,1.0740938186645508,1.0740938186645508,6.37828850795929
XGBoost,45,6,6,2025-01-01,2025-07-14,2025-07-15,2025-08-13,2025-07-20,15.55859375,15.060942649841309,0.4976511001586914,0.4976511001586914,3.1985609249466482
XGBoost,45,6,6,2025-01-01,2025-07-14,2025-07-15,2025-08-13,2025-07-21,10.421875,11.15637493133545,-0.7344999313354492,0.7344999313354492,7.0476755030687785
XGBoost,45,6,6,2025-01-01,2025-07-14,2025-07-15,2025-08-13,2025-07-22,12.03125,11.52733325958252,0.5039167404174805,0.5039167404174805,4.188398881392046
XGBoost,45,6,6,2025-01-01,2025-07-14,2025-07-15,2025-08-13,2025-07-23,12.75390625,11.879714012145996,0.8741922378540039,0.8741922378540039,6.85430973631317
XGBoost,45,6,6,2025-01-01,2025-07-14,2025-07-15,2025-08-13,2025-07-24,10.875,11.555421829223633,-0.6804218292236328,0.6804218292236328,6.2567524526311065
XGBoost,45,6,6,2025-01-01,2025-07-14,2025-07-15,2025-08-13,2025-07-25,12.4609375,13.073135375976562,-0.6121978759765625,0.6121978759765625,4.912935932601881
XGBoost,45,6,6,2025-01-01,2025-07-14,2025-07-15,2025-08-13,2025-07-26,17.00390625,15.508378028869629,1.495528221130371,1.495528221130371,8.79520387340627
XGBoost,45,6,6,2025-01-01,2025-07-14,2025-07-15,2025-08-13,2025-07-27,14.58203125,14.635568618774414,-0.05353736877441406,0.05353736877441406,0.3671461667894455
XGBoost,45,6,6,2025-01-01,2025-07-14,2025-07-15,2025-08-13,2025-07-28,12.27734375,11.553240776062012,0.7241029739379883,0.7241029739379883,5.8978797749960234
XGBoost,45,6,6,2025-01-01,2025-07-14,2025-07-15,2025-08-13,2025-07-29,11.1640625,11.001209259033203,0.16285324096679688,0.16285324096679688,1.458727420836249
XGBoost,45,6,6,2025-01-01,2025-07-14,2025-07-15,2025-08-13,2025-07-30,11.828125,12.456782341003418,-0.628657341003418,0.628657341003418,5.314936568589003
XGBoost,45,6,6,2025-01-01,2025-07-14,2025-07-15,2025-08-13,2025-07-31,12.734375,13.343822479248047,-0.6094474792480469,0.6094474792480469,4.785845235812883
XGBoost,45,6,6,2025-01-01,2025-07-14,2025-07-15,2025-08-13,2025-08-01,14.0546875,14.474400520324707,-0.41971302032470703,0.41971302032470703,2.9862849695143137
XGBoost,45,6,6,2025-01-01,2025-07-14,2025-07-15,2025-08-13,2025-08-02,18.59375,14.62820816040039,3.9655418395996094,3.9655418395996094,21.32728384322479
XGBoost,45,6,6,2025-01-01,2025-07-14,2025-07-15,2025-08-13,2025-08-03,15.4609375,12.451494216918945,3.0094432830810547,3.0094432830810547,19.464817596481808
XGBoost,45,6,6,2025-01-01,2025-07-14,2025-07-15,2025-08-13,2025-08-04,13.875,9.900694847106934,3.9743051528930664,3.9743051528930664,28.64364074157165
XGBoost,45,6,6,2025-01-01,2025-07-14,2025-07-15,2025-08-13,2025-08-05,12.921875,10.849140167236328,2.072734832763672,2.072734832763672,16.040511402282345
XGBoost,45,6,6,2025-01-01,2025-07-14,2025-07-15,2025-08-13,2025-08-06,11.60546875,10.605913162231445,0.9995555877685547,0.9995555877685547,8.612798063572871
XGBoost,45,6,6,2025-01-01,2025-07-14,2025-07-15,2025-08-13,2025-08-07,13.20703125,11.482463836669922,1.7245674133300781,1.7245674133300781,13.057949062777286
XGBoost,45,6,6,2025-01-01,2025-07-14,2025-07-15,2025-08-13,2025-08-08,14.25390625,12.310567855834961,1.943338394165039,1.943338394165039,13.633725100198685
XGBoost,45,6,6,2025-01-01,2025-07-14,2025-07-15,2025-08-13,2025-08-09,16.66015625,15.758696556091309,0.9014596939086914,0.9014596939086914,5.410871785243259
XGBoost,45,6,6,2025-01-01,2025-07-14,2025-07-15,2025-08-13,2025-08-10,12.44921875,14.951669692993164,-2.502450942993164,2.502450942993164,20.101268949050834
XGBoost,45,6,6,2025-01-01,2025-07-14,2025-07-15,2025-08-13,2025-08-11,12.37890625,10.57668685913086,1.8022193908691406,1.8022193908691406,14.558793438387504
XGBoost,45,6,6,2025-01-01,2025-07-14,2025-07-15,2025-08-13,2025-08-12,10.80859375,11.0858154296875,-0.2772216796875,0.2772216796875,2.5648265269244668
XGBoost,45,6,6,2025-01-01,2025-07-14,2025-07-15,2025-08-13,2025-08-13,11.75,11.332479476928711,0.41752052307128906,0.41752052307128906,3.553366153798205
XGBoost,45,7,7,2025-01-01,2025-08-13,2025-08-14,2025-09-12,2025-08-14,11.91796875,12.126455307006836,-0.20848655700683594,0.20848655700683594,1.7493463976974761
XGBoost,45,7,7,2025-01-01,2025-08-13,2025-08-14,2025-09-12,2025-08-15,14.9765625,12.666363716125488,2.3101987838745117,2.3101987838745117,15.42542745623044
XGBoost,45,7,7,2025-01-01,2025-08-13,2025-08-14,2025-09-12,2025-08-16,15.7109375,16.59543228149414,-0.8844947814941406,0.8844947814941406,5.629802686785181
XGBoost,45,7,7,2025-01-01,2025-08-13,2025-08-14,2025-09-12,2025-08-17,17.4296875,16.078310012817383,1.3513774871826172,1.3513774871826172,7.753308756583372
XGBoost,45,7,7,2025-01-01,2025-08-13,2025-08-14,2025-09-12,2025-08-18,13.48046875,12.616796493530273,0.8636722564697266,0.8636722564697266,6.4068414273036804
XGBoost,45,7,7,2025-01-01,2025-08-13,2025-08-14,2025-09-12,2025-08-19,13.83984375,11.982102394104004,1.857741355895996,1.857741355895996,13.423138219288033
XGBoost,45,7,7,2025-01-01,2025-08-13,2025-08-14,2025-09-12,2025-08-20,13.26953125,11.694337844848633,1.5751934051513672,1.5751934051513672,11.870753951096557
XGBoost,45,7,7,2025-01-01,2025-08-13,2025-08-14,2025-09-12,2025-08-21,13.02734375,12.286890983581543,0.740452766418457,0.740452766418457,5.683835328429535
XGBoost,45,7,7,2025-01-01,2025-08-13,2025-08-14,2025-09-12,2025-08-22,16.01953125,13.88035774230957,2.1391735076904297,2.1391735076904297,13.353533722720067
XGBoost,45,7,7,2025-01-01,2025-08-13,2025-08-14,2025-09-12,2025-08-23,26.41015625,17.24791145324707,9.16224479675293,9.16224479675293,34.69212643053912
XGBoost,45,7,7,2025-01-01,2025-08-13,2025-08-14,2025-09-12,2025-08-24,25.89453125,15.377341270446777,10.517189979553223,10.517189979553223,40.61548702316526
XGBoost,45,7,7,2025-01-01,2025-08-13,2025-08-14,2025-09-12,2025-08-25,15.6796875,12.689840316772461,2.989847183227539,2.989847183227539,19.068282982218484
XGBoost,45,7,7,2025-01-01,2025-08-13,2025-08-14,2025-09-12,2025-08-26,12.02734375,11.617997169494629,0.4093465805053711,0.4093465805053711,3.403466210112861
XGBoost,45,7,7,2025-01-01,2025-08-13,2025-08-14,2025-09-12,2025-08-27,11.4609375,11.532875061035156,-0.07193756103515625,0.07193756103515625,0.6276760608384458
XGBoost,45,7,7,2025-01-01,2025-08-13,2025-08-14,2025-09-12,2025-08-28,13.8359375,12.707403182983398,1.1285343170166016,1.1285343170166016,8.156543906161772
XGBoost,45,7,7,2025-01-01,2025-08-13,2025-08-14,2025-09-12,2025-08-29,16.3984375,13.909505844116211,2.488931655883789,2.488931655883789,15.177858597099808
XGBoost,45,7,7,2025-01-01,2025-08-13,2025-08-14,2025-09-12,2025-08-30,20.38671875,17.450294494628906,2.9364242553710938,2.9364242553710938,14.40361389873539
XGBoost,45,7,7,2025-01-01,2025-08-13,2025-08-14,2025-09-12,2025-08-31,19.58203125,16.111652374267578,3.470378875732422,3.470378875732422,17.722261962647117
XGBoost,45,7,7,2025-01-01,2025-08-13,2025-08-14,2025-09-12,2025-09-01,23.41015625,12.964227676391602,10.445928573608398,10.445928573608398,44.621353493137825
XGBoost,45,7,7,2025-01-01,2025-08-13,2025-08-14,2025-09-12,2025-09-02,11.5625,11.683326721191406,-0.12082672119140625,0.12082672119140625,1.0449878589527026
XGBoost,45,7,7,2025-01-01,2025-08-13,2025-08-14,2025-09-12,2025-09-03,13.06640625,11.881752014160156,1.1846542358398438,1.1846542358398438,9.066412088938716
XGBoost,45,7,7,2025-01-01,2025-08-13,2025-08-14,2025-09-12,2025-09-04,11.08984375,12.561322212219238,-1.4714784622192383,1.4714784622192383,13.268703287359104
XGBoost,45,7,7,2025-01-01,2025-08-13,2025-08-14,2025-09-12,2025-09-05,13.89453125,13.597831726074219,0.29669952392578125,0.29669952392578125,2.135369078577453
XGBoost,45,7,7,2025-01-01,2025-08-13,2025-08-14,2025-09-12,2025-09-06,19.28515625,16.705766677856445,2.5793895721435547,2.5793895721435547,13.374999604390316
XGBoost,45,7,7,2025-01-01,2025-08-13,2025-08-14,2025-09-12,2025-09-07,19.7109375,15.944201469421387,3.7667360305786133,3.7667360305786133,19.10987760261841
XGBoost,45,7,7,2025-01-01,2025-08-13,2025-08-14,2025-09-12,2025-09-08,8.5859375,12.446051597595215,-3.860114097595215,3.860114097595215,44.95856273814263
XGBoost,45,7,7,2025-01-01,2025-08-13,2025-08-14,2025-09-12,2025-09-09,11.88671875,11.31203556060791,0.5746831893920898,0.5746831893920898,4.8346663320530725
XGBoost,45,7,7,2025-01-01,2025-08-13,2025-08-14,2025-09-12,2025-09-10,9.19921875,11.40078067779541,-2.20156192779541,2.20156192779541,23.932053227839702
XGBoost,45,7,7,2025-01-01,2025-08-13,2025-08-14,2025-09-12,2025-09-11,12.69921875,12.403584480285645,0.29563426971435547,0.29563426971435547,2.3279721023338973
XGBoost,45,7,7,2025-01-01,2025-08-13,2025-08-14,2025-09-12,2025-09-12,13.2421875,13.57435131072998,-0.33216381072998047,0.33216381072998047,2.50837567984882
XGBoost,45,8,8,2025-01-01,2025-09-12,2025-09-13,2025-10-12,2025-09-13,18.23046875,15.7453031539917,2.485165596008301,2.485165596008301,13.631934702766765
XGBoost,45,8,8,2025-01-01,2025-09-12,2025-09-13,2025-10-12,2025-09-14,15.44140625,15.822293281555176,-0.3808870315551758,0.3808870315551758,2.4666602600082217
XGBoost,45,8,8,2025-01-01,2025-09-12,2025-09-13,2025-10-12,2025-09-15,10.828125,12.201234817504883,-1.3731098175048828,1.3731098175048828,12.68095646757756
XGBoost,45,8,8,2025-01-01,2025-09-12,2025-09-13,2025-10-12,2025-09-16,11.87890625,11.227987289428711,0.6509189605712891,0.6509189605712891,5.4796203191795465
XGBoost,45,8,8,2025-01-01,2025-09-12,2025-09-13,2025-10-12,2025-09-17,9.30859375,11.614974975585938,-2.3063812255859375,2.3063812255859375,24.77690280109106
XGBoost,45,8,8,2025-01-01,2025-09-12,2025-09-13,2025-10-12,2025-09-18,12.50390625,11.31363582611084,1.1902704238891602,1.1902704238891602,9.519188644661824
XGBoost,45,8,8,2025-01-01,2025-09-12,2025-09-13,2025-10-12,2025-09-19,16.0859375,13.356072425842285,2.729865074157715,2.729865074157715,16.9705065319178
XGBoost,45,8,8,2025-01-01,2025-09-12,2025-09-13,2025-10-12,2025-09-20,18.859375,15.683059692382812,3.1763153076171875,3.1763153076171875,16.842102708160727
XGBoost,45,8,8,2025-01-01,2025-09-12,2025-09-13,2025-10-12,2025-09-21,18.55859375,15.324417114257812,3.2341766357421875,3.2341766357421875,17.42684105977689
XGBoost,45,8,8,2025-01-01,2025-09-12,2025-09-13,2025-10-12,2025-09-22,10.22265625,11.816397666931152,-1.5937414169311523,1.5937414169311523,15.590286692180932
XGBoost,45,8,8,2025-01-01,2025-09-12,2025-09-13,2025-10-12,2025-09-23,9.7109375,12.183916091918945,-2.4729785919189453,2.4729785919189453,25.46590987655873
XGBoost,45,8,8,2025-01-01,2025-09-12,2025-09-13,2025-10-12,2025-09-24,9.390625,11.49092960357666,-2.10030460357666,2.10030460357666,22.365972484011024
XGBoost,45,8,8,2025-01-01,2025-09-12,2025-09-13,2025-10-12,2025-09-25,9.78515625,13.070788383483887,-3.2856321334838867,3.2856321334838867,33.5777176116517
XGBoost,45,8,8,2025-01-01,2025-09-12,2025-09-13,2025-10-12,2025-09-26,15.32421875,14.456924438476562,0.8672943115234375,0.8672943115234375,5.659631500127453
XGBoost,45,8,8,2025-01-01,2025-09-12,2025-09-13,2025-10-12,2025-09-27,18.71484375,16.2074031829834,2.5074405670166016,2.5074405670166016,13.398137865920475
XGBoost,45,8,8,2025-01-01,2025-09-12,2025-09-13,2025-10-12,2025-09-28,17.06640625,13.862970352172852,3.2034358978271484,3.2034358978271484,18.770418627689402
XGBoost,45,8,8,2025-01-01,2025-09-12,2025-09-13,2025-10-12,2025-09-29,11.71484375,13.28079891204834,-1.5659551620483398,1.5659551620483398,13.36727314052601
XGBoost,45,8,8,2025-01-01,2025-09-12,2025-09-13,2025-10-12,2025-09-30,11.19140625,13.254522323608398,-2.0631160736083984,2.0631160736083984,18.434824252835952
XGBoost,45,8,8,2025-01-01,2025-09-12,2025-09-13,2025-10-12,2025-10-01,9.77734375,13.247980117797852,-3.4706363677978516,3.4706363677978516,35.49672034183979
XGBoost,45,8,8,2025-01-01,2025-09-12,2025-09-13,2025-10-12,2025-10-02,10.85546875,13.26074504852295,-2.405276298522949,2.405276298522949,22.157277165234795
XGBoost,45,8,8,2025-01-01,2025-09-12,2025-09-13,2025-10-12,2025-10-03,14.015625,14.545966148376465,-0.5303411483764648,0.5303411483764648,3.7839279259859255
XGBoost,45,8,8,2025-01-01,2025-09-12,2025-09-13,2025-10-12,2025-10-04,20.60546875,14.613056182861328,5.992412567138672,5.992412567138672,29.081660989336495
XGBoost,45,8,8,2025-01-01,2025-09-12,2025-09-13,2025-10-12,2025-10-05,18.5234375,14.55014705657959,3.97329044342041,3.97329044342041,21.450070719435367
XGBoost,45,8,8,2025-01-01,2025-09-12,2025-09-13,2025-10-12,2025-10-06,10.6640625,12.152719497680664,-1.488656997680664,1.488656997680664,13.959567450778387
XGBoost,45,8,8,2025-01-01,2025-09-12,2025-09-13,2025-10-12,2025-10-07,11.9296875,11.805244445800781,0.12444305419921875,0.12444305419921875,1.043137585952849
XGBoost,45,8,8,2025-01-01,2025-09-12,2025-09-13,2025-10-12,2025-10-08,12.04296875,11.523277282714844,0.5196914672851562,0.5196914672851562,4.315310270029192
XGBoost,45,8,8,2025-01-01,2025-09-12,2025-09-13,2025-10-12,2025-10-09,12.76171875,12.164473533630371,0.5972452163696289,0.5972452163696289,4.679974759431436
XGBoost,45,8,8,2025-01-01,2025-09-12,2025-09-13,2025-10-12,2025-10-10,15.87890625,14.092802047729492,1.7861042022705078,1.7861042022705078,11.248282307041821
XGBoost,45,8,8,2025-01-01,2025-09-12,2025-09-13,2025-10-12,2025-10-11,21.76171875,17.62557601928711,4.136142730712891,4.136142730712891,19.00650761196374
XGBoost,45,8,8,2025-01-01,2025-09-12,2025-09-13,2025-10-12,2025-10-12,16.6328125,15.87023639678955,0.7625761032104492,0.7625761032104492,4.584769432171795
XGBoost,45,9,9,2025-01-01,2025-10-12,2025-10-13,2025-11-11,2025-10-13,11.2578125,11.925176620483398,-0.6673641204833984,0.6673641204833984,5.928008842600625
XGBoost,45,9,9,2025-01-01,2025-10-12,2025-10-13,2025-11-11,2025-10-14,11.03515625,11.80760669708252,-0.7724504470825195,0.7724504470825195,6.999904936393805
XGBoost,45,9,9,2025-01-01,2025-10-12,2025-10-13,2025-11-11,2025-10-15,10.23828125,12.089043617248535,-1.8507623672485352,1.8507623672485352,18.07688538785292
XGBoost,45,9,9,2025-01-01,2025-10-12,2025-10-13,2025-11-11,2025-10-16,13.40625,12.797663688659668,0.608586311340332,0.608586311340332,4.539571553121357
XGBoost,45,9,9,2025-01-01,2025-10-12,2025-10-13,2025-11-11,2025-10-17,17.51171875,16.506704330444336,1.005014419555664,1.005014419555664,5.7390963954104395
XGBoost,45,9,9,2025-01-01,2025-10-12,2025-10-13,2025-11-11,2025-10-18,18.5390625,20.96019172668457,-2.4211292266845703,2.4211292266845703,13.059609819453225
XGBoost,45,9,9,2025-01-01,2025-10-12,2025-10-13,2025-11-11,2025-10-19,15.17578125,20.597869873046875,-5.422088623046875,5.422088623046875,35.728563384813384
XGBoost,45,9,9,2025-01-01,2025-10-12,2025-10-13,2025-11-11,2025-10-20,10.79296875,11.740609169006348,-0.9476404190063477,0.9476404190063477,8.780164577112739
XGBoost,45,9,9,2025-01-01,2025-10-12,2025-10-13,2025-11-11,2025-10-21,13.44921875,12.030097007751465,1.4191217422485352,1.4191217422485352,10.551703921452948
XGBoost,45,9,9,2025-01-01,2025-10-12,2025-10-13,2025-11-11,2025-10-22,11.66796875,11.986204147338867,-0.3182353973388672,0.3182353973388672,2.727427576791095
XGBoost,45,9,9,2025-01-01,2025-10-12,2025-10-13,2025-11-11,2025-10-23,12.23828125,12.620560646057129,-0.3822793960571289,0.3822793960571289,3.123636303562879
XGBoost,45,9,9,2025-01-01,2025-10-12,2025-10-13,2025-11-11,2025-10-24,14.52734375,15.45199203491211,-0.9246482849121094,0.9246482849121094,6.364881982723851
XGBoost,45,9,9,2025-01-01,2025-10-12,2025-10-13,2025-11-11,2025-10-25,19.265625,20.604482650756836,-1.338857650756836,1.338857650756836,6.949463880651866
XGBoost,45,9,9,2025-01-01,2025-10-12,2025-10-13,2025-11-11,2025-10-26,19.89453125,18.476375579833984,1.4181556701660156,1.4181556701660156,7.128369361132927
XGBoost,45,9,9,2025-01-01,2025-10-12,2025-10-13,2025-11-11,2025-10-27,9.4921875,12.104818344116211,-2.612630844116211,2.612630844116211,27.524012184927983
XGBoost,45,9,9,2025-01-01,2025-10-12,2025-10-13,2025-11-11,2025-10-28,12.7578125,11.990400314331055,0.7674121856689453,0.7674121856689453,6.015233298568585
XGBoost,45,9,9,2025-01-01,2025-10-12,2025-10-13,2025-11-11,2025-10-29,9.73828125,13.210997581481934,-3.4727163314819336,3.4727163314819336,35.6604645350732
XGBoost,45,9,9,2025-01-01,2025-10-12,2025-10-13,2025-11-11,2025-10-30,9.109375,13.657544136047363,-4.548169136047363,4.548169136047363,49.928443345974486
XGBoost,45,9,9,2025-01-01,2025-10-12,2025-10-13,2025-11-11,2025-10-31,13.49609375,17.31977081298828,-3.8236770629882812,3.8236770629882812,28.331731638929085
XGBoost,45,9,9,2025-01-01,2025-10-12,2025-10-13,2025-11-11,2025-11-01,21.05078125,21.437763214111328,-0.3869819641113281,0.3869819641113281,1.8383259011412134
XGBoost,45,9,9,2025-01-01,2025-10-12,2025-10-13,2025-11-11,2025-11-02,19.015625,17.221267700195312,1.7943572998046875,1.7943572998046875,9.43622573438784
XGBoost,45,9,9,2025-01-01,2025-10-12,2025-10-13,2025-11-11,2025-11-03,12.2890625,11.991474151611328,0.2975883483886719,0.2975883483886719,2.4215707942625557
XGBoost,45,9,9,2025-01-01,2025-10-12,2025-10-13,2025-11-11,2025-11-04,15.23046875,11.702004432678223,3.5284643173217773,3.5284643173217773,23.167141965487943
XGBoost,45,9,9,2025-01-01,2025-10-12,2025-10-13,2025-11-11,2025-11-05,10.9765625,12.106537818908691,-1.1299753189086914,1.1299753189086914,10.294437069061388
XGBoost,45,9,9,2025-01-01,2025-10-12,2025-10-13,2025-11-11,2025-11-06,12.0625,12.4966402053833,-0.4341402053833008,0.4341402053833008,3.599089785561043
XGBoost,45,9,9,2025-01-01,2025-10-12,2025-10-13,2025-11-11,2025-11-07,13.328125,15.712599754333496,-2.384474754333496,2.384474754333496,17.890549153264214
XGBoost,45,9,9,2025-01-01,2025-10-12,2025-10-13,2025-11-11,2025-11-08,19.1171875,21.24565887451172,-2.1284713745117188,2.1284713745117188,11.133810214037597
XGBoost,45,9,9,2025-01-01,2025-10-12,2025-10-13,2025-11-11,2025-11-09,17.85546875,20.627676010131836,-2.772207260131836,2.772207260131836,15.52581620200722
XGBoost,45,9,9,2025-01-01,2025-10-12,2025-10-13,2025-11-11,2025-11-10,11.03515625,11.367841720581055,-0.3326854705810547,0.3326854705810547,3.0147780696902657
XGBoost,45,9,9,2025-01-01,2025-10-12,2025-10-13,2025-11-11,2025-11-11,10.47265625,11.771967887878418,-1.299311637878418,1.299311637878418,12.40670568059959
XGBoost,45,10,10,2025-01-01,2025-10-13,2025-10-14,2025-11-12,2025-10-14,11.03515625,11.719945907592773,-0.6847896575927734,0.6847896575927734,6.2055275165929205
XGBoost,45,10,10,2025-01-01,2025-10-13,2025-10-14,2025-11-12,2025-10-15,10.23828125,12.0176420211792,-1.7793607711791992,1.7793607711791992,17.379487120254673
XGBoost,45,10,10,2025-01-01,2025-10-13,2025-10-14,2025-11-12,2025-10-16,13.40625,12.693658828735352,0.7125911712646484,0.7125911712646484,5.315365380062645
XGBoost,45,10,10,2025-01-01,2025-10-13,2025-10-14,2025-11-12,2025-10-17,17.51171875,15.724925994873047,1.7867927551269531,1.7867927551269531,10.20341167326567
XGBoost,45,10,10,2025-01-01,2025-10-13,2025-10-14,2025-11-12,2025-10-18,18.5390625,20.21852684020996,-1.679464340209961,1.679464340209961,9.059057545169615
XGBoost,45,10,10,2025-01-01,2025-10-13,2025-10-14,2025-11-12,2025-10-19,15.17578125,19.946266174316406,-4.770484924316406,4.770484924316406,31.434855614543117
XGBoost,45,10,10,2025-01-01,2025-10-13,2025-10-14,2025-11-12,2025-10-20,10.79296875,11.417445182800293,-0.624476432800293,0.624476432800293,5.78595609109211
XGBoost,45,10,10,2025-01-01,2025-10-13,2025-10-14,2025-11-12,2025-10-21,13.44921875,11.64065170288086,1.8085670471191406,1.8085670471191406,13.447376243465001
XGBoost,45,10,10,2025-01-01,2025-10-13,2025-10-14,2025-11-12,2025-10-22,11.66796875,12.013571739196777,-0.34560298919677734,0.34560298919677734,2.9619807577628054
XGBoost,45,10,10,2025-01-01,2025-10-13,2025-10-14,2025-11-12,2025-10-23,12.23828125,12.828168869018555,-0.5898876190185547,0.5898876190185547,4.820020123483881
XGBoost,45,10,10,2025-01-01,2025-10-13,2025-10-14,2025-11-12,2025-10-24,14.52734375,15.857499122619629,-1.330155372619629,1.330155372619629,9.156218752100699
XGBoost,45,10,10,2025-01-01,2025-10-13,2025-10-14,2025-11-12,2025-10-25,19.265625,20.905723571777344,-1.6400985717773438,1.6400985717773438,8.513082611009732
XGBoost,45,10,10,2025-01-01,2025-10-13,2025-10-14,2025-11-12,2025-10-26,19.89453125,18.672300338745117,1.2222309112548828,1.2222309112548828,6.143552194801689
XGBoost,45,10,10,2025-01-01,2025-10-13,2025-10-14,2025-11-12,2025-10-27,9.4921875,11.859703063964844,-2.3675155639648438,2.3675155639648438,24.941727752057613
XGBoost,45,10,10,2025-01-01,2025-10-13,2025-10-14,2025-11-12,2025-10-28,12.7578125,11.841768264770508,0.9160442352294922,0.9160442352294922,7.180260998736987
XGBoost,45,10,10,2025-01-01,2025-10-13,2025-10-14,2025-11-12,2025-10-29,9.73828125,12.705828666687012,-2.9675474166870117,2.9675474166870117,30.473009974804455
XGBoost,45,10,10,2025-01-01,2025-10-13,2025-10-14,2025-11-12,2025-10-30,9.109375,13.723405838012695,-4.614030838012695,4.614030838012695,50.65145345331261
XGBoost,45,10,10,2025-01-01,2025-10-13,2025-10-14,2025-11-12,2025-10-31,13.49609375,17.08171844482422,-3.5856246948242188,3.5856246948242188,26.567870387120117
XGBoost,45,10,10,2025-01-01,2025-10-13,2025-10-14,2025-11-12,2025-11-01,21.05078125,21.12542152404785,-0.07464027404785156,0.07464027404785156,0.35457246532287995
XGBoost,45,10,10,2025-01-01,2025-10-13,2025-10-14,2025-11-12,2025-11-02,19.015625,19.133527755737305,-0.11790275573730469,0.11790275573730469,0.620030925816557
XGBoost,45,10,10,2025-01-01,2025-10-13,2025-10-14,2025-11-12,2025-11-03,12.2890625,11.753841400146484,0.5352210998535156,0.5352210998535156,4.355263876748252
XGBoost,45,10,10,2025-01-01,2025-10-13,2025-10-14,2025-11-12,2025-11-04,15.23046875,11.506906509399414,3.723562240600586,3.723562240600586,24.448113198095665
XGBoost,45,10,10,2025-01-01,2025-10-13,2025-10-14,2025-11-12,2025-11-05,10.9765625,11.647908210754395,-0.6713457107543945,0.6713457107543945,6.116174446730427
XGBoost,45,10,10,2025-01-01,2025-10-13,2025-10-14,2025-11-12,2025-11-06,12.0625,12.38511848449707,-0.3226184844970703,0.3226184844970703,2.674557384431671
XGBoost,45,10,10,2025-01-01,2025-10-13,2025-10-14,2025-11-12,2025-11-07,13.328125,15.255719184875488,-1.9275941848754883,1.9275941848754883,14.462605841973183
XGBoost,45,10,10,2025-01-01,2025-10-13,2025-10-14,2025-11-12,2025-11-08,19.1171875,20.784717559814453,-1.6675300598144531,1.6675300598144531,8.722674607938293
XGBoost,45,10,10,2025-01-01,2025-10-13,2025-10-14,2025-11-12,2025-11-09,17.85546875,19.163625717163086,-1.308156967163086,1.308156967163086,7.32636586291293
XGBoost,45,10,10,2025-01-01,2025-10-13,2025-10-14,2025-11-12,2025-11-10,11.03515625,11.436445236206055,-0.4012889862060547,0.4012889862060547,3.636459485619469
XGBoost,45,10,10,2025-01-01,2025-10-13,2025-10-14,2025-11-12,2025-11-11,10.47265625,11.792525291442871,-1.319869041442871,1.319869041442871,12.603001663908056
XGBoost,45,10,10,2025-01-01,2025-10-13,2025-10-14,2025-11-12,2025-11-12,9.6953125,11.946634292602539,-2.251321792602539,2.251321792602539,23.22072437172643
LinearRegression,45,1,1,2025-01-01,2025-02-14,2025-02-15,2025-03-16,2025-02-15,13.20703125,15.824506205149099,-2.617474955149099,2.617474955149099,19.818798832243992
LinearRegression,45,1,1,2025-01-01,2025-02-14,2025-02-15,2025-03-16,2025-02-16,13.00390625,19.319035065207196,-6.315128815207196,6.315128815207196,48.56332161889583
LinearRegression,45,1,1,2025-01-01,2025-02-14,2025-02-15,2025-03-16,2025-02-17,9.2421875,7.178927407035374,2.063260092964626,2.063260092964626,22.32436956039494
LinearRegression,45,1,1,2025-01-01,2025-02-14,2025-02-15,2025-03-16,2025-02-18,9.37890625,8.872345477064755,0.506560772935245,0.506560772935245,5.401064467781038
LinearRegression,45,1,1,2025-01-01,2025-02-14,2025-02-15,2025-03-16,2025-02-19,9.0703125,8.095219405169303,0.9750930948306973,0.9750930948306973,10.750380373671769
LinearRegression,45,1,1,2025-01-01,2025-02-14,2025-02-15,2025-03-16,2025-02-20,10.89453125,11.123759544152577,-0.22922829415257695,0.22922829415257695,2.104067526104686
LinearRegression,45,1,1,2025-01-01,2025-02-14,2025-02-15,2025-03-16,2025-02-21,10.4609375,13.489512965860236,-3.0285754658602357,3.0285754658602357,28.951281525773727
LinearRegression,45,1,1,2025-01-01,2025-02-14,2025-02-15,2025-03-16,2025-02-22,17.296875,16.943641763742697,0.35323323625730296,0.35323323625730296,2.0421795050106044
LinearRegression,45,1,1,2025-01-01,2025-02-14,2025-02-15,2025-03-16,2025-02-23,19.20703125,18.415137020633082,0.7918942293669176,0.7918942293669176,4.122939245839555
LinearRegression,45,1,1,2025-01-01,2025-02-14,2025-02-15,2025-03-16,2025-02-24,8.99609375,9.542950059330124,-0.5468563093301242,0.5468563093301242,6.078819591337898
LinearRegression,45,1,1,2025-01-01,2025-02-14,2025-02-15,2025-03-16,2025-02-25,10.953125,8.34218836945493,2.610936630545069,2.610936630545069,23.83736724035441
LinearRegression,45,1,1,2025-01-01,2025-02-14,2025-02-15,2025-03-16,2025-02-26,9.31640625,7.9580050825394295,1.3584011674605705,1.3584011674605705,14.580742090981385
LinearRegression,45,1,1,2025-01-01,2025-02-14,2025-02-15,2025-03-16,2025-02-27,11.63671875,10.39885387741603,1.2378648725839696,1.2378648725839696,10.637576615693058
LinearRegression,45,1,1,2025-01-01,2025-02-14,2025-02-15,2025-03-16,2025-02-28,14.5390625,12.718986965766646,1.8200755342333537,1.8200755342333537,12.518520600852728
LinearRegression,45,1,1,2025-01-01,2025-02-14,2025-02-15,2025-03-16,2025-03-01,15.1796875,16.806422407512088,-1.6267349075120876,1.6267349075120876,10.71652435211257
LinearRegression,45,1,1,2025-01-01,2025-02-14,2025-02-15,2025-03-16,2025-03-02,12.4921875,18.03281652285812,-5.54062902285812,5.54062902285812,44.35275265327326
LinearRegression,45,1,1,2025-01-01,2025-02-14,2025-02-15,2025-03-16,2025-03-03,8.95703125,9.841182174355566,-0.8841509243555663,0.8841509243555663,9.87102645595399
LinearRegression,45,1,1,2025-01-01,2025-02-14,2025-02-15,2025-03-16,2025-03-04,11.60546875,9.580039056833101,2.025429693166899,2.025429693166899,17.45237298723413
LinearRegression,45,1,1,2025-01-01,2025-02-14,2025-02-15,2025-03-16,2025-03-05,8.8046875,8.046601033001764,0.7580864669982361,0.7580864669982361,8.610032633165416
LinearRegression,45,1,1,2025-01-01,2025-02-14,2025-02-15,2025-03-16,2025-03-06,7.66015625,9.954429351439884,-2.2942731014398845,2.2942731014398845,29.950735031545662
LinearRegression,45,1,1,2025-01-01,2025-02-14,2025-02-15,2025-03-16,2025-03-07,12.19140625,11.858127208104293,0.33327904189570745,0.33327904189570745,2.733721074184592
LinearRegression,45,1,1,2025-01-01,2025-02-14,2025-02-15,2025-03-16,2025-03-08,17.12109375,17.012950099468263,0.10814365053173702,0.10814365053173702,0.6316398479608641
LinearRegression,45,1,1,2025-01-01,2025-02-14,2025-02-15,2025-03-16,2025-03-09,14.265625,17.60480934583581,-3.339184345835811,3.339184345835811,23.4072068054208
LinearRegression,45,1,1,2025-01-01,2025-02-14,2025-02-15,2025-03-16,2025-03-10,9.5625,10.08418022730919,-0.5216802273091901,0.5216802273091901,5.455479501272576
LinearRegression,45,1,1,2025-01-01,2025-02-14,2025-02-15,2025-03-16,2025-03-11,11.87109375,10.02551863390805,1.8455751160919505,1.8455751160919505,15.54679926684894
LinearRegression,45,1,1,2025-01-01,2025-02-14,2025-02-15,2025-03-16,2025-03-12,12.1171875,8.88540052860597,3.2317869713940297,3.2317869713940297,26.67109815205905
LinearRegression,45,1,1,2025-01-01,2025-02-14,2025-02-15,2025-03-16,2025-03-13,12.9140625,10.202182817551233,2.7118796824487674,2.7118796824487674,20.999431297848894
LinearRegression,45,1,1,2025-01-01,2025-02-14,2025-02-15,2025-03-16,2025-03-14,18.45703125,11.24438905131197,7.21264219868803,7.21264219868803,39.07801910823568
LinearRegression,45,1,1,2025-01-01,2025-02-14,2025-02-15,2025-03-16,2025-03-15,18.71484375,16.96099625065259,1.7538474993474082,1.7538474993474082,9.37142475126146
LinearRegression,45,1,1,2025-01-01,2025-02-14,2025-02-15,2025-03-16,2025-03-16,20.37109375,17.18830044662402,3.1827933033759805,3.1827933033759805,15.624066839199443
LinearRegression,45,2,2,2025-01-01,2025-03-16,2025-03-17,2025-04-15,2025-03-17,11.1328125,6.299722801568337,4.833089698431663,4.833089698431663,43.41301623854406
LinearRegression,45,2,2,2025-01-01,2025-03-16,2025-03-17,2025-04-15,2025-03-18,15.32421875,11.544095937840623,3.7801228121593766,3.7801228121593766,24.6676380298955
LinearRegression,45,2,2,2025-01-01,2025-03-16,2025-03-17,2025-04-15,2025-03-19,11.4296875,10.188386345270217,1.2413011547297828,1.2413011547297828,10.860324525318674
LinearRegression,45,2,2,2025-01-01,2025-03-16,2025-03-17,2025-04-15,2025-03-20,11.41796875,13.464681013253298,-2.0467122632532977,2.0467122632532977,17.925362278236204
LinearRegression,45,2,2,2025-01-01,2025-03-16,2025-03-17,2025-04-15,2025-03-21,17.328125,18.245710437405833,-0.9175854374058332,0.9175854374058332,5.295353290709948
LinearRegression,45,2,2,2025-01-01,2025-03-16,2025-03-17,2025-04-15,2025-03-22,19.71875,25.22575512543152,-5.507005125431519,5.507005125431519,27.9277597486226
LinearRegression,45,2,2,2025-01-01,2025-03-16,2025-03-17,2025-04-15,2025-03-23,18.00390625,23.03278053776846,-5.02887428776846,5.02887428776846,27.93212882770071
LinearRegression,45,2,2,2025-01-01,2025-03-16,2025-03-17,2025-04-15,2025-03-24,9.1953125,17.482545576369162,-8.287233076369162,8.287233076369162,90.12453982797389
LinearRegression,45,2,2,2025-01-01,2025-03-16,2025-03-17,2025-04-15,2025-03-25,12.94140625,17.26697548817866,-4.325569238178659,4.325569238178659,33.42425973358698
LinearRegression,45,2,2,2025-01-01,2025-03-16,2025-03-17,2025-04-15,2025-03-26,13.65234375,9.960938405139288,3.691405344860712,3.691405344860712,27.038619979523382
LinearRegression,45,2,2,2025-01-01,2025-03-16,2025-03-17,2025-04-15,2025-03-27,14.77734375,10.472905799307128,4.304437950692872,4.304437950692872,29.128631122848937
LinearRegression,45,2,2,2025-01-01,2025-03-16,2025-03-17,2025-04-15,2025-03-28,15.93359375,16.606324423726434,-0.6727306737264342,0.6727306737264342,4.222090033683921
LinearRegression,45,2,2,2025-01-01,2025-03-16,2025-03-17,2025-04-15,2025-03-29,21.890625,20.23757866949468,1.653046330505319,1.653046330505319,7.551389375613163
LinearRegression,45,2,2,2025-01-01,2025-03-16,2025-03-17,2025-04-15,2025-03-30,19.109375,26.09341203034832,-6.984037030348318,6.984037030348318,36.547699913515316
LinearRegression,45,2,2,2025-01-01,2025-03-16,2025-03-17,2025-04-15,2025-03-31,11.83203125,16.47905015226094,-4.647018902260939,4.647018902260939,39.274903894975246
LinearRegression,45,2,2,2025-01-01,2025-03-16,2025-03-17,2025-04-15,2025-04-01,11.05859375,21.59771347210419,-10.53911972210419,10.53911972210419,95.30253086749107
LinearRegression,45,2,2,2025-01-01,2025-03-16,2025-03-17,2025-04-15,2025-04-02,12.88671875,20.398123841323397,-7.511405091323397,7.511405091323397,58.28795705907213
LinearRegression,45,2,2,2025-01-01,2025-03-16,2025-03-17,2025-04-15,2025-04-03,15.1796875,23.013410735097935,-7.833723235097935,7.833723235097935,51.60661729760862
LinearRegression,45,2,2,2025-01-01,2025-03-16,2025-03-17,2025-04-15,2025-04-04,15.9609375,22.77304446133867,-6.812106961338671,6.812106961338671,42.67986740339451
LinearRegression,45,2,2,2025-01-01,2025-03-16,2025-03-17,2025-04-15,2025-04-05,22.37890625,16.181985057950115,6.196921192049885,6.196921192049885,27.690902865504807
LinearRegression,45,2,2,2025-01-01,2025-03-16,2025-03-17,2025-04-15,2025-04-06,18.0703125,17.360628253770884,0.7096842462291164,0.7096842462291164,3.927349049603411
LinearRegression,45,2,2,2025-01-01,2025-03-16,2025-03-17,2025-04-15,2025-04-07,10.953125,23.698848985390057,-12.745723985390057,12.745723985390057,116.36609630028012
LinearRegression,45,2,2,2025-01-01,2025-03-16,2025-03-17,2025-04-15,2025-04-08,12.00390625,12.753872058988819,-0.7499658089888186,0.7499658089888186,6.247681324475677
LinearRegression,45,2,2,2025-01-01,2025-03-16,2025-03-17,2025-04-15,2025-04-09,12.2734375,22.553340311906865,-10.279902811906865,10.279902811906865,83.75732399262118
LinearRegression,45,2,2,2025-01-01,2025-03-16,2025-03-17,2025-04-15,2025-04-10,11.3203125,21.69287399261664,-10.37256149261664,10.37256149261664,91.62787239854589
LinearRegression,45,2,2,2025-01-01,2025-03-16,2025-03-17,2025-04-15,2025-04-11,16.63671875,22.715705514517666,-6.078986764517666,6.078986764517666,36.53957764067909
LinearRegression,45,2,2,2025-01-01,2025-03-16,2025-03-17,2025-04-15,2025-04-12,23.734375,25.15742894786159,-1.4230539478615896,1.4230539478615896,5.995750669067921
LinearRegression,45,2,2,2025-01-01,2025-03-16,2025-03-17,2025-04-15,2025-04-13,25.21484375,28.536915304254492,-3.3220715542544923,3.3220715542544923,13.175063019196747
LinearRegression,45,2,2,2025-01-01,2025-03-16,2025-03-17,2025-04-15,2025-04-14,14.3359375,27.190609261434346,-12.854671761434346,12.854671761434346,89.66746514787991
LinearRegression,45,2,2,2025-01-01,2025-03-16,2025-03-17,2025-04-15,2025-04-15,10.921875,29.023585882996585,-18.101710882996585,18.101710882996585,165.73812539510465
LinearRegression,45,3,3,2025-01-01,2025-04-15,2025-04-16,2025-05-15,2025-04-16,13.640625,12.6435546875,0.9970703125,0.9970703125,7.3095647193585345
LinearRegression,45,3,3,2025-01-01,2025-04-15,2025-04-16,2025-05-15,2025-04-17,15.99609375,13.731201171875,2.264892578125,2.264892578125,14.15903540903541
LinearRegression,45,3,3,2025-01-01,2025-04-15,2025-04-16,2025-05-15,2025-04-18,20.17578125,0.0,20.17578125,20.17578125,100.0
LinearRegression,45,3,3,2025-01-01,2025-04-15,2025-04-16,2025-05-15,2025-04-19,22.23046875,21.662353515625,0.568115234375,0.568115234375,2.5555701985591286
LinearRegression,45,3,3,2025-01-01,2025-04-15,2025-04-16,2025-05-15,2025-04-20,11.9765625,20.5067138671875,-8.5301513671875,8.5301513671875,71.22370352250489
LinearRegression,45,3,3,2025-01-01,2025-04-15,2025-04-16,2025-05-15,2025-04-21,13.4609375,0.0,13.4609375,13.4609375,100.0
LinearRegression,45,3,3,2025-01-01,2025-04-15,2025-04-16,2025-05-15,2025-04-22,11.8984375,0.0,11.8984375,11.8984375,100.0
LinearRegression,45,3,3,2025-01-01,2025-04-15,2025-04-16,2025-05-15,2025-04-23,16.4921875,0.0,16.4921875,16.4921875,100.0
LinearRegression,45,3,3,2025-01-01,2025-04-15,2025-04-16,2025-05-15,2025-04-24,15.3671875,0.0,15.3671875,15.3671875,100.0
LinearRegression,45,3,3,2025-01-01,2025-04-15,2025-04-16,2025-05-15,2025-04-25,15.66015625,40.481249999999996,-24.821093749999996,24.821093749999996,158.4983786480419
LinearRegression,45,3,3,2025-01-01,2025-04-15,2025-04-16,2025-05-15,2025-04-26,21.859375,0.0,21.859375,21.859375,100.0
LinearRegression,45,3,3,2025-01-01,2025-04-15,2025-04-16,2025-05-15,2025-04-27,20.3125,40.481249999999996,-20.168749999999996,20.168749999999996,99.29230769230767
LinearRegression,45,3,3,2025-01-01,2025-04-15,2025-04-16,2025-05-15,2025-04-28,14.96875,11.3192138671875,3.6495361328125,3.6495361328125,24.381034707724424
LinearRegression,45,3,3,2025-01-01,2025-04-15,2025-04-16,2025-05-15,2025-04-29,15.859375,12.51129150390625,3.34808349609375,3.34808349609375,21.111068349753694
LinearRegression,45,3,3,2025-01-01,2025-04-15,2025-04-16,2025-05-15,2025-04-30,28.22265625,40.481249999999996,-12.258593749999996,12.258593749999996,43.43529411764705
LinearRegression,45,3,3,2025-01-01,2025-04-15,2025-04-16,2025-05-15,2025-05-01,21.9921875,40.481249999999996,-18.489062499999996,18.489062499999996,84.0710479573712
LinearRegression,45,3,3,2025-01-01,2025-04-15,2025-04-16,2025-05-15,2025-05-02,20.91796875,0.0,20.91796875,20.91796875,100.0
LinearRegression,45,3,3,2025-01-01,2025-04-15,2025-04-16,2025-05-15,2025-05-03,20.4921875,0.0,20.4921875,20.4921875,100.0
LinearRegression,45,3,3,2025-01-01,2025-04-15,2025-04-16,2025-05-15,2025-05-04,16.3203125,0.0,16.3203125,16.3203125,100.0
LinearRegression,45,3,3,2025-01-01,2025-04-15,2025-04-16,2025-05-15,2025-05-05,14.921875,11.02325439453125,3.89862060546875,3.89862060546875,26.126881544502616
LinearRegression,45,3,3,2025-01-01,2025-04-15,2025-04-16,2025-05-15,2025-05-06,10.0546875,11.08648681640625,-1.03179931640625,1.03179931640625,10.261873543123542
LinearRegression,45,3,3,2025-01-01,2025-04-15,2025-04-16,2025-05-15,2025-05-07,10.64453125,13.1033935546875,-2.4588623046875,2.4588623046875,23.099770642201836
LinearRegression,45,3,3,2025-01-01,2025-04-15,2025-04-16,2025-05-15,2025-05-08,16.6484375,0.0,16.6484375,16.6484375,100.0
LinearRegression,45,3,3,2025-01-01,2025-04-15,2025-04-16,2025-05-15,2025-05-09,14.73828125,0.0,14.73828125,14.73828125,100.0
LinearRegression,45,3,3,2025-01-01,2025-04-15,2025-04-16,2025-05-15,2025-05-10,22.3515625,0.0,22.3515625,22.3515625,100.0
LinearRegression,45,3,3,2025-01-01,2025-04-15,2025-04-16,2025-05-15,2025-05-11,21.41015625,0.0,21.41015625,21.41015625,100.0
LinearRegression,45,3,3,2025-01-01,2025-04-15,2025-04-16,2025-05-15,2025-05-12,13.95703125,40.481249999999996,-26.524218749999996,26.524218749999996,190.0419815281276
LinearRegression,45,3,3,2025-01-01,2025-04-15,2025-04-16,2025-05-15,2025-05-13,11.1953125,0.0,11.1953125,11.1953125,100.0
LinearRegression,45,3,3,2025-01-01,2025-04-15,2025-04-16,2025-05-15,2025-05-14,11.15234375,40.481249999999996,-29.328906249999996,29.328906249999996,262.984238178634
LinearRegression,45,3,3,2025-01-01,2025-04-15,2025-04-16,2025-05-15,2025-05-15,14.74609375,0.0,14.74609375,14.74609375,100.0
LinearRegression,45,4,4,2025-01-01,2025-05-15,2025-05-16,2025-06-14,2025-05-16,18.07421875,19.19244384765625,-1.11822509765625,1.11822509765625,6.186851631726821
LinearRegression,45,4,4,2025-01-01,2025-05-15,2025-05-16,2025-06-14,2025-05-17,18.09375,22.7437744140625,-4.6500244140625,4.6500244140625,25.69961679620035
LinearRegression,45,4,4,2025-01-01,2025-05-15,2025-05-16,2025-06-14,2025-05-18,17.8125,21.85394287109375,-4.04144287109375,4.04144287109375,22.688802083333336
LinearRegression,45,4,4,2025-01-01,2025-05-15,2025-05-16,2025-06-14,2025-05-19,10.21484375,11.8189697265625,-1.6041259765625,1.6041259765625,15.70387189292543
LinearRegression,45,4,4,2025-01-01,2025-05-15,2025-05-16,2025-06-14,2025-05-20,12.2578125,9.04296875,3.21484375,3.21484375,26.22689611217336
LinearRegression,45,4,4,2025-01-01,2025-05-15,2025-05-16,2025-06-14,2025-05-21,10.76171875,9.17913818359375,1.58258056640625,1.58258056640625,14.705648820326678
LinearRegression,45,4,4,2025-01-01,2025-05-15,2025-05-16,2025-06-14,2025-05-22,12.37109375,11.72003173828125,0.65106201171875,0.65106201171875,5.262768392800758
LinearRegression,45,4,4,2025-01-01,2025-05-15,2025-05-16,2025-06-14,2025-05-23,11.80078125,12.3297119140625,-0.5289306640625,0.5289306640625,4.482166501158557
LinearRegression,45,4,4,2025-01-01,2025-05-15,2025-05-16,2025-06-14,2025-05-24,16.109375,15.90625,0.203125,0.203125,1.2609117361784674
LinearRegression,45,4,4,2025-01-01,2025-05-15,2025-05-16,2025-06-14,2025-05-25,15.21484375,17.30792236328125,-2.09307861328125,2.09307861328125,13.756819640564826
LinearRegression,45,4,4,2025-01-01,2025-05-15,2025-05-16,2025-06-14,2025-05-26,14.57421875,7.76611328125,6.80810546875,6.80810546875,46.71334762798177
LinearRegression,45,4,4,2025-01-01,2025-05-15,2025-05-16,2025-06-14,2025-05-27,10.80859375,4.59185791015625,6.21673583984375,6.21673583984375,57.51660191543188
LinearRegression,45,4,4,2025-01-01,2025-05-15,2025-05-16,2025-06-14,2025-05-28,7.69921875,11.3740234375,-3.6748046875,3.6748046875,47.729578893962454
LinearRegression,45,4,4,2025-01-01,2025-05-15,2025-05-16,2025-06-14,2025-05-29,12.7890625,6.45916748046875,6.32989501953125,6.32989501953125,49.49459758704948
LinearRegression,45,4,4,2025-01-01,2025-05-15,2025-05-16,2025-06-14,2025-05-30,13.609375,15.82733154296875,-2.21795654296875,2.21795654296875,16.297269661308842
LinearRegression,45,4,4,2025-01-01,2025-05-15,2025-05-16,2025-06-14,2025-05-31,16.671875,10.78607177734375,5.88580322265625,5.88580322265625,35.30378690253046
LinearRegression,45,4,4,2025-01-01,2025-05-15,2025-05-16,2025-06-14,2025-06-01,17.265625,43.8421875,-26.5765625,26.5765625,153.92760180995475
LinearRegression,45,4,4,2025-01-01,2025-05-15,2025-05-16,2025-06-14,2025-06-02,11.390625,17.68890380859375,-6.29827880859375,6.29827880859375,55.293531378600825
LinearRegression,45,4,4,2025-01-01,2025-05-15,2025-05-16,2025-06-14,2025-06-03,11.7265625,17.0789794921875,-5.3524169921875,5.3524169921875,45.6435293137908
LinearRegression,45,4,4,2025-01-01,2025-05-15,2025-05-16,2025-06-14,2025-06-04,11.234375,43.8421875,-32.6078125,32.6078125,290.25034770514605
LinearRegression,45,4,4,2025-01-01,2025-05-15,2025-05-16,2025-06-14,2025-06-05,10.44921875,43.8421875,-33.39296875,33.39296875,319.57383177570097
LinearRegression,45,4,4,2025-01-01,2025-05-15,2025-05-16,2025-06-14,2025-06-06,13.23046875,0.0,13.23046875,13.23046875,100.0
LinearRegression,45,4,4,2025-01-01,2025-05-15,2025-05-16,2025-06-14,2025-06-07,17.609375,0.0,17.609375,17.609375,100.0
LinearRegression,45,4,4,2025-01-01,2025-05-15,2025-05-16,2025-06-14,2025-06-08,15.859375,43.8421875,-27.9828125,27.9828125,176.4433497536946
LinearRegression,45,4,4,2025-01-01,2025-05-15,2025-05-16,2025-06-14,2025-06-09,11.43359375,0.0,11.43359375,11.43359375,100.0
LinearRegression,45,4,4,2025-01-01,2025-05-15,2025-05-16,2025-06-14,2025-06-10,9.70703125,0.0,9.70703125,9.70703125,100.0
LinearRegression,45,4,4,2025-01-01,2025-05-15,2025-05-16,2025-06-14,2025-06-11,11.69921875,13.19818115234375,-1.49896240234375,1.49896240234375,12.812499999999998
LinearRegression,45,4,4,2025-01-01,2025-05-15,2025-05-16,2025-06-14,2025-06-12,11.1328125,0.0,11.1328125,11.1328125,100.0
LinearRegression,45,4,4,2025-01-01,2025-05-15,2025-05-16,2025-06-14,2025-06-13,12.66796875,0.0,12.66796875,12.66796875,100.0
LinearRegression,45,4,4,2025-01-01,2025-05-15,2025-05-16,2025-06-14,2025-06-14,17.33203125,0.0,17.33203125,17.33203125,100.0
LinearRegression,45,5,5,2025-01-01,2025-06-14,2025-06-15,2025-07-14,2025-06-15,13.140625,17.304786682128906,-4.164161682128906,4.164161682128906,31.68922088659334
LinearRegression,45,5,5,2025-01-01,2025-06-14,2025-06-15,2025-07-14,2025-06-16,10.5859375,12.957786560058594,-2.3718490600585938,2.3718490600585938,22.405659017527675
LinearRegression,45,5,5,2025-01-01,2025-06-14,2025-06-15,2025-07-14,2025-06-17,10.41796875,12.779396057128906,-2.3614273071289062,2.3614273071289062,22.66686878983877
LinearRegression,45,5,5,2025-01-01,2025-06-14,2025-06-15,2025-07-14,2025-06-18,10.4921875,13.862480163574219,-3.3702926635742188,3.3702926635742188,32.121925609642595
LinearRegression,45,5,5,2025-01-01,2025-06-14,2025-06-15,2025-07-14,2025-06-19,15.37890625,14.892730712890625,0.486175537109375,0.486175537109375,3.1613141351282703
LinearRegression,45,5,5,2025-01-01,2025-06-14,2025-06-15,2025-07-14,2025-06-20,13.1015625,16.844970703125,-3.743408203125,3.743408203125,28.572227191413234
LinearRegression,45,5,5,2025-01-01,2025-06-14,2025-06-15,2025-07-14,2025-06-21,13.66796875,20.760955810546875,-7.092987060546875,7.092987060546875,51.89496106030295
LinearRegression,45,5,5,2025-01-01,2025-06-14,2025-06-15,2025-07-14,2025-06-22,15.90234375,20.974258422851562,-5.0719146728515625,5.0719146728515625,31.894133044706464
LinearRegression,45,5,5,2025-01-01,2025-06-14,2025-06-15,2025-07-14,2025-06-23,11.78515625,16.81678009033203,-5.031623840332031,5.031623840332031,42.69458744199536
LinearRegression,45,5,5,2025-01-01,2025-06-14,2025-06-15,2025-07-14,2025-06-24,11.30078125,16.441123962402344,-5.140342712402344,5.140342712402344,45.48661370117525
LinearRegression,45,5,5,2025-01-01,2025-06-14,2025-06-15,2025-07-14,2025-06-25,11.765625,18.187835693359375,-6.422210693359375,6.422210693359375,54.58452647742364
LinearRegression,45,5,5,2025-01-01,2025-06-14,2025-06-15,2025-07-14,2025-06-26,10.85546875,19.617332458496094,-8.761863708496094,8.761863708496094,80.71382185588341
LinearRegression,45,5,5,2025-01-01,2025-06-14,2025-06-15,2025-07-14,2025-06-27,13.60546875,21.258148193359375,-7.652679443359375,7.652679443359375,56.24708405110537
LinearRegression,45,5,5,2025-01-01,2025-06-14,2025-06-15,2025-07-14,2025-06-28,15.6328125,25.0064697265625,-9.3736572265625,9.3736572265625,59.961425537231385
LinearRegression,45,5,5,2025-01-01,2025-06-14,2025-06-15,2025-07-14,2025-06-29,17.41796875,25.404998779296875,-7.987030029296875,7.987030029296875,45.85511745907154
LinearRegression,45,5,5,2025-01-01,2025-06-14,2025-06-15,2025-07-14,2025-06-30,14.37890625,0.0,14.37890625,14.37890625,100.0
LinearRegression,45,5,5,2025-01-01,2025-06-14,2025-06-15,2025-07-14,2025-07-01,11.33984375,8.768356323242188,2.5714874267578125,2.5714874267578125,22.67656842059938
LinearRegression,45,5,5,2025-01-01,2025-06-14,2025-06-15,2025-07-14,2025-07-02,9.7421875,9.764945983886719,-0.02275848388671875,0.02275848388671875,0.23360753307939053
LinearRegression,45,5,5,2025-01-01,2025-06-14,2025-06-15,2025-07-14,2025-07-03,13.31640625,11.183067321777344,2.1333389282226562,2.1333389282226562,16.02038033514227
LinearRegression,45,5,5,2025-01-01,2025-06-14,2025-06-15,2025-07-14,2025-07-04,13.86328125,11.505233764648438,2.3580474853515625,2.3580474853515625,17.009302796562412
LinearRegression,45,5,5,2025-01-01,2025-06-14,2025-06-15,2025-07-14,2025-07-05,14.7578125,43.539062499999986,-28.781249999999986,28.781249999999986,195.02382212811003
LinearRegression,45,5,5,2025-01-01,2025-06-14,2025-06-15,2025-07-14,2025-07-06,9.4765625,18.44202423095703,-8.965461730957031,8.965461730957031,94.6066860315334
LinearRegression,45,5,5,2025-01-01,2025-06-14,2025-06-15,2025-07-14,2025-07-07,8.96484375,11.8427734375,-2.8779296875,2.8779296875,32.10239651416122
LinearRegression,45,5,5,2025-01-01,2025-06-14,2025-06-15,2025-07-14,2025-07-08,9.6875,11.124397277832031,-1.4368972778320312,1.4368972778320312,14.83248802923387
LinearRegression,45,5,5,2025-01-01,2025-06-14,2025-06-15,2025-07-14,2025-07-09,12.1484375,12.973686218261719,-0.8252487182617188,0.8252487182617188,6.793044111736335
LinearRegression,45,5,5,2025-01-01,2025-06-14,2025-06-15,2025-07-14,2025-07-10,11.09765625,14.755653381347656,-3.6579971313476562,3.6579971313476562,32.96188896955297
LinearRegression,45,5,5,2025-01-01,2025-06-14,2025-06-15,2025-07-14,2025-07-11,12.33203125,16.12645721435547,-3.7944259643554688,3.7944259643554688,30.768864329268293
LinearRegression,45,5,5,2025-01-01,2025-06-14,2025-06-15,2025-07-14,2025-07-12,18.7734375,0.0,18.7734375,18.7734375,100.0
LinearRegression,45,5,5,2025-01-01,2025-06-14,2025-06-15,2025-07-14,2025-07-13,14.00390625,14.351554870605469,-0.34764862060546875,0.34764862060546875,2.4825117677824267
LinearRegression,45,5,5,2025-01-01,2025-06-14,2025-06-15,2025-07-14,2025-07-14,9.69921875,7.5549163818359375,2.1443023681640625,2.1443023681640625,22.107990585984698
LinearRegression,45,6,6,2025-01-01,2025-07-14,2025-07-15,2025-08-13,2025-07-15,11.79296875,9.554092407226562,2.2388763427734375,2.2388763427734375,18.984840799933753
LinearRegression,45,6,6,2025-01-01,2025-07-14,2025-07-15,2025-08-13,2025-07-16,11.625,10.274311065673828,1.3506889343261719,1.3506889343261719,11.618829542590726
LinearRegression,45,6,6,2025-01-01,2025-07-14,2025-07-15,2025-08-13,2025-07-17,11.20703125,11.716442108154297,-0.5094108581542969,0.5094108581542969,4.545457639857093
LinearRegression,45,6,6,2025-01-01,2025-07-14,2025-07-15,2025-08-13,2025-07-18,12.76953125,12.570893287658691,0.1986379623413086,0.1986379623413086,1.5555618953617314
LinearRegression,45,6,6,2025-01-01,2025-07-14,2025-07-15,2025-08-13,2025-07-19,16.83984375,14.946361541748047,1.8934822082519531,1.8934822082519531,11.244060434064023
LinearRegression,45,6,6,2025-01-01,2025-07-14,2025-07-15,2025-08-13,2025-07-20,15.55859375,13.875391006469727,1.6832027435302734,1.6832027435302734,10.818476081942004
LinearRegression,45,6,6,2025-01-01,2025-07-14,2025-07-15,2025-08-13,2025-07-21,10.421875,11.891629219055176,-1.4697542190551758,1.4697542190551758,14.102589208325526
LinearRegression,45,6,6,2025-01-01,2025-07-14,2025-07-15,2025-08-13,2025-07-22,12.03125,12.377629280090332,-0.34637928009033203,0.34637928009033203,2.878996613737825
LinearRegression,45,6,6,2025-01-01,2025-07-14,2025-07-15,2025-08-13,2025-07-23,12.75390625,14.081262588500977,-1.3273563385009766,1.3273563385009766,10.407449392228179
LinearRegression,45,6,6,2025-01-01,2025-07-14,2025-07-15,2025-08-13,2025-07-24,10.875,15.064300537109375,-4.189300537109375,4.189300537109375,38.52230378951149
LinearRegression,45,6,6,2025-01-01,2025-07-14,2025-07-15,2025-08-13,2025-07-25,12.4609375,16.120847702026367,-3.659910202026367,3.659910202026367,29.371066198079937
LinearRegression,45,6,6,2025-01-01,2025-07-14,2025-07-15,2025-08-13,2025-07-26,17.00390625,19.93671417236328,-2.9328079223632812,2.9328079223632812,17.247848107626922
LinearRegression,45,6,6,2025-01-01,2025-07-14,2025-07-15,2025-08-13,2025-07-27,14.58203125,19.701459884643555,-5.119428634643555,5.119428634643555,35.10778811863782
LinearRegression,45,6,6,2025-01-01,2025-07-14,2025-07-15,2025-08-13,2025-07-28,12.27734375,17.1757173538208,-4.898373603820801,4.898373603820801,39.89766600630369
LinearRegression,45,6,6,2025-01-01,2025-07-14,2025-07-15,2025-08-13,2025-07-29,11.1640625,17.36126708984375,-6.19720458984375,6.19720458984375,55.5103000349895
LinearRegression,45,6,6,2025-01-01,2025-07-14,2025-07-15,2025-08-13,2025-07-30,11.828125,18.847331047058105,-7.0192060470581055,7.0192060470581055,59.34335363430895
LinearRegression,45,6,6,2025-01-01,2025-07-14,2025-07-15,2025-08-13,2025-07-31,12.734375,20.66341781616211,-7.929042816162109,7.929042816162109,62.2648761023773
LinearRegression,45,6,6,2025-01-01,2025-07-14,2025-07-15,2025-08-13,2025-08-01,14.0546875,10.807886123657227,3.2468013763427734,3.2468013763427734,23.101199342516676
LinearRegression,45,6,6,2025-01-01,2025-07-14,2025-07-15,2025-08-13,2025-08-02,18.59375,10.893165588378906,7.700584411621094,7.700584411621094,41.414907759978995
LinearRegression,45,6,6,2025-01-01,2025-07-14,2025-07-15,2025-08-13,2025-08-03,15.4609375,10.452393531799316,5.008543968200684,5.008543968200684,32.394827080833124
LinearRegression,45,6,6,2025-01-01,2025-07-14,2025-07-15,2025-08-13,2025-08-04,13.875,8.372905731201172,5.502094268798828,5.502094268798828,39.65473346882039
LinearRegression,45,6,6,2025-01-01,2025-07-14,2025-07-15,2025-08-13,2025-08-05,12.921875,7.513790130615234,5.408084869384766,5.408084869384766,41.85216827577086
LinearRegression,45,6,6,2025-01-01,2025-07-14,2025-07-15,2025-08-13,2025-08-06,11.60546875,7.277321815490723,4.328146934509277,4.328146934509277,37.29402945925194
LinearRegression,45,6,6,2025-01-01,2025-07-14,2025-07-15,2025-08-13,2025-08-07,13.20703125,42.333984375,-29.126953125,29.126953125,220.5412599822538
LinearRegression,45,6,6,2025-01-01,2025-07-14,2025-07-15,2025-08-13,2025-08-08,14.25390625,12.356828689575195,1.8970775604248047,1.8970775604248047,13.309176636578515
LinearRegression,45,6,6,2025-01-01,2025-07-14,2025-07-15,2025-08-13,2025-08-09,16.66015625,11.464844703674316,5.195311546325684,5.195311546325684,31.1840505476993
LinearRegression,45,6,6,2025-01-01,2025-07-14,2025-07-15,2025-08-13,2025-08-10,12.44921875,10.840410232543945,1.6088085174560547,1.6088085174560547,12.922967695913085
LinearRegression,45,6,6,2025-01-01,2025-07-14,2025-07-15,2025-08-13,2025-08-11,12.37890625,10.057042121887207,2.321864128112793,2.321864128112793,18.756617759446986
LinearRegression,45,6,6,2025-01-01,2025-07-14,2025-07-15,2025-08-13,2025-08-12,10.80859375,10.547205924987793,0.26138782501220703,0.26138782501220703,2.418333328627575
LinearRegression,45,6,6,2025-01-01,2025-07-14,2025-07-15,2025-08-13,2025-08-13,11.75,11.750953674316406,-0.00095367431640625,0.00095367431640625,0.008116377160904254
LinearRegression,45,7,7,2025-01-01,2025-08-13,2025-08-14,2025-09-12,2025-08-14,11.91796875,12.446737289428711,-0.5287685394287109,0.5287685394287109,4.436733729719764
LinearRegression,45,7,7,2025-01-01,2025-08-13,2025-08-14,2025-09-12,2025-08-15,14.9765625,13.22022819519043,1.7563343048095703,1.7563343048095703,11.727219145311684
LinearRegression,45,7,7,2025-01-01,2025-08-13,2025-08-14,2025-09-12,2025-08-16,15.7109375,16.252058029174805,-0.5411205291748047,0.5411205291748047,3.4442281319927894
LinearRegression,45,7,7,2025-01-01,2025-08-13,2025-08-14,2025-09-12,2025-08-17,17.4296875,15.835647583007812,1.5940399169921875,1.5940399169921875,9.145545019049752
LinearRegression,45,7,7,2025-01-01,2025-08-13,2025-08-14,2025-09-12,2025-08-18,13.48046875,14.111063003540039,-0.6305942535400391,0.6305942535400391,4.67783624764561
LinearRegression,45,7,7,2025-01-01,2025-08-13,2025-08-14,2025-09-12,2025-08-19,13.83984375,13.803316116333008,0.03652763366699219,0.03652763366699219,0.26393096863533727
LinearRegression,45,7,7,2025-01-01,2025-08-13,2025-08-14,2025-09-12,2025-08-20,13.26953125,14.381242752075195,-1.1117115020751953,1.1117115020751953,8.377925950287018
LinearRegression,45,7,7,2025-01-01,2025-08-13,2025-08-14,2025-09-12,2025-08-21,13.02734375,15.652359008789062,-2.6250152587890625,2.6250152587890625,20.150042166416792
LinearRegression,45,7,7,2025-01-01,2025-08-13,2025-08-14,2025-09-12,2025-08-22,16.01953125,16.764162063598633,-0.7446308135986328,0.7446308135986328,4.648268429194099
LinearRegression,45,7,7,2025-01-01,2025-08-13,2025-08-14,2025-09-12,2025-08-23,26.41015625,19.766576766967773,6.643579483032227,6.643579483032227,25.15539635640068
LinearRegression,45,7,7,2025-01-01,2025-08-13,2025-08-14,2025-09-12,2025-08-24,25.89453125,19.315319061279297,6.579212188720703,6.579212188720703,25.407728470546086
LinearRegression,45,7,7,2025-01-01,2025-08-13,2025-08-14,2025-09-12,2025-08-25,15.6796875,17.645950317382812,-1.9662628173828125,1.9662628173828125,12.540191361484803
LinearRegression,45,7,7,2025-01-01,2025-08-13,2025-08-14,2025-09-12,2025-08-26,12.02734375,17.404211044311523,-5.376867294311523,5.376867294311523,44.70535977082657
LinearRegression,45,7,7,2025-01-01,2025-08-13,2025-08-14,2025-09-12,2025-08-27,11.4609375,18.55024528503418,-7.08930778503418,7.08930778503418,61.856264245697
LinearRegression,45,7,7,2025-01-01,2025-08-13,2025-08-14,2025-09-12,2025-08-28,13.8359375,19.87320899963379,-6.037271499633789,6.037271499633789,43.63471213738707
LinearRegression,45,7,7,2025-01-01,2025-08-13,2025-08-14,2025-09-12,2025-08-29,16.3984375,20.91849708557129,-4.520059585571289,4.520059585571289,27.563965076375656
LinearRegression,45,7,7,2025-01-01,2025-08-13,2025-08-14,2025-09-12,2025-08-30,20.38671875,23.994625091552734,-3.6079063415527344,3.6079063415527344,17.697337103611805
LinearRegression,45,7,7,2025-01-01,2025-08-13,2025-08-14,2025-09-12,2025-08-31,19.58203125,24.448902130126953,-4.866870880126953,4.866870880126953,24.853759132505484
LinearRegression,45,7,7,2025-01-01,2025-08-13,2025-08-14,2025-09-12,2025-09-01,23.41015625,0.0,23.41015625,23.41015625,100.0
LinearRegression,45,7,7,2025-01-01,2025-08-13,2025-08-14,2025-09-12,2025-09-02,11.5625,8.466915130615234,3.0955848693847656,3.0955848693847656,26.772625897381758
LinearRegression,45,7,7,2025-01-01,2025-08-13,2025-08-14,2025-09-12,2025-09-03,13.06640625,9.479164123535156,3.5872421264648438,3.5872421264648438,27.453930773542602
LinearRegression,45,7,7,2025-01-01,2025-08-13,2025-08-14,2025-09-12,2025-09-04,11.08984375,10.830602645874023,0.25924110412597656,0.25924110412597656,2.3376443344927793
LinearRegression,45,7,7,2025-01-01,2025-08-13,2025-08-14,2025-09-12,2025-09-05,13.89453125,10.731321334838867,3.163209915161133,3.163209915161133,22.765862757414958
LinearRegression,45,7,7,2025-01-01,2025-08-13,2025-08-14,2025-09-12,2025-09-06,19.28515625,42.333984375,-23.048828125,23.048828125,119.51590034433868
LinearRegression,45,7,7,2025-01-01,2025-08-13,2025-08-14,2025-09-12,2025-09-07,19.7109375,16.95546531677246,2.755472183227539,2.755472183227539,13.97940703341756
LinearRegression,45,7,7,2025-01-01,2025-08-13,2025-08-14,2025-09-12,2025-09-08,8.5859375,42.333984375,-33.748046875,33.748046875,393.06187443130113
LinearRegression,45,7,7,2025-01-01,2025-08-13,2025-08-14,2025-09-12,2025-09-09,11.88671875,0.0,11.88671875,11.88671875,100.0
LinearRegression,45,7,7,2025-01-01,2025-08-13,2025-08-14,2025-09-12,2025-09-10,9.19921875,12.366022109985352,-3.1668033599853516,3.1668033599853516,34.42469894506369
LinearRegression,45,7,7,2025-01-01,2025-08-13,2025-08-14,2025-09-12,2025-09-11,12.69921875,14.430164337158203,-1.7309455871582031,1.7309455871582031,13.630331292294679
LinearRegression,45,7,7,2025-01-01,2025-08-13,2025-08-14,2025-09-12,2025-09-12,13.2421875,0.0,13.2421875,13.2421875,100.0
LinearRegression,45,8,8,2025-01-01,2025-09-12,2025-09-13,2025-10-12,2025-09-13,18.23046875,16.96733856201172,1.2631301879882812,1.2631301879882812,6.928676411506321
LinearRegression,45,8,8,2025-01-01,2025-09-12,2025-09-13,2025-10-12,2025-09-14,15.44140625,17.05632781982422,-1.6149215698242188,1.6149215698242188,10.458384059575005
LinearRegression,45,8,8,2025-01-01,2025-09-12,2025-09-13,2025-10-12,2025-09-15,10.828125,13.989250183105469,-3.1611251831054688,3.1611251831054688,29.19365248466811
LinearRegression,45,8,8,2025-01-01,2025-09-12,2025-09-13,2025-10-12,2025-09-16,11.87890625,11.824142456054688,0.0547637939453125,0.0547637939453125,0.4610171407431766
LinearRegression,45,8,8,2025-01-01,2025-09-12,2025-09-13,2025-10-12,2025-09-17,9.30859375,12.187141418457031,-2.8785476684570312,2.8785476684570312,30.923550278010907
LinearRegression,45,8,8,2025-01-01,2025-09-12,2025-09-13,2025-10-12,2025-09-18,12.50390625,13.511985778808594,-1.0080795288085938,1.0080795288085938,8.062116818962824
LinearRegression,45,8,8,2025-01-01,2025-09-12,2025-09-13,2025-10-12,2025-09-19,16.0859375,14.964729309082031,1.1212081909179688,1.1212081909179688,6.970114057187955
LinearRegression,45,8,8,2025-01-01,2025-09-12,2025-09-13,2025-10-12,2025-09-20,18.859375,18.913604736328125,-0.054229736328125,0.054229736328125,0.28754789768019884
LinearRegression,45,8,8,2025-01-01,2025-09-12,2025-09-13,2025-10-12,2025-09-21,18.55859375,19.651275634765625,-1.092681884765625,1.092681884765625,5.887740738791834
LinearRegression,45,8,8,2025-01-01,2025-09-12,2025-09-13,2025-10-12,2025-09-22,10.22265625,13.546638488769531,-3.3239822387695312,3.3239822387695312,32.51583695548338
LinearRegression,45,8,8,2025-01-01,2025-09-12,2025-09-13,2025-10-12,2025-09-23,9.7109375,12.760910034179688,-3.0499725341796875,3.0499725341796875,31.407601317377313
LinearRegression,45,8,8,2025-01-01,2025-09-12,2025-09-13,2025-10-12,2025-09-24,9.390625,12.732536315917969,-3.3419113159179688,3.3419113159179688,35.58774113456739
LinearRegression,45,8,8,2025-01-01,2025-09-12,2025-09-13,2025-10-12,2025-09-25,9.78515625,14.590461730957031,-4.805305480957031,4.805305480957031,49.1081119011976
LinearRegression,45,8,8,2025-01-01,2025-09-12,2025-09-13,2025-10-12,2025-09-26,15.32421875,15.540542602539062,-0.2163238525390625,0.2163238525390625,1.4116468582717308
LinearRegression,45,8,8,2025-01-01,2025-09-12,2025-09-13,2025-10-12,2025-09-27,18.71484375,18.865150451660156,-0.15030670166015625,0.15030670166015625,0.8031416327489043
LinearRegression,45,8,8,2025-01-01,2025-09-12,2025-09-13,2025-10-12,2025-09-28,17.06640625,19.40558624267578,-2.3391799926757812,2.3391799926757812,13.706341911764705
LinearRegression,45,8,8,2025-01-01,2025-09-12,2025-09-13,2025-10-12,2025-09-29,11.71484375,15.010459899902344,-3.2956161499023438,3.2956161499023438,28.131968468656222
LinearRegression,45,8,8,2025-01-01,2025-09-12,2025-09-13,2025-10-12,2025-09-30,11.19140625,13.942138671875,-2.750732421875,2.750732421875,24.57897033158813
LinearRegression,45,8,8,2025-01-01,2025-09-12,2025-09-13,2025-10-12,2025-10-01,9.77734375,12.890335083007812,-3.1129913330078125,3.1129913330078125,31.83882466040751
LinearRegression,45,8,8,2025-01-01,2025-09-12,2025-09-13,2025-10-12,2025-10-02,10.85546875,13.979354858398438,-3.1238861083984375,3.1238861083984375,28.777072463116227
LinearRegression,45,8,8,2025-01-01,2025-09-12,2025-09-13,2025-10-12,2025-10-03,14.015625,14.830558776855469,-0.8149337768554688,0.8149337768554688,5.814466189381271
LinearRegression,45,8,8,2025-01-01,2025-09-12,2025-09-13,2025-10-12,2025-10-04,20.60546875,18.222328186035156,2.3831405639648438,2.3831405639648438,11.565573163507109
LinearRegression,45,8,8,2025-01-01,2025-09-12,2025-09-13,2025-10-12,2025-10-05,18.5234375,18.9931640625,-0.4697265625,0.4697265625,2.535849852382961
LinearRegression,45,8,8,2025-01-01,2025-09-12,2025-09-13,2025-10-12,2025-10-06,10.6640625,13.990005493164062,-3.3259429931640625,3.3259429931640625,31.188329899267398
LinearRegression,45,8,8,2025-01-01,2025-09-12,2025-09-13,2025-10-12,2025-10-07,11.9296875,12.707275390625,-0.777587890625,0.777587890625,6.518091028159791
LinearRegression,45,8,8,2025-01-01,2025-09-12,2025-09-13,2025-10-12,2025-10-08,12.04296875,12.676986694335938,-0.6340179443359375,0.6340179443359375,5.2646316493675
LinearRegression,45,8,8,2025-01-01,2025-09-12,2025-09-13,2025-10-12,2025-10-09,12.76171875,14.050872802734375,-1.289154052734375,1.289154052734375,10.101727502295683
LinearRegression,45,8,8,2025-01-01,2025-09-12,2025-09-13,2025-10-12,2025-10-10,15.87890625,14.953582763671875,0.925323486328125,0.925323486328125,5.827375461254613
LinearRegression,45,8,8,2025-01-01,2025-09-12,2025-09-13,2025-10-12,2025-10-11,21.76171875,18.18962860107422,3.5720901489257812,3.5720901489257812,16.414558932417876
LinearRegression,45,8,8,2025-01-01,2025-09-12,2025-09-13,2025-10-12,2025-10-12,16.6328125,18.857406616210938,-2.2245941162109375,2.2245941162109375,13.374732121888211
LinearRegression,45,9,9,2025-01-01,2025-10-12,2025-10-13,2025-11-11,2025-10-13,11.2578125,12.252227783203125,-0.994415283203125,0.994415283203125,8.833112855655795
LinearRegression,45,9,9,2025-01-01,2025-10-12,2025-10-13,2025-11-11,2025-10-14,11.03515625,11.776153564453125,-0.740997314453125,0.740997314453125,6.714878318584071
LinearRegression,45,9,9,2025-01-01,2025-10-12,2025-10-13,2025-11-11,2025-10-15,10.23828125,12.517120361328125,-2.278839111328125,2.278839111328125,22.258024132010686
LinearRegression,45,9,9,2025-01-01,2025-10-12,2025-10-13,2025-11-11,2025-10-16,13.40625,13.698104858398438,-0.2918548583984375,0.2918548583984375,2.1770059367715615
LinearRegression,45,9,9,2025-01-01,2025-10-12,2025-10-13,2025-11-11,2025-10-17,17.51171875,15.037857055664062,2.4738616943359375,2.4738616943359375,14.126892566361812
LinearRegression,45,9,9,2025-01-01,2025-10-12,2025-10-13,2025-11-11,2025-10-18,18.5390625,18.996871948242188,-0.4578094482421875,0.4578094482421875,2.4694314949431098
LinearRegression,45,9,9,2025-01-01,2025-10-12,2025-10-13,2025-11-11,2025-10-19,15.17578125,19.01434326171875,-3.83856201171875,3.83856201171875,25.29399935649936
LinearRegression,45,9,9,2025-01-01,2025-10-12,2025-10-13,2025-11-11,2025-10-20,10.79296875,13.412857055664062,-2.6198883056640625,2.6198883056640625,24.274028456387985
LinearRegression,45,9,9,2025-01-01,2025-10-12,2025-10-13,2025-11-11,2025-10-21,13.44921875,12.7855224609375,0.6636962890625,0.6636962890625,4.934831542259658
LinearRegression,45,9,9,2025-01-01,2025-10-12,2025-10-13,2025-11-11,2025-10-22,11.66796875,13.538070678710938,-1.8701019287109375,1.8701019287109375,16.02765630231001
LinearRegression,45,9,9,2025-01-01,2025-10-12,2025-10-13,2025-11-11,2025-10-23,12.23828125,15.033004760742188,-2.7947235107421875,2.7947235107421875,22.835915057452922
LinearRegression,45,9,9,2025-01-01,2025-10-12,2025-10-13,2025-11-11,2025-10-24,14.52734375,16.437469482421875,-1.910125732421875,1.910125732421875,13.148485816079592
LinearRegression,45,9,9,2025-01-01,2025-10-12,2025-10-13,2025-11-11,2025-10-25,19.265625,20.436599731445312,-1.1709747314453125,1.1709747314453125,6.078052134022709
LinearRegression,45,9,9,2025-01-01,2025-10-12,2025-10-13,2025-11-11,2025-10-26,19.89453125,19.8499755859375,0.0445556640625,0.0445556640625,0.2239593559787944
LinearRegression,45,9,9,2025-01-01,2025-10-12,2025-10-13,2025-11-11,2025-10-27,9.4921875,14.788040161132812,-5.2958526611328125,5.2958526611328125,55.791698816872426
LinearRegression,45,9,9,2025-01-01,2025-10-12,2025-10-13,2025-11-11,2025-10-28,12.7578125,13.933181762695312,-1.1753692626953125,1.1753692626953125,9.212937270361298
LinearRegression,45,9,9,2025-01-01,2025-10-12,2025-10-13,2025-11-11,2025-10-29,9.73828125,14.786148071289062,-5.0478668212890625,5.0478668212890625,51.83529507621339
LinearRegression,45,9,9,2025-01-01,2025-10-12,2025-10-13,2025-11-11,2025-10-30,9.109375,16.35211181640625,-7.24273681640625,7.24273681640625,79.5086031303602
LinearRegression,45,9,9,2025-01-01,2025-10-12,2025-10-13,2025-11-11,2025-10-31,13.49609375,17.38751220703125,-3.89141845703125,3.89141845703125,28.83366497829233
LinearRegression,45,9,9,2025-01-01,2025-10-12,2025-10-13,2025-11-11,2025-11-01,21.05078125,19.060516357421875,1.990264892578125,1.990264892578125,9.454589209500835
LinearRegression,45,9,9,2025-01-01,2025-10-12,2025-10-13,2025-11-11,2025-11-02,19.015625,19.320404052734375,-0.304779052734375,0.304779052734375,1.6027822000821694
LinearRegression,45,9,9,2025-01-01,2025-10-12,2025-10-13,2025-11-11,2025-11-03,12.2890625,14.305923461914062,-2.0168609619140625,2.0168609619140625,16.41183745232041
LinearRegression,45,9,9,2025-01-01,2025-10-12,2025-10-13,2025-11-11,2025-11-04,15.23046875,13.368789672851562,1.8616790771484375,1.8616790771484375,12.223386605539883
LinearRegression,45,9,9,2025-01-01,2025-10-12,2025-10-13,2025-11-11,2025-11-05,10.9765625,13.79461669921875,-2.81805419921875,2.81805419921875,25.67337633451957
LinearRegression,45,9,9,2025-01-01,2025-10-12,2025-10-13,2025-11-11,2025-11-06,12.0625,15.006698608398438,-2.9441986083984375,2.9441986083984375,24.407864111075128
LinearRegression,45,9,9,2025-01-01,2025-10-12,2025-10-13,2025-11-11,2025-11-07,13.328125,15.7269287109375,-2.3988037109375,2.3988037109375,17.998058323563892
LinearRegression,45,9,9,2025-01-01,2025-10-12,2025-10-13,2025-11-11,2025-11-08,19.1171875,18.87835693359375,0.23883056640625,0.23883056640625,1.2492976093175319
LinearRegression,45,9,9,2025-01-01,2025-10-12,2025-10-13,2025-11-11,2025-11-09,17.85546875,19.2451171875,-1.3896484375,1.3896484375,7.782760883832859
LinearRegression,45,9,9,2025-01-01,2025-10-12,2025-10-13,2025-11-11,2025-11-10,11.03515625,14.285369873046875,-3.250213623046875,3.250213623046875,29.453263274336283
LinearRegression,45,9,9,2025-01-01,2025-10-12,2025-10-13,2025-11-11,2025-11-11,10.47265625,13.263748168945312,-2.7910919189453125,2.7910919189453125,26.651232049608353
LinearRegression,45,10,10,2025-01-01,2025-10-13,2025-10-14,2025-11-12,2025-10-14,11.03515625,11.244583129882812,-0.2094268798828125,0.2094268798828125,1.8978152654867255
LinearRegression,45,10,10,2025-01-01,2025-10-13,2025-10-14,2025-11-12,2025-10-15,10.23828125,12.011550903320312,-1.7732696533203125,1.7732696533203125,17.319993561617704
LinearRegression,45,10,10,2025-01-01,2025-10-13,2025-10-14,2025-11-12,2025-10-16,13.40625,13.214035034179688,0.1922149658203125,0.1922149658203125,1.4337713068181819
LinearRegression,45,10,10,2025-01-01,2025-10-13,2025-10-14,2025-11-12,2025-10-17,17.51171875,14.432174682617188,3.0795440673828125,3.0795440673828125,17.585618586883783
LinearRegression,45,10,10,2025-01-01,2025-10-13,2025-10-14,2025-11-12,2025-10-18,18.5390625,18.30804443359375,0.23101806640625,0.23101806640625,1.246115149599663
LinearRegression,45,10,10,2025-01-01,2025-10-13,2025-10-14,2025-11-12,2025-10-19,15.17578125,18.300628662109375,-3.124847412109375,3.124847412109375,20.591015122265123
LinearRegression,45,10,10,2025-01-01,2025-10-13,2025-10-14,2025-11-12,2025-10-20,10.79296875,12.630630493164062,-1.8376617431640625,1.8376617431640625,17.026471453130654
LinearRegression,45,10,10,2025-01-01,2025-10-13,2025-10-14,2025-11-12,2025-10-21,13.44921875,12.141082763671875,1.308135986328125,1.308135986328125,9.72648308161487
LinearRegression,45,10,10,2025-01-01,2025-10-13,2025-10-14,2025-11-12,2025-10-22,11.66796875,12.9432373046875,-1.2752685546875,1.2752685546875,10.929653498493472
LinearRegression,45,10,10,2025-01-01,2025-10-13,2025-10-14,2025-11-12,2025-10-23,12.23828125,14.4588623046875,-2.2205810546875,2.2205810546875,18.144549952122567
LinearRegression,45,10,10,2025-01-01,2025-10-13,2025-10-14,2025-11-12,2025-10-24,14.52734375,15.853607177734375,-1.326263427734375,1.326263427734375,9.129428273729497
LinearRegression,45,10,10,2025-01-01,2025-10-13,2025-10-14,2025-11-12,2025-10-25,19.265625,19.857452392578125,-0.591827392578125,0.591827392578125,3.0719345600162207
LinearRegression,45,10,10,2025-01-01,2025-10-13,2025-10-14,2025-11-12,2025-10-26,19.89453125,19.271240234375,0.623291015625,0.623291015625,3.132976634596505
LinearRegression,45,10,10,2025-01-01,2025-10-13,2025-10-14,2025-11-12,2025-10-27,9.4921875,13.998641967773438,-4.5064544677734375,4.5064544677734375,47.475405092592595
LinearRegression,45,10,10,2025-01-01,2025-10-13,2025-10-14,2025-11-12,2025-10-28,12.7578125,13.219528198242188,-0.4617156982421875,0.4617156982421875,3.619082019289651
LinearRegression,45,10,10,2025-01-01,2025-10-13,2025-10-14,2025-11-12,2025-10-29,9.73828125,14.11175537109375,-4.37347412109375,4.37347412109375,44.910123345367026
LinearRegression,45,10,10,2025-01-01,2025-10-13,2025-10-14,2025-11-12,2025-10-30,9.109375,15.705947875976562,-6.5965728759765625,6.5965728759765625,72.41520824399656
LinearRegression,45,10,10,2025-01-01,2025-10-13,2025-10-14,2025-11-12,2025-10-31,13.49609375,16.707199096679688,-3.2111053466796875,3.2111053466796875,23.79285003617945
LinearRegression,45,10,10,2025-01-01,2025-10-13,2025-10-14,2025-11-12,2025-11-01,21.05078125,18.289230346679688,2.7615509033203125,2.7615509033203125,13.118519785674524
LinearRegression,45,10,10,2025-01-01,2025-10-13,2025-10-14,2025-11-12,2025-11-02,19.015625,18.513290405273438,0.5023345947265625,0.5023345947265625,2.6416938424404273
LinearRegression,45,10,10,2025-01-01,2025-10-13,2025-10-14,2025-11-12,2025-11-03,12.2890625,13.47174072265625,-1.18267822265625,1.18267822265625,9.623827876668786
LinearRegression,45,10,10,2025-01-01,2025-10-13,2025-10-14,2025-11-12,2025-11-04,15.23046875,12.561553955078125,2.668914794921875,2.668914794921875,17.523523659912797
LinearRegression,45,10,10,2025-01-01,2025-10-13,2025-10-14,2025-11-12,2025-11-05,10.9765625,12.999130249023438,-2.0225677490234375,2.0225677490234375,18.426239991103202
LinearRegression,45,10,10,2025-01-01,2025-10-13,2025-10-14,2025-11-12,2025-11-06,12.0625,14.195053100585938,-2.1325531005859375,2.1325531005859375,17.679196688795336
LinearRegression,45,10,10,2025-01-01,2025-10-13,2025-10-14,2025-11-12,2025-11-07,13.328125,14.879150390625,-1.551025390625,1.551025390625,11.637236225087925
LinearRegression,45,10,10,2025-01-01,2025-10-13,2025-10-14,2025-11-12,2025-11-08,19.1171875,17.99017333984375,1.12701416015625,1.12701416015625,5.895292705353494
LinearRegression,45,10,10,2025-01-01,2025-10-13,2025-10-14,2025-11-12,2025-11-09,17.85546875,18.353836059570312,-0.4983673095703125,0.4983673095703125,2.7911186009625903
LinearRegression,45,10,10,2025-01-01,2025-10-13,2025-10-14,2025-11-12,2025-11-10,11.03515625,13.343887329101562,-2.3087310791015625,2.3087310791015625,20.921598451327434
LinearRegression,45,10,10,2025-01-01,2025-10-13,2025-10-14,2025-11-12,2025-11-11,10.47265625,12.327880859375,-1.855224609375,1.855224609375,17.714938455800073
LinearRegression,45,10,10,2025-01-01,2025-10-13,2025-10-14,2025-11-12,2025-11-12,9.6953125,12.903900146484375,-3.208587646484375,3.208587646484375,33.09421585414988
ARIMA,45,1,1,2025-01-01,2025-02-14,2025-02-15,2025-03-16,2025-02-15,13.20703125,14.309667373177728,-1.102636123177728,1.102636123177728,8.348856774134823
ARIMA,45,1,1,2025-01-01,2025-02-14,2025-02-15,2025-03-16,2025-02-16,13.00390625,12.749453591143764,0.2544526588562359,0.2544526588562359,1.9567401822528203
ARIMA,45,1,1,2025-01-01,2025-02-14,2025-02-15,2025-03-16,2025-02-17,9.2421875,11.062459938597959,-1.820272438597959,1.820272438597959,19.695255464119928
ARIMA,45,1,1,2025-01-01,2025-02-14,2025-02-15,2025-03-16,2025-02-18,9.37890625,10.338562092738055,-0.959655842738055,0.959655842738055,10.232065628527367
ARIMA,45,1,1,2025-01-01,2025-02-14,2025-02-15,2025-03-16,2025-02-19,9.0703125,10.768937931344947,-1.6986254313449471,1.6986254313449471,18.727308803803037
ARIMA,45,1,1,2025-01-01,2025-02-14,2025-02-15,2025-03-16,2025-02-20,10.89453125,11.770672925777111,-0.8761416757771112,0.8761416757771112,8.042031875186105
ARIMA,45,1,1,2025-01-01,2025-02-14,2025-02-15,2025-03-16,2025-02-21,10.4609375,12.561796656262805,-2.100859156262805,2.100859156262805,20.08289559384907
ARIMA,45,1,1,2025-01-01,2025-02-14,2025-02-15,2025-03-16,2025-02-22,17.296875,12.704593909168452,4.592281090831548,4.592281090831548,26.549773244193233
ARIMA,45,1,1,2025-01-01,2025-02-14,2025-02-15,2025-03-16,2025-02-23,19.20703125,12.285902607919665,6.921128642080335,6.921128642080335,36.03434883816485
ARIMA,45,1,1,2025-01-01,2025-02-14,2025-02-15,2025-03-16,2025-02-24,8.99609375,11.720244487417778,-2.7241507374177782,2.7241507374177782,30.281484532303573
ARIMA,45,1,1,2025-01-01,2025-02-14,2025-02-15,2025-03-16,2025-02-25,10.953125,11.401445738879833,-0.4483207388798327,0.4483207388798327,4.0930852051796425
ARIMA,45,1,1,2025-01-01,2025-02-14,2025-02-15,2025-03-16,2025-02-26,9.31640625,11.461873448029822,-2.145467198029822,2.145467198029822,23.028914159146098
ARIMA,45,1,1,2025-01-01,2025-02-14,2025-02-15,2025-03-16,2025-02-27,11.63671875,11.760672051035293,-0.1239533010352929,0.1239533010352929,1.0651911737171864
ARIMA,45,1,1,2025-01-01,2025-02-14,2025-02-15,2025-03-16,2025-02-28,14.5390625,12.046131203515458,2.4929312964845423,2.4929312964845423,17.146437718969448
ARIMA,45,1,1,2025-01-01,2025-02-14,2025-02-15,2025-03-16,2025-03-01,15.1796875,12.14328549059607,3.036402009403931,3.036402009403931,20.003060072244114
ARIMA,45,1,1,2025-01-01,2025-02-14,2025-02-15,2025-03-16,2025-03-02,12.4921875,12.042522522232517,0.44966497776748326,0.44966497776748326,3.5995695531105607
ARIMA,45,1,1,2025-01-01,2025-02-14,2025-02-15,2025-03-16,2025-03-03,8.95703125,11.860663864772894,-2.903632614772894,2.903632614772894,32.41735496650069
ARIMA,45,1,1,2025-01-01,2025-02-14,2025-02-15,2025-03-16,2025-03-04,11.60546875,11.733521599816115,-0.12805284981611464,0.12805284981611464,1.1033836941408734
ARIMA,45,1,1,2025-01-01,2025-02-14,2025-02-15,2025-03-16,2025-03-05,8.8046875,11.725770491020084,-2.921082991020084,2.921082991020084,33.17645278177203
ARIMA,45,1,1,2025-01-01,2025-02-14,2025-02-15,2025-03-16,2025-03-06,7.66015625,11.809816625058662,-4.149660375058662,4.149660375058662,54.17200693600294
ARIMA,45,1,1,2025-01-01,2025-02-14,2025-02-15,2025-03-16,2025-03-07,12.19140625,11.90813381204572,0.28327243795427925,0.28327243795427925,2.3235419454115824
ARIMA,45,1,1,2025-01-01,2025-02-14,2025-02-15,2025-03-16,2025-03-08,17.12109375,11.955334406690959,5.165759343309041,5.165759343309041,30.17190033965582
ARIMA,45,1,1,2025-01-01,2025-02-14,2025-02-15,2025-03-16,2025-03-09,14.265625,11.935778913516874,2.3298460864831263,2.3298460864831263,16.331889324744804
ARIMA,45,1,1,2025-01-01,2025-02-14,2025-02-15,2025-03-16,2025-03-10,9.5625,11.879841942001997,-2.317341942001997,2.317341942001997,24.233641223550297
ARIMA,45,1,1,2025-01-01,2025-02-14,2025-02-15,2025-03-16,2025-03-11,11.87109375,11.83240529154286,0.03868845845713942,0.03868845845713942,0.3259047504122307
ARIMA,45,1,1,2025-01-01,2025-02-14,2025-02-15,2025-03-16,2025-03-12,12.1171875,11.82083663004767,0.2963508699523292,0.2963508699523292,2.445706728168803
ARIMA,45,1,1,2025-01-01,2025-02-14,2025-02-15,2025-03-16,2025-03-13,12.9140625,11.842626875746213,1.0714356242537875,1.0714356242537875,8.296658191438887
ARIMA,45,1,1,2025-01-01,2025-02-14,2025-02-15,2025-03-16,2025-03-14,18.45703125,11.875078609482397,6.581952640517603,6.581952640517603,35.660949756031876
ARIMA,45,1,1,2025-01-01,2025-02-14,2025-02-15,2025-03-16,2025-03-15,18.71484375,11.894992090371513,6.819851659628487,6.819851659628487,36.44086881371097
ARIMA,45,1,1,2025-01-01,2025-02-14,2025-02-15,2025-03-16,2025-03-16,20.37109375,11.893316083991227,8.477777666008773,8.477777666008773,41.6167034036097
ARIMA,45,2,2,2025-01-01,2025-03-16,2025-03-17,2025-04-15,2025-03-17,11.1328125,13.226740547373101,-2.093928047373101,2.093928047373101,18.808616846579433
ARIMA,45,2,2,2025-01-01,2025-03-16,2025-03-17,2025-04-15,2025-03-18,15.32421875,8.582519451353368,6.7416992986466315,6.7416992986466315,43.99375530088039
ARIMA,45,2,2,2025-01-01,2025-03-16,2025-03-17,2025-04-15,2025-03-19,11.4296875,8.003889840731901,3.425797659268099,3.425797659268099,29.972802487102985
ARIMA,45,2,2,2025-01-01,2025-03-16,2025-03-17,2025-04-15,2025-03-20,11.41796875,10.110437587771205,1.3075311622287948,1.3075311622287948,11.45152163977323
ARIMA,45,2,2,2025-01-01,2025-03-16,2025-03-17,2025-04-15,2025-03-21,17.328125,12.589316392035332,4.738808607964668,4.738808607964668,27.347497827749205
ARIMA,45,2,2,2025-01-01,2025-03-16,2025-03-17,2025-04-15,2025-03-22,19.71875,13.888676235734994,5.830073764265006,5.830073764265006,29.566142703087188
ARIMA,45,2,2,2025-01-01,2025-03-16,2025-03-17,2025-04-15,2025-03-23,18.00390625,13.771984913620441,4.231921336379559,4.231921336379559,23.50557305517828
ARIMA,45,2,2,2025-01-01,2025-03-16,2025-03-17,2025-04-15,2025-03-24,9.1953125,12.899203813387427,-3.7038913133874267,3.7038913133874267,40.28021139452767
ARIMA,45,2,2,2025-01-01,2025-03-16,2025-03-17,2025-04-15,2025-03-25,12.94140625,12.079007473481877,0.8623987765181234,0.8623987765181234,6.663872224226972
ARIMA,45,2,2,2025-01-01,2025-03-16,2025-03-17,2025-04-15,2025-03-26,13.65234375,11.751094420040985,1.9012493299590147,1.9012493299590147,13.926175349628261
ARIMA,45,2,2,2025-01-01,2025-03-16,2025-03-17,2025-04-15,2025-03-27,14.77734375,11.893484808842926,2.883858941157074,2.883858941157074,19.51540811356624
ARIMA,45,2,2,2025-01-01,2025-03-16,2025-03-17,2025-04-15,2025-03-28,15.93359375,12.228644453284442,3.704949296715558,3.704949296715558,23.252439812679157
ARIMA,45,2,2,2025-01-01,2025-03-16,2025-03-17,2025-04-15,2025-03-29,21.890625,12.486981966665555,9.403643033334445,9.403643033334445,42.95739858197034
ARIMA,45,2,2,2025-01-01,2025-03-16,2025-03-17,2025-04-15,2025-03-30,19.109375,12.555294057699664,6.554080942300336,6.554080942300336,34.297725290860306
ARIMA,45,2,2,2025-01-01,2025-03-16,2025-03-17,2025-04-15,2025-03-31,11.83203125,12.474868065102115,-0.6428368151021147,0.6428368151021147,5.433021613276373
ARIMA,45,2,2,2025-01-01,2025-03-16,2025-03-17,2025-04-15,2025-04-01,11.05859375,12.353403339660241,-1.2948095896602414,1.2948095896602414,11.708627868351176
ARIMA,45,2,2,2025-01-01,2025-03-16,2025-03-17,2025-04-15,2025-04-02,12.88671875,12.276506363690519,0.610212386309481,0.610212386309481,4.735203725226649
ARIMA,45,2,2,2025-01-01,2025-03-16,2025-03-17,2025-04-15,2025-04-03,15.1796875,12.268766298147185,2.9109212018528154,2.9109212018528154,19.17642376928257
ARIMA,45,2,2,2025-01-01,2025-03-16,2025-03-17,2025-04-15,2025-04-04,15.9609375,12.30551814119864,3.6554193588013604,3.6554193588013604,22.90228477369428
ARIMA,45,2,2,2025-01-01,2025-03-16,2025-03-17,2025-04-15,2025-04-05,22.37890625,12.34739916681448,10.03150708318552,10.03150708318552,44.82572548953558
ARIMA,45,2,2,2025-01-01,2025-03-16,2025-03-17,2025-04-15,2025-04-06,18.0703125,12.368678037928738,5.701634462071262,5.701634462071262,31.552495077610093
ARIMA,45,2,2,2025-01-01,2025-03-16,2025-03-17,2025-04-15,2025-04-07,10.953125,12.366020825847995,-1.4128958258479951,1.4128958258479951,12.899476869368288
ARIMA,45,2,2,2025-01-01,2025-03-16,2025-03-17,2025-04-15,2025-04-08,12.00390625,12.350968624208818,-0.3470623742088179,0.3470623742088179,2.8912452911635986
ARIMA,45,2,2,2025-01-01,2025-03-16,2025-03-17,2025-04-15,2025-04-09,12.2734375,12.337197469669077,-0.06375996966907671,0.06375996966907671,0.5194956153814015
ARIMA,45,2,2,2025-01-01,2025-03-16,2025-03-17,2025-04-15,2025-04-10,11.3203125,12.33192284460495,-1.01161034460495,1.01161034460495,8.936240449236275
ARIMA,45,2,2,2025-01-01,2025-03-16,2025-03-17,2025-04-15,2025-04-11,16.63671875,12.334548654528604,4.302170095471396,4.302170095471396,25.85948683824084
ARIMA,45,2,2,2025-01-01,2025-03-16,2025-03-17,2025-04-15,2025-04-12,23.734375,12.340281058714845,11.394093941285155,11.394093941285155,48.006715749983535
ARIMA,45,2,2,2025-01-01,2025-03-16,2025-03-17,2025-04-15,2025-04-13,25.21484375,12.344589018663822,12.870254731336178,12.870254731336178,51.042373527839835
ARIMA,45,2,2,2025-01-01,2025-03-16,2025-03-17,2025-04-15,2025-04-14,14.3359375,12.345644961572624,1.9902925384273757,1.9902925384273757,13.88323950510649
ARIMA,45,2,2,2025-01-01,2025-03-16,2025-03-17,2025-04-15,2025-04-15,10.921875,12.344219149210666,-1.4223441492106659,1.4223441492106659,13.02289349778006
ARIMA,45,3,3,2025-01-01,2025-04-15,2025-04-16,2025-05-15,2025-04-16,13.640625,11.167636093563964,2.4729889064360364,2.4729889064360364,18.129586484754448
ARIMA,45,3,3,2025-01-01,2025-04-15,2025-04-16,2025-05-15,2025-04-17,15.99609375,14.595246603384831,1.4008471466151686,1.4008471466151686,8.75743271144037
ARIMA,45,3,3,2025-01-01,2025-04-15,2025-04-16,2025-05-15,2025-04-18,20.17578125,18.009213697378073,2.1665675526219275,2.1665675526219275,10.738456795183222
ARIMA,45,3,3,2025-01-01,2025-04-15,2025-04-16,2025-05-15,2025-04-19,22.23046875,19.20828062350152,3.022188126498481,3.022188126498481,13.594801623328257
ARIMA,45,3,3,2025-01-01,2025-04-15,2025-04-16,2025-05-15,2025-04-20,11.9765625,18.100863896473097,-6.124301396473097,6.124301396473097,51.13571942260642
ARIMA,45,3,3,2025-01-01,2025-04-15,2025-04-16,2025-05-15,2025-04-21,13.4609375,16.113638812798506,-2.6527013127985057,2.6527013127985057,19.706660942438113
ARIMA,45,3,3,2025-01-01,2025-04-15,2025-04-16,2025-05-15,2025-04-22,11.8984375,14.801691097240765,-2.9032535972407647,2.9032535972407647,24.40029287241089
ARIMA,45,3,3,2025-01-01,2025-04-15,2025-04-16,2025-05-15,2025-04-23,16.4921875,14.80431363487717,1.68787386512283,1.68787386512283,10.234384402450129
ARIMA,45,3,3,2025-01-01,2025-04-15,2025-04-16,2025-05-15,2025-04-24,15.3671875,15.714426627889583,-0.34723912788958344,0.34723912788958344,2.259614050323675
ARIMA,45,3,3,2025-01-01,2025-04-15,2025-04-16,2025-05-15,2025-04-25,15.66015625,16.664235235366117,-1.0040789853661174,1.0040789853661174,6.411679228079971
ARIMA,45,3,3,2025-01-01,2025-04-15,2025-04-16,2025-05-15,2025-04-26,21.859375,17.027910306649673,4.831464693350327,4.831464693350327,22.10248322905082
ARIMA,45,3,3,2025-01-01,2025-04-15,2025-04-16,2025-05-15,2025-04-27,20.3125,16.751264501682577,3.561235498317423,3.561235498317423,17.53223629940885
ARIMA,45,3,3,2025-01-01,2025-04-15,2025-04-16,2025-05-15,2025-04-28,14.96875,16.210475749262088,-1.2417257492620877,1.2417257492620877,8.295453857283258
ARIMA,45,3,3,2025-01-01,2025-04-15,2025-04-16,2025-05-15,2025-04-29,15.859375,15.836356220512386,0.023018779487614438,0.023018779487614438,0.1451430430746132
ARIMA,45,3,3,2025-01-01,2025-04-15,2025-04-16,2025-05-15,2025-04-30,28.22265625,15.81919440590073,12.40346184409927,12.40346184409927,43.94859836801956
ARIMA,45,3,3,2025-01-01,2025-04-15,2025-04-16,2025-05-15,2025-05-01,21.9921875,16.059998851399815,5.932188648600185,5.932188648600185,26.97407271832411
ARIMA,45,3,3,2025-01-01,2025-04-15,2025-04-16,2025-05-15,2025-05-02,20.91796875,16.323655641011673,4.594313108988327,4.594313108988327,21.96347630067249
ARIMA,45,3,3,2025-01-01,2025-04-15,2025-04-16,2025-05-15,2025-05-03,20.4921875,16.432792116642187,4.059395383357813,4.059395383357813,19.809478043072822
ARIMA,45,3,3,2025-01-01,2025-04-15,2025-04-16,2025-05-15,2025-05-04,16.3203125,16.364555583307343,-0.044243083307343056,0.044243083307343056,0.27109213323790865
ARIMA,45,3,3,2025-01-01,2025-04-15,2025-04-16,2025-05-15,2025-05-05,14.921875,16.21772574496048,-1.2958507449604788,1.2958507449604788,8.68423535889745
ARIMA,45,3,3,2025-01-01,2025-04-15,2025-04-16,2025-05-15,2025-05-06,10.0546875,16.111392965220073,-6.056705465220073,6.056705465220073,60.237630112522865
ARIMA,45,3,3,2025-01-01,2025-04-15,2025-04-16,2025-05-15,2025-05-07,10.64453125,16.101761073059595,-5.4572298230595955,5.4572298230595955,51.26792053956905
ARIMA,45,3,3,2025-01-01,2025-04-15,2025-04-16,2025-05-15,2025-05-08,16.6484375,16.165231883102216,0.4832056168977843,0.4832056168977843,2.9024082103667945
ARIMA,45,3,3,2025-01-01,2025-04-15,2025-04-16,2025-05-15,2025-05-09,14.73828125,16.238259159195437,-1.4999779091954366,1.4999779091954366,10.177427637265618
ARIMA,45,3,3,2025-01-01,2025-04-15,2025-04-16,2025-05-15,2025-05-10,22.3515625,16.270719384881776,6.080843115118224,6.080843115118224,27.205449798501668
ARIMA,45,3,3,2025-01-01,2025-04-15,2025-04-16,2025-05-15,2025-05-11,21.41015625,16.254152879831484,5.156003370168516,5.156003370168516,24.082044567836896
ARIMA,45,3,3,2025-01-01,2025-04-15,2025-04-16,2025-05-15,2025-05-12,13.95703125,16.214380611707355,-2.2573493617073552,2.2573493617073552,16.17356385662141
ARIMA,45,3,3,2025-01-01,2025-04-15,2025-04-16,2025-05-15,2025-05-13,11.1953125,16.184252112973542,-4.988939612973542,4.988939612973542,44.56275439362271
ARIMA,45,3,3,2025-01-01,2025-04-15,2025-04-16,2025-05-15,2025-05-14,11.15234375,16.180256824623314,-5.027913074623314,5.027913074623314,45.08391408418803
ARIMA,45,3,3,2025-01-01,2025-04-15,2025-04-16,2025-05-15,2025-05-15,14.74609375,16.196916823073447,-1.4508230730734475,1.4508230730734475,9.838694217398743
ARIMA,45,4,4,2025-01-01,2025-05-15,2025-05-16,2025-06-14,2025-05-16,18.07421875,14.669611633541535,3.4046071164584646,3.4046071164584646,18.836814821987616
ARIMA,45,4,4,2025-01-01,2025-05-15,2025-05-16,2025-06-14,2025-05-17,18.09375,14.056204072647388,4.037545927352612,4.037545927352612,22.31458889037713
ARIMA,45,4,4,2025-01-01,2025-05-15,2025-05-16,2025-06-14,2025-05-18,17.8125,14.250972029174669,3.561527970825331,3.561527970825331,19.99454299410712
ARIMA,45,4,4,2025-01-01,2025-05-15,2025-05-16,2025-06-14,2025-05-19,10.21484375,13.904289175241091,-3.6894454252410913,3.6894454252410913,36.11847146698736
ARIMA,45,4,4,2025-01-01,2025-05-15,2025-05-16,2025-06-14,2025-05-20,12.2578125,14.120672885669615,-1.8628603856696149,1.8628603856696149,15.197331380861105
ARIMA,45,4,4,2025-01-01,2025-05-15,2025-05-16,2025-06-14,2025-05-21,10.76171875,13.885061814916819,-3.123343064916819,3.123343064916819,29.022715957121804
ARIMA,45,4,4,2025-01-01,2025-05-15,2025-05-16,2025-06-14,2025-05-22,12.37109375,14.069647495730765,-1.6985537457307647,1.6985537457307647,13.730020805401825
ARIMA,45,4,4,2025-01-01,2025-05-15,2025-05-16,2025-06-14,2025-05-23,11.80078125,13.895516694918548,-2.0947354449185482,2.0947354449185482,17.750820056244564
ARIMA,45,4,4,2025-01-01,2025-05-15,2025-05-16,2025-06-14,2025-05-24,16.109375,14.042953896898673,2.0664211031013267,2.0664211031013267,12.82744428695295
ARIMA,45,4,4,2025-01-01,2025-05-15,2025-05-16,2025-06-14,2025-05-25,15.21484375,13.910148967830558,1.3046947821694417,1.3046947821694417,8.57514413954755
ARIMA,45,4,4,2025-01-01,2025-05-15,2025-05-16,2025-06-14,2025-05-26,14.57421875,14.025569629825643,0.5486491201743569,0.5486491201743569,3.7645182193684095
ARIMA,45,4,4,2025-01-01,2025-05-15,2025-05-16,2025-06-14,2025-05-27,10.80859375,13.923172827669537,-3.1145790776695375,3.1145790776695375,28.81576595169503
ARIMA,45,4,4,2025-01-01,2025-05-15,2025-05-16,2025-06-14,2025-05-28,7.69921875,14.012943877998696,-6.313725127998696,6.313725127998696,82.0047505209369
ARIMA,45,4,4,2025-01-01,2025-05-15,2025-05-16,2025-06-14,2025-05-29,12.7890625,13.933702320090164,-1.1446398200901644,1.1446398200901644,8.950146424651255
ARIMA,45,4,4,2025-01-01,2025-05-15,2025-05-16,2025-06-14,2025-05-30,13.609375,14.003374557498,-0.39399955749800064,0.39399955749800064,2.8950598943595915
ARIMA,45,4,4,2025-01-01,2025-05-15,2025-05-16,2025-06-14,2025-05-31,16.671875,13.941976948905479,2.729898051094521,2.729898051094521,16.37427134677126
ARIMA,45,4,4,2025-01-01,2025-05-15,2025-05-16,2025-06-14,2025-06-01,17.265625,13.996012005996025,3.2696129940039746,3.2696129940039746,18.93712503314519
ARIMA,45,4,4,2025-01-01,2025-05-15,2025-05-16,2025-06-14,2025-06-02,11.390625,13.948420797720743,-2.5577957977207433,2.5577957977207433,22.45527174953739
ARIMA,45,4,4,2025-01-01,2025-05-15,2025-05-16,2025-06-14,2025-06-03,11.7265625,13.990318428593167,-2.2637559285931665,2.2637559285931665,19.3045142478298
ARIMA,45,4,4,2025-01-01,2025-05-15,2025-05-16,2025-06-14,2025-06-04,11.234375,13.953424004757219,-2.7190490047572187,2.7190490047572187,24.20293968073185
ARIMA,45,4,4,2025-01-01,2025-05-15,2025-05-16,2025-06-14,2025-06-05,10.44921875,13.985908002294032,-3.536689252294032,3.536689252294032,33.84644667615971
ARIMA,45,4,4,2025-01-01,2025-05-15,2025-05-16,2025-06-14,2025-06-06,13.23046875,13.957304828103213,-0.7268360781032133,0.7268360781032133,5.493653262309495
ARIMA,45,4,4,2025-01-01,2025-05-15,2025-05-16,2025-06-14,2025-06-07,17.609375,13.982489612486399,3.6268853875136013,3.6268853875136013,20.596332280467657
ARIMA,45,4,4,2025-01-01,2025-05-15,2025-05-16,2025-06-14,2025-06-08,15.859375,13.960314072627812,1.8990609273721883,1.8990609273721883,11.974374320376361
ARIMA,45,4,4,2025-01-01,2025-05-15,2025-05-16,2025-06-14,2025-06-09,11.43359375,13.979839622634861,-2.546245872634861,2.546245872634861,22.26986482386486
ARIMA,45,4,4,2025-01-01,2025-05-15,2025-05-16,2025-06-14,2025-06-10,9.70703125,13.962647230022482,-4.2556159800224815,4.2556159800224815,43.84055094107667
ARIMA,45,4,4,2025-01-01,2025-05-15,2025-05-16,2025-06-14,2025-06-11,11.69921875,13.977785180408903,-2.278566430408903,2.278566430408903,19.476227251575263
ARIMA,45,4,4,2025-01-01,2025-05-15,2025-05-16,2025-06-14,2025-06-12,11.1328125,13.964456131782542,-2.8316436317825424,2.8316436317825424,25.43511472759056
ARIMA,45,4,4,2025-01-01,2025-05-15,2025-05-16,2025-06-14,2025-06-13,12.66796875,13.976192411939799,-1.3082236619397989,1.3082236619397989,10.327019964742167
ARIMA,45,4,4,2025-01-01,2025-05-15,2025-05-16,2025-06-14,2025-06-14,17.33203125,13.965858560327286,3.366172689672714,3.366172689672714,19.421686016592627
ARIMA,45,5,5,2025-01-01,2025-06-14,2025-06-15,2025-07-14,2025-06-15,13.140625,15.7167176524942,-2.5760926524942,2.5760926524942,19.60403445417703
ARIMA,45,5,5,2025-01-01,2025-06-14,2025-06-15,2025-07-14,2025-06-16,10.5859375,13.239351596297574,-2.653414096297574,2.653414096297574,25.065461573881144
ARIMA,45,5,5,2025-01-01,2025-06-14,2025-06-15,2025-07-14,2025-06-17,10.41796875,11.690559397202112,-1.2725906472021116,1.2725906472021116,12.215343295228367
ARIMA,45,5,5,2025-01-01,2025-06-14,2025-06-15,2025-07-14,2025-06-18,10.4921875,11.617632553641192,-1.125445053641192,1.125445053641192,10.726505351159537
ARIMA,45,5,5,2025-01-01,2025-06-14,2025-06-15,2025-07-14,2025-06-19,15.37890625,12.487963348077685,2.8909429019223154,2.8909429019223154,18.798104721669105
ARIMA,45,5,5,2025-01-01,2025-06-14,2025-06-15,2025-07-14,2025-06-20,13.1015625,13.422793242022502,-0.321230742022502,0.321230742022502,2.4518506248586918
ARIMA,45,5,5,2025-01-01,2025-06-14,2025-06-15,2025-07-14,2025-06-21,13.66796875,13.848113701885124,-0.18014495188512392,0.18014495188512392,1.3180082218517213
ARIMA,45,5,5,2025-01-01,2025-06-14,2025-06-15,2025-07-14,2025-06-22,15.90234375,13.712861429782123,2.189482320217877,2.189482320217877,13.768299532689179
ARIMA,45,5,5,2025-01-01,2025-06-14,2025-06-15,2025-07-14,2025-06-23,11.78515625,13.315007846791111,-1.5298515967911115,1.5298515967911115,12.981173641979602
ARIMA,45,5,5,2025-01-01,2025-06-14,2025-06-15,2025-07-14,2025-06-24,11.30078125,12.990527875244759,-1.6897466252447586,1.6897466252447586,14.952476186058009
ARIMA,45,5,5,2025-01-01,2025-06-14,2025-06-15,2025-07-14,2025-06-25,11.765625,12.901323847912547,-1.135698847912547,1.135698847912547,9.652686091155777
ARIMA,45,5,5,2025-01-01,2025-06-14,2025-06-15,2025-07-14,2025-06-26,10.85546875,13.008037898176077,-2.1525691481760774,2.1525691481760774,19.829352354554725
ARIMA,45,5,5,2025-01-01,2025-06-14,2025-06-15,2025-07-14,2025-06-27,13.60546875,13.171629198993049,0.43383955100695104,0.43383955100695104,3.1887144719431375
ARIMA,45,5,5,2025-01-01,2025-06-14,2025-06-15,2025-07-14,2025-06-28,15.6328125,13.273873525703383,2.358938974296617,2.358938974296617,15.08966460319675
ARIMA,45,5,5,2025-01-01,2025-06-14,2025-06-15,2025-07-14,2025-06-29,17.41796875,13.278659346114708,4.139309403885292,4.139309403885292,23.764593123898518
ARIMA,45,5,5,2025-01-01,2025-06-14,2025-06-15,2025-07-14,2025-06-30,14.37890625,13.2211748657061,1.1577313842938999,1.1577313842938999,8.051595609324595
ARIMA,45,5,5,2025-01-01,2025-06-14,2025-06-15,2025-07-14,2025-07-01,11.33984375,13.159449151696322,-1.8196054016963217,1.8196054016963217,16.046124107277244
ARIMA,45,5,5,2025-01-01,2025-06-14,2025-06-15,2025-07-14,2025-07-02,9.7421875,13.13137646102788,-3.3891889610278803,3.3891889610278803,34.788788052250894
ARIMA,45,5,5,2025-01-01,2025-06-14,2025-06-15,2025-07-14,2025-07-03,13.31640625,13.140317972248274,0.17608827775172564,0.17608827775172564,1.3223408361525892
ARIMA,45,5,5,2025-01-01,2025-06-14,2025-06-15,2025-07-14,2025-07-04,13.86328125,13.166592451356188,0.6966887986438124,0.6966887986438124,5.025424977537785
ARIMA,45,5,5,2025-01-01,2025-06-14,2025-06-15,2025-07-14,2025-07-05,14.7578125,13.188015576160485,1.5697969238395153,1.5697969238395153,10.637056974666912
ARIMA,45,5,5,2025-01-01,2025-06-14,2025-06-15,2025-07-14,2025-07-06,9.4765625,13.193900811034412,-3.7173383110344123,3.7173383110344123,39.226653240923724
ARIMA,45,5,5,2025-01-01,2025-06-14,2025-06-15,2025-07-14,2025-07-07,8.96484375,13.186850858209217,-4.222007108209217,4.222007108209217,47.095155542551616
ARIMA,45,5,5,2025-01-01,2025-06-14,2025-06-15,2025-07-14,2025-07-08,9.6875,13.176048211067512,-3.4885482110675117,3.4885482110675117,36.01082024327754
ARIMA,45,5,5,2025-01-01,2025-06-14,2025-06-15,2025-07-14,2025-07-09,12.1484375,13.169298499316323,-1.020860999316323,1.020860999316323,8.403228804661692
ARIMA,45,5,5,2025-01-01,2025-06-14,2025-06-15,2025-07-14,2025-07-10,11.09765625,13.168984442125419,-2.071328192125419,2.071328192125419,18.66455533910972
ARIMA,45,5,5,2025-01-01,2025-06-14,2025-06-15,2025-07-14,2025-07-11,12.33203125,13.172781234073575,-0.8407499840735753,0.8407499840735753,6.817611527489238
ARIMA,45,5,5,2025-01-01,2025-06-14,2025-06-15,2025-07-14,2025-07-12,18.7734375,13.176856909731901,5.596580590268099,5.596580590268099,29.81116585744139
ARIMA,45,5,5,2025-01-01,2025-06-14,2025-06-15,2025-07-14,2025-07-13,14.00390625,13.178709808514068,0.8251964414859323,0.8251964414859323,5.8926161511966155
ARIMA,45,5,5,2025-01-01,2025-06-14,2025-06-15,2025-07-14,2025-07-14,9.69921875,13.178118687196156,-3.4788999371961555,3.4788999371961555,35.86783664608199
ARIMA,45,6,6,2025-01-01,2025-07-14,2025-07-15,2025-08-13,2025-07-15,11.79296875,11.59714301424765,0.19582573575235074,0.19582573575235074,1.6605295910103277
ARIMA,45,6,6,2025-01-01,2025-07-14,2025-07-15,2025-08-13,2025-07-16,11.625,12.576663391259675,-0.9516633912596753,0.9516633912596753,8.1863517527714
ARIMA,45,6,6,2025-01-01,2025-07-14,2025-07-15,2025-08-13,2025-07-17,11.20703125,13.092898282495625,-1.885867032495625,1.885867032495625,16.827534343634717
ARIMA,45,6,6,2025-01-01,2025-07-14,2025-07-15,2025-08-13,2025-07-18,12.76953125,13.354187985625591,-0.5846567356255914,0.5846567356255914,4.578529345981995
ARIMA,45,6,6,2025-01-01,2025-07-14,2025-07-15,2025-08-13,2025-07-19,16.83984375,13.497071630300576,3.342772119699424,3.342772119699424,19.850374916331536
ARIMA,45,6,6,2025-01-01,2025-07-14,2025-07-15,2025-08-13,2025-07-20,15.55859375,13.56428569590524,1.9943080540947609,1.9943080540947609,12.818048251274385
ARIMA,45,6,6,2025-01-01,2025-07-14,2025-07-15,2025-08-13,2025-07-21,10.421875,13.606284734853618,-3.1844097348536184,3.1844097348536184,30.555055926631418
ARIMA,45,6,6,2025-01-01,2025-07-14,2025-07-15,2025-08-13,2025-07-22,12.03125,13.621056964418507,-1.589806964418507,1.589806964418507,13.213979963997982
ARIMA,45,6,6,2025-01-01,2025-07-14,2025-07-15,2025-08-13,2025-07-23,12.75390625,13.635795580263546,-0.8818893302635455,0.8818893302635455,6.914660598697325
ARIMA,45,6,6,2025-01-01,2025-07-14,2025-07-15,2025-08-13,2025-07-24,10.875,13.636397348347115,-2.7613973483471153,2.7613973483471153,25.392159525030944
ARIMA,45,6,6,2025-01-01,2025-07-14,2025-07-15,2025-08-13,2025-07-25,12.4609375,13.64376979401612,-1.1828322940161193,1.1828322940161193,9.492321857935002
ARIMA,45,6,6,2025-01-01,2025-07-14,2025-07-15,2025-08-13,2025-07-26,17.00390625,13.64054254521137,3.3633637047886307,3.3633637047886307,19.77994735644129
ARIMA,45,6,6,2025-01-01,2025-07-14,2025-07-15,2025-08-13,2025-07-27,14.58203125,13.645924517730128,0.936106732269872,0.936106732269872,6.419590770455056
ARIMA,45,6,6,2025-01-01,2025-07-14,2025-07-15,2025-08-13,2025-07-28,12.27734375,13.641662650657292,-1.3643189006572918,1.3643189006572918,11.112492477514053
ARIMA,45,6,6,2025-01-01,2025-07-14,2025-07-15,2025-08-13,2025-07-29,11.1640625,13.646506736288963,-2.4824442362889627,2.4824442362889627,22.23602954828462
ARIMA,45,6,6,2025-01-01,2025-07-14,2025-07-15,2025-08-13,2025-07-30,11.828125,13.641965335363562,-1.8138403353635617,1.8138403353635617,15.334977736230904
ARIMA,45,6,6,2025-01-01,2025-07-14,2025-07-15,2025-08-13,2025-07-31,12.734375,13.64666404262251,-0.9122890426225094,0.9122890426225094,7.163987573968172
ARIMA,45,6,6,2025-01-01,2025-07-14,2025-07-15,2025-08-13,2025-08-01,14.0546875,13.642047141896716,0.4126403581032836,0.4126403581032836,2.9359625256931796
ARIMA,45,6,6,2025-01-01,2025-07-14,2025-07-15,2025-08-13,2025-08-02,18.59375,13.646706531908617,4.947043468091383,4.947043468091383,26.60594806368475
ARIMA,45,6,6,2025-01-01,2025-07-14,2025-07-15,2025-08-13,2025-08-03,15.4609375,13.642069264150901,1.8188682358490986,1.8188682358490986,11.764281666937071
ARIMA,45,6,6,2025-01-01,2025-07-14,2025-07-15,2025-08-13,2025-08-04,13.875,13.646717996071072,0.2282820039289284,0.2282820039289284,1.6452757039922767
ARIMA,45,6,6,2025-01-01,2025-07-14,2025-07-15,2025-08-13,2025-08-05,12.921875,13.642075258903064,-0.7202002589030645,0.7202002589030645,5.573496562248625
ARIMA,45,6,6,2025-01-01,2025-07-14,2025-07-15,2025-08-13,2025-08-06,11.60546875,13.646721076824404,-2.041252326824404,2.041252326824404,17.588710725918798
ARIMA,45,6,6,2025-01-01,2025-07-14,2025-07-15,2025-08-13,2025-08-07,13.20703125,13.642076895785225,-0.435045645785225,0.435045645785225,3.2940457060342383
ARIMA,45,6,6,2025-01-01,2025-07-14,2025-07-15,2025-08-13,2025-08-08,14.25390625,13.646721892267031,0.6071843577329687,0.6071843577329687,4.2597751597599345
ARIMA,45,6,6,2025-01-01,2025-07-14,2025-07-15,2025-08-13,2025-08-09,16.66015625,13.64207735511162,3.0180788948883794,3.0180788948883794,18.115549755953698
ARIMA,45,6,6,2025-01-01,2025-07-14,2025-07-15,2025-08-13,2025-08-10,12.44921875,13.646722095592146,-1.1975033455921462,1.1975033455921462,9.61910437626575
ARIMA,45,6,6,2025-01-01,2025-07-14,2025-07-15,2025-08-13,2025-08-11,12.37890625,13.642077496246303,-1.2631712462463032,1.2631712462463032,10.204223384002955
ARIMA,45,6,6,2025-01-01,2025-07-14,2025-07-15,2025-08-13,2025-08-12,10.80859375,13.646722133514976,-2.8381283835149755,2.8381283835149755,26.258072503788714
ARIMA,45,6,6,2025-01-01,2025-07-14,2025-07-15,2025-08-13,2025-08-13,11.75,13.642077551401098,-1.8920775514010977,1.8920775514010977,16.102787671498703
ARIMA,45,7,7,2025-01-01,2025-08-13,2025-08-14,2025-09-12,2025-08-14,11.91796875,13.71452018980023,-1.7965514398002291,1.7965514398002291,15.07430903273873
ARIMA,45,7,7,2025-01-01,2025-08-13,2025-08-14,2025-09-12,2025-08-15,14.9765625,14.61334428467285,0.3632182153271497,0.3632182153271497,2.4252442129303686
ARIMA,45,7,7,2025-01-01,2025-08-13,2025-08-14,2025-09-12,2025-08-16,15.7109375,14.33792362512313,1.3730138748768699,1.3730138748768699,8.739223072314239
ARIMA,45,7,7,2025-01-01,2025-08-13,2025-08-14,2025-09-12,2025-08-17,17.4296875,13.518579757027899,3.911107742972101,3.911107742972101,22.439345186034465
ARIMA,45,7,7,2025-01-01,2025-08-13,2025-08-14,2025-09-12,2025-08-18,13.48046875,12.857124433398846,0.6233443166011536,0.6233443166011536,4.624055202836724
ARIMA,45,7,7,2025-01-01,2025-08-13,2025-08-14,2025-09-12,2025-08-19,13.83984375,12.682627325105997,1.1572164248940027,1.1572164248940027,8.361484752268266
ARIMA,45,7,7,2025-01-01,2025-08-13,2025-08-14,2025-09-12,2025-08-20,13.26953125,12.904744442469855,0.3647868075301446,0.3647868075301446,2.7490557176248753
ARIMA,45,7,7,2025-01-01,2025-08-13,2025-08-14,2025-09-12,2025-08-21,13.02734375,13.234097299075586,-0.20675354907558585,0.20675354907558585,1.587073720040479
ARIMA,45,7,7,2025-01-01,2025-08-13,2025-08-14,2025-09-12,2025-08-22,16.01953125,13.43289796139289,2.5866332886071106,2.5866332886071106,16.14674766845697
ARIMA,45,7,7,2025-01-01,2025-08-13,2025-08-14,2025-09-12,2025-08-23,26.41015625,13.435303403006541,12.974852846993459,12.974852846993459,49.12826991318334
ARIMA,45,7,7,2025-01-01,2025-08-13,2025-08-14,2025-09-12,2025-08-24,25.89453125,13.318020012384128,12.576511237615872,12.576511237615872,48.5682135590536
ARIMA,45,7,7,2025-01-01,2025-08-13,2025-08-14,2025-09-12,2025-08-25,15.6796875,13.19814841465544,2.4815390853445596,2.4815390853445596,15.826457544798386
ARIMA,45,7,7,2025-01-01,2025-08-13,2025-08-14,2025-09-12,2025-08-26,12.02734375,13.147736731089546,-1.1203929810895463,1.1203929810895463,9.315381720004021
ARIMA,45,7,7,2025-01-01,2025-08-13,2025-08-14,2025-09-12,2025-08-27,11.4609375,13.169018493916633,-1.7080809939166333,1.7080809939166333,14.903501514746356
ARIMA,45,7,7,2025-01-01,2025-08-13,2025-08-14,2025-09-12,2025-08-28,13.8359375,13.220863573298725,0.6150739267012746,0.6150739267012746,4.445480667293233
ARIMA,45,7,7,2025-01-01,2025-08-13,2025-08-14,2025-09-12,2025-08-29,16.3984375,13.260397181015216,3.1380403189847836,3.1380403189847836,19.13621538018353
ARIMA,45,7,7,2025-01-01,2025-08-13,2025-08-14,2025-09-12,2025-08-30,20.38671875,13.269095302897032,7.117623447102968,7.117623447102968,34.91304085952021
ARIMA,45,7,7,2025-01-01,2025-08-13,2025-08-14,2025-09-12,2025-08-31,19.58203125,13.254071915352487,6.327959334647513,6.327959334647513,32.31513244902779
ARIMA,45,7,7,2025-01-01,2025-08-13,2025-08-14,2025-09-12,2025-09-01,23.41015625,13.233664769884667,10.176491480115333,10.176491480115333,43.47041246303229
ARIMA,45,7,7,2025-01-01,2025-08-13,2025-08-14,2025-09-12,2025-09-02,11.5625,13.222105979657803,-1.6596059796578029,1.6596059796578029,14.353349013256675
ARIMA,45,7,7,2025-01-01,2025-08-13,2025-08-14,2025-09-12,2025-09-03,13.06640625,13.222723478452986,-0.1563172284529859,0.1563172284529859,1.1963291624503554
ARIMA,45,7,7,2025-01-01,2025-08-13,2025-08-14,2025-09-12,2025-09-04,11.08984375,13.230307358578333,-2.140463608578333,2.140463608578333,19.301116019586235
ARIMA,45,7,7,2025-01-01,2025-08-13,2025-08-14,2025-09-12,2025-09-05,13.89453125,13.237593095561556,0.6569381544384445,0.6569381544384445,4.728033948165359
ARIMA,45,7,7,2025-01-01,2025-08-13,2025-08-14,2025-09-12,2025-09-06,19.28515625,13.240382831851559,6.044773418148441,6.044773418148441,31.344176525136742
ARIMA,45,7,7,2025-01-01,2025-08-13,2025-08-14,2025-09-12,2025-09-07,19.7109375,13.238812410423376,6.472125089576624,6.472125089576624,32.8351966494573
ARIMA,45,7,7,2025-01-01,2025-08-13,2025-08-14,2025-09-12,2025-09-08,8.5859375,13.235546826918963,-4.649609326918963,4.649609326918963,54.153775600148066
ARIMA,45,7,7,2025-01-01,2025-08-13,2025-08-14,2025-09-12,2025-09-09,11.88671875,13.233195173592513,-1.346476423592513,1.346476423592513,11.327570306923542
ARIMA,45,7,7,2025-01-01,2025-08-13,2025-08-14,2025-09-12,2025-09-10,9.19921875,13.232787110950914,-4.033568360950914,4.033568360950914,43.84685776660017
ARIMA,45,7,7,2025-01-01,2025-08-13,2025-08-14,2025-09-12,2025-09-11,12.69921875,13.233791182869464,-0.5345724328694637,0.5345724328694637,4.209490704847207
ARIMA,45,7,7,2025-01-01,2025-08-13,2025-08-14,2025-09-12,2025-09-12,13.2421875,13.235050735921599,0.00713676407840147,0.00713676407840147,0.053894147612707256
ARIMA,45,8,8,2025-01-01,2025-09-12,2025-09-13,2025-10-12,2025-09-13,18.23046875,14.878609575805363,3.3518591741946366,3.3518591741946366,18.386028467834304
ARIMA,45,8,8,2025-01-01,2025-09-12,2025-09-13,2025-10-12,2025-09-14,15.44140625,14.812365050694945,0.6290411993050551,0.6290411993050551,4.073730003088644
ARIMA,45,8,8,2025-01-01,2025-09-12,2025-09-13,2025-10-12,2025-09-15,10.828125,13.724140793115913,-2.8960157931159127,2.8960157931159127,26.745311797895877
ARIMA,45,8,8,2025-01-01,2025-09-12,2025-09-13,2025-10-12,2025-09-16,11.87890625,12.650140523962326,-0.7712342739623264,0.7712342739623264,6.492468731810443
ARIMA,45,8,8,2025-01-01,2025-09-12,2025-09-13,2025-10-12,2025-09-17,9.30859375,12.227936357894285,-2.9193426078942846,2.9193426078942846,31.361800571587782
ARIMA,45,8,8,2025-01-01,2025-09-12,2025-09-13,2025-10-12,2025-09-18,12.50390625,12.464879336008039,0.03902691399196101,0.03902691399196101,0.3121177751309597
ARIMA,45,8,8,2025-01-01,2025-09-12,2025-09-13,2025-10-12,2025-09-19,16.0859375,12.970968613690891,3.114968886309109,3.114968886309109,19.364546743446624
ARIMA,45,8,8,2025-01-01,2025-09-12,2025-09-13,2025-10-12,2025-09-20,18.859375,13.341914735653763,5.517460264346237,5.517460264346237,29.255795933567452
ARIMA,45,8,8,2025-01-01,2025-09-12,2025-09-13,2025-10-12,2025-09-21,18.55859375,13.406538326972512,5.1520554230274875,5.1520554230274875,27.761022696170002
ARIMA,45,8,8,2025-01-01,2025-09-12,2025-09-13,2025-10-12,2025-09-22,10.22265625,13.241480158867796,-3.0188239088677964,3.0188239088677964,29.53071916966587
ARIMA,45,8,8,2025-01-01,2025-09-12,2025-09-13,2025-10-12,2025-09-23,9.7109375,13.032020851389241,-3.321083351389241,3.321083351389241,34.199410215432245
ARIMA,45,8,8,2025-01-01,2025-09-12,2025-09-13,2025-10-12,2025-09-24,9.390625,12.920265161923847,-3.5296401619238473,3.5296401619238473,37.586850310004365
ARIMA,45,8,8,2025-01-01,2025-09-12,2025-09-13,2025-10-12,2025-09-25,9.78515625,12.936329146044631,-3.1511728960446312,3.1511728960446312,32.20360324899902
ARIMA,45,8,8,2025-01-01,2025-09-12,2025-09-13,2025-10-12,2025-09-26,15.32421875,13.02247406123463,2.3017446887653694,2.3017446887653694,15.020306916235906
ARIMA,45,8,8,2025-01-01,2025-09-12,2025-09-13,2025-10-12,2025-09-27,18.71484375,13.100746574369488,5.614097175630512,5.614097175630512,29.998098037182448
ARIMA,45,8,8,2025-01-01,2025-09-12,2025-09-13,2025-10-12,2025-09-28,17.06640625,13.1272543753366,3.9391518746634,3.9391518746634,23.081320208602207
ARIMA,45,8,8,2025-01-01,2025-09-12,2025-09-13,2025-10-12,2025-09-29,11.71484375,13.105617852636918,-1.390774102636918,1.390774102636918,11.871896307937678
ARIMA,45,8,8,2025-01-01,2025-09-12,2025-09-13,2025-10-12,2025-09-30,11.19140625,13.066914935385338,-1.8755086853853378,1.8755086853853378,16.758472022989405
ARIMA,45,8,8,2025-01-01,2025-09-12,2025-09-13,2025-10-12,2025-10-01,9.77734375,13.040739563204257,-3.263395813204257,3.263395813204257,33.377120582512575
ARIMA,45,8,8,2025-01-01,2025-09-12,2025-09-13,2025-10-12,2025-10-02,10.85546875,13.03804461023804,-2.1825758602380407,2.1825758602380407,20.105772588015057
ARIMA,45,8,8,2025-01-01,2025-09-12,2025-09-13,2025-10-12,2025-10-03,14.015625,13.05160329131767,0.9640217086823295,0.9640217086823295,6.878192793274146
ARIMA,45,8,8,2025-01-01,2025-09-12,2025-09-13,2025-10-12,2025-10-04,20.60546875,13.06717971854145,7.53828903145855,7.53828903145855,36.58392401996945
ARIMA,45,8,8,2025-01-01,2025-09-12,2025-09-13,2025-10-12,2025-10-05,18.5234375,13.074689743223448,5.448747756776552,5.448747756776552,29.415424414483283
ARIMA,45,8,8,2025-01-01,2025-09-12,2025-09-13,2025-10-12,2025-10-06,10.6640625,13.072674541687652,-2.408612041687652,2.408612041687652,22.5862521125289
ARIMA,45,8,8,2025-01-01,2025-09-12,2025-09-13,2025-10-12,2025-10-07,11.9296875,13.065926590319618,-1.1362390903196182,1.1362390903196182,9.524466506935896
ARIMA,45,8,8,2025-01-01,2025-09-12,2025-09-13,2025-10-12,2025-10-08,12.04296875,13.060267222111007,-1.0172984721110065,1.0172984721110065,8.447239988985327
ARIMA,45,8,8,2025-01-01,2025-09-12,2025-09-13,2025-10-12,2025-10-09,12.76171875,13.058674459735368,-0.2969557097353679,0.2969557097353679,2.326925671633125
ARIMA,45,8,8,2025-01-01,2025-09-12,2025-09-13,2025-10-12,2025-10-10,15.87890625,13.060570754040747,2.8183354959592535,2.8183354959592535,17.74892710862408
ARIMA,45,8,8,2025-01-01,2025-09-12,2025-09-13,2025-10-12,2025-10-11,21.76171875,13.06350734629737,8.69821140370263,8.69821140370263,39.97024087861916
ARIMA,45,8,8,2025-01-01,2025-09-12,2025-09-13,2025-10-12,2025-10-12,16.6328125,13.065334650314389,3.567477849685611,3.567477849685611,21.448434230143647
ARIMA,45,9,9,2025-01-01,2025-10-12,2025-10-13,2025-11-11,2025-10-13,11.2578125,13.098597982588586,-1.8407854825885863,1.8407854825885863,16.351182635068636
ARIMA,45,9,9,2025-01-01,2025-10-12,2025-10-13,2025-11-11,2025-10-14,11.03515625,11.892512785970117,-0.8573565359701174,0.8573565359701174,7.769319405605311
ARIMA,45,9,9,2025-01-01,2025-10-12,2025-10-13,2025-11-11,2025-10-15,10.23828125,12.947739922763754,-2.7094586727637537,2.7094586727637537,26.463999245613163
ARIMA,45,9,9,2025-01-01,2025-10-12,2025-10-13,2025-11-11,2025-10-16,13.40625,14.828703736310272,-1.4224537363102723,1.4224537363102723,10.610377520263103
ARIMA,45,9,9,2025-01-01,2025-10-12,2025-10-13,2025-11-11,2025-10-17,17.51171875,16.09052966638763,1.4211890836123686,1.4211890836123686,8.115645893481293
ARIMA,45,9,9,2025-01-01,2025-10-12,2025-10-13,2025-11-11,2025-10-18,18.5390625,16.171690065210726,2.3673724347892744,2.3673724347892744,12.769644823136414
ARIMA,45,9,9,2025-01-01,2025-10-12,2025-10-13,2025-11-11,2025-10-19,15.17578125,15.432615956273917,-0.25683470627391713,0.25683470627391713,1.6923985793081797
ARIMA,45,9,9,2025-01-01,2025-10-12,2025-10-13,2025-11-11,2025-10-20,10.79296875,14.613362542525367,-3.8203937925253673,3.8203937925253673,35.39706155940984
ARIMA,45,9,9,2025-01-01,2025-10-12,2025-10-13,2025-11-11,2025-10-21,13.44921875,14.246102924409849,-0.7968841744098487,0.7968841744098487,5.925133565173432
ARIMA,45,9,9,2025-01-01,2025-10-12,2025-10-13,2025-11-11,2025-10-22,11.66796875,14.399799455064798,-2.731830705064798,2.731830705064798,23.41307869088009
ARIMA,45,9,9,2025-01-01,2025-10-12,2025-10-13,2025-11-11,2025-10-23,12.23828125,14.798761543047721,-2.5604802930477213,2.5604802930477213,20.92189451069954
ARIMA,45,9,9,2025-01-01,2025-10-12,2025-10-13,2025-11-11,2025-10-24,14.52734375,15.112149792935805,-0.5848060429358046,0.5848060429358046,4.025553831448399
ARIMA,45,9,9,2025-01-01,2025-10-12,2025-10-13,2025-11-11,2025-10-25,19.265625,15.176798326300728,4.0888266736992716,4.0888266736992716,21.223431234124362
ARIMA,45,9,9,2025-01-01,2025-10-12,2025-10-13,2025-11-11,2025-10-26,19.89453125,15.03937185766132,4.855159392338679,4.855159392338679,24.404492527757743
ARIMA,45,9,9,2025-01-01,2025-10-12,2025-10-13,2025-11-11,2025-10-27,9.4921875,14.854705008165727,-5.362517508165727,5.362517508165727,56.49401160865951
ARIMA,45,9,9,2025-01-01,2025-10-12,2025-10-13,2025-11-11,2025-10-28,12.7578125,14.752892549861281,-1.995080049861281,1.995080049861281,15.63810449370753
ARIMA,45,9,9,2025-01-01,2025-10-12,2025-10-13,2025-11-11,2025-10-29,9.73828125,14.767807059449401,-5.029525809449401,5.029525809449401,51.6469557649036
ARIMA,45,9,9,2025-01-01,2025-10-12,2025-10-13,2025-11-11,2025-10-30,9.109375,14.849694274094409,-5.740319274094409,5.740319274094409,63.01551175678254
ARIMA,45,9,9,2025-01-01,2025-10-12,2025-10-13,2025-11-11,2025-10-31,13.49609375,14.924868115444873,-1.4287743654448732,1.4287743654448732,10.586577063788353
ARIMA,45,9,9,2025-01-01,2025-10-12,2025-10-13,2025-11-11,2025-11-01,21.05078125,14.949387748443067,6.101393501556933,6.101393501556933,28.984166568910275
ARIMA,45,9,9,2025-01-01,2025-10-12,2025-10-13,2025-11-11,2025-11-02,19.015625,14.925766778920474,4.089858221079526,4.089858221079526,21.50788218151928
ARIMA,45,9,9,2025-01-01,2025-10-12,2025-10-13,2025-11-11,2025-11-03,12.2890625,14.885278751433201,-2.5962162514332014,2.5962162514332014,21.126235230988545
ARIMA,45,9,9,2025-01-01,2025-10-12,2025-10-13,2025-11-11,2025-11-04,15.23046875,14.858709524124556,0.37175922587544363,0.37175922587544363,2.4408915574278938
ARIMA,45,9,9,2025-01-01,2025-10-12,2025-10-13,2025-11-11,2025-11-05,10.9765625,14.857576101348522,-3.8810136013485224,3.8810136013485224,35.35727693755237
ARIMA,45,9,9,2025-01-01,2025-10-12,2025-10-13,2025-11-11,2025-11-06,12.0625,14.87373488299661,-2.81123488299661,2.81123488299661,23.305574159557388
ARIMA,45,9,9,2025-01-01,2025-10-12,2025-10-13,2025-11-11,2025-11-07,13.328125,14.89122845494689,-1.5631034549468907,1.5631034549468907,11.727857106283823
ARIMA,45,9,9,2025-01-01,2025-10-12,2025-10-13,2025-11-11,2025-11-08,19.1171875,14.898824431006016,4.218363068993984,4.218363068993984,22.065814173732324
ARIMA,45,9,9,2025-01-01,2025-10-12,2025-10-13,2025-11-11,2025-11-09,17.85546875,14.895287327588672,2.9601814224113276,2.9601814224113276,16.57857020646029
ARIMA,45,9,9,2025-01-01,2025-10-12,2025-10-13,2025-11-11,2025-11-10,11.03515625,14.886664235220213,-3.8515079852202128,3.8515079852202128,34.9021608572168
ARIMA,45,9,9,2025-01-01,2025-10-12,2025-10-13,2025-11-11,2025-11-11,10.47265625,14.880031075682666,-4.407374825682666,4.407374825682666,42.08459363576137
ARIMA,45,10,10,2025-01-01,2025-10-13,2025-10-14,2025-11-12,2025-10-14,11.03515625,10.821777343528257,0.21337890647174262,0.21337890647174262,1.9336283205934908
ARIMA,45,10,10,2025-01-01,2025-10-13,2025-10-14,2025-11-12,2025-10-15,10.23828125,12.84003940191439,-2.6017581519143906,2.6017581519143906,25.412059782147423
ARIMA,45,10,10,2025-01-01,2025-10-13,2025-10-14,2025-11-12,2025-10-16,13.40625,15.213107876140349,-1.8068578761403487,1.8068578761403487,13.477727747433836
ARIMA,45,10,10,2025-01-01,2025-10-13,2025-10-14,2025-11-12,2025-10-17,17.51171875,16.349769602662178,1.1619491473378218,1.1619491473378218,6.635266154773197
ARIMA,45,10,10,2025-01-01,2025-10-13,2025-10-14,2025-11-12,2025-10-18,18.5390625,15.975376735020987,2.563685764979013,2.563685764979013,13.82856206984044
ARIMA,45,10,10,2025-01-01,2025-10-13,2025-10-14,2025-11-12,2025-10-19,15.17578125,14.845379073651582,0.33040217634841795,0.33040217634841795,2.1771674940848134
ARIMA,45,10,10,2025-01-01,2025-10-13,2025-10-14,2025-11-12,2025-10-20,10.79296875,13.920839782882346,-3.1278710328823465,3.1278710328823465,28.980636424823768
ARIMA,45,10,10,2025-01-01,2025-10-13,2025-10-14,2025-11-12,2025-10-21,13.44921875,13.702548671027055,-0.25332992102705454,0.25332992102705454,1.8836032466722614
ARIMA,45,10,10,2025-01-01,2025-10-13,2025-10-14,2025-11-12,2025-10-22,11.66796875,14.08073889658759,-2.41277014658759,2.41277014658759,20.67857909361979
ARIMA,45,10,10,2025-01-01,2025-10-13,2025-10-14,2025-11-12,2025-10-23,12.23828125,14.614651530460131,-2.376370280460131,2.376370280460131,19.417516495301424
ARIMA,45,10,10,2025-01-01,2025-10-13,2025-10-14,2025-11-12,2025-10-24,14.52734375,14.919972902342039,-0.3926291523420389,0.3926291523420389,2.7026905888561967
ARIMA,45,10,10,2025-01-01,2025-10-13,2025-10-14,2025-11-12,2025-10-25,19.265625,14.887042619094013,4.378582380905987,4.378582380905987,22.72743490494592
ARIMA,45,10,10,2025-01-01,2025-10-13,2025-10-14,2025-11-12,2025-10-26,19.89453125,14.6534908794527,5.241040370547299,5.241040370547299,26.344125954449417
ARIMA,45,10,10,2025-01-01,2025-10-13,2025-10-14,2025-11-12,2025-10-27,9.4921875,14.433362404998293,-4.941174904998293,4.941174904998293,52.055175953891485
ARIMA,45,10,10,2025-01-01,2025-10-13,2025-10-14,2025-11-12,2025-10-28,12.7578125,14.358197522349831,-1.6003850223498315,1.6003850223498315,12.54435290023138
ARIMA,45,10,10,2025-01-01,2025-10-13,2025-10-14,2025-11-12,2025-10-29,9.73828125,14.424248586301845,-4.685967336301845,4.685967336301845,48.11903883246178
ARIMA,45,10,10,2025-01-01,2025-10-13,2025-10-14,2025-11-12,2025-10-30,9.109375,14.541696738993666,-5.432321738993666,5.432321738993666,59.63440674023922
ARIMA,45,10,10,2025-01-01,2025-10-13,2025-10-14,2025-11-12,2025-10-31,13.49609375,14.620059777171672,-1.1239660271716723,1.1239660271716723,8.32808402187983
ARIMA,45,10,10,2025-01-01,2025-10-13,2025-10-14,2025-11-12,2025-11-01,21.05078125,14.624403469429145,6.426377780570855,6.426377780570855,30.527977580741116
ARIMA,45,10,10,2025-01-01,2025-10-13,2025-10-14,2025-11-12,2025-11-02,19.015625,14.57769945985339,4.43792554014661,4.43792554014661,23.33831015360584
ARIMA,45,10,10,2025-01-01,2025-10-13,2025-10-14,2025-11-12,2025-11-03,12.2890625,14.52653941303309,-2.23747691303309,2.23747691303309,18.207059432182803
ARIMA,45,10,10,2025-01-01,2025-10-13,2025-10-14,2025-11-12,2025-11-04,15.23046875,14.504120767394571,0.7263479826054287,0.7263479826054287,4.769045487227231
ARIMA,45,10,10,2025-01-01,2025-10-13,2025-10-14,2025-11-12,2025-11-05,10.9765625,14.51435062962482,-3.53778812962482,3.53778812962482,32.23038296028306
ARIMA,45,10,10,2025-01-01,2025-10-13,2025-10-14,2025-11-12,2025-11-06,12.0625,14.53958205149934,-2.4770820514993392,2.4770820514993392,20.535395245590376
ARIMA,45,10,10,2025-01-01,2025-10-13,2025-10-14,2025-11-12,2025-11-07,13.328125,14.559003997102364,-1.230878997102364,1.230878997102364,9.235199978259237
ARIMA,45,10,10,2025-01-01,2025-10-13,2025-10-14,2025-11-12,2025-11-08,19.1171875,14.56261397996319,4.55457352003681,4.55457352003681,23.82449573210918
ARIMA,45,10,10,2025-01-01,2025-10-13,2025-10-14,2025-11-12,2025-11-09,17.85546875,14.553659779634712,3.301808970365288,3.301808970365288,18.491863846281202
ARIMA,45,10,10,2025-01-01,2025-10-13,2025-10-14,2025-11-12,2025-11-10,11.03515625,14.5420367844079,-3.5068805344079,3.5068805344079,31.779165196758314
ARIMA,45,10,10,2025-01-01,2025-10-13,2025-10-14,2025-11-12,2025-11-11,10.47265625,14.535861292784542,-4.063205042784542,4.063205042784542,38.79822793557787
ARIMA,45,10,10,2025-01-01,2025-10-13,2025-10-14,2025-11-12,2025-11-12,9.6953125,14.537065685424468,-4.8417531854244675,4.8417531854244675,49.93911424128379
SARIMA,45,1,1,2025-01-01,2025-02-14,2025-02-15,2025-03-16,2025-02-15,13.20703125,18.249862034446352,-5.042830784446352,5.042830784446352,38.18292460272896
SARIMA,45,1,1,2025-01-01,2025-02-14,2025-02-15,2025-03-16,2025-02-16,13.00390625,14.404096903249192,-1.400190653249192,1.400190653249192,10.767461917446475
SARIMA,45,1,1,2025-01-01,2025-02-14,2025-02-15,2025-03-16,2025-02-17,9.2421875,10.582907112925886,-1.340719612925886,1.340719612925886,14.506518212553965
SARIMA,45,1,1,2025-01-01,2025-02-14,2025-02-15,2025-03-16,2025-02-18,9.37890625,9.729278791453687,-0.35037254145368735,0.35037254145368735,3.735750546111785
SARIMA,45,1,1,2025-01-01,2025-02-14,2025-02-15,2025-03-16,2025-02-19,9.0703125,8.973476448200143,0.09683605179985655,0.09683605179985655,1.0676153859071178
SARIMA,45,1,1,2025-01-01,2025-02-14,2025-02-15,2025-03-16,2025-02-20,10.89453125,9.897225882417303,0.9973053675826975,0.9973053675826975,9.154183366840106
SARIMA,45,1,1,2025-01-01,2025-02-14,2025-02-15,2025-03-16,2025-02-21,10.4609375,14.013797172718764,-3.552859672718764,3.552859672718764,33.96310964212112
SARIMA,45,1,1,2025-01-01,2025-02-14,2025-02-15,2025-03-16,2025-02-22,17.296875,17.481696907062137,-0.18482190706213686,0.18482190706213686,1.0685277373059403
SARIMA,45,1,1,2025-01-01,2025-02-14,2025-02-15,2025-03-16,2025-02-23,19.20703125,15.260198141848317,3.946833108151683,3.946833108151683,20.54889720737911
SARIMA,45,1,1,2025-01-01,2025-02-14,2025-02-15,2025-03-16,2025-02-24,8.99609375,9.71407120592256,-0.7179774559225596,0.7179774559225596,7.980991259929452
SARIMA,45,1,1,2025-01-01,2025-02-14,2025-02-15,2025-03-16,2025-02-25,10.953125,9.485344172442645,1.4677808275573554,1.4677808275573554,13.400566756586413
SARIMA,45,1,1,2025-01-01,2025-02-14,2025-02-15,2025-03-16,2025-02-26,9.31640625,8.883578013728641,0.4328282362713587,0.4328282362713587,4.645871215323599
SARIMA,45,1,1,2025-01-01,2025-02-14,2025-02-15,2025-03-16,2025-02-27,11.63671875,10.214220240974004,1.4224985090259956,1.4224985090259956,12.224223508246219
SARIMA,45,1,1,2025-01-01,2025-02-14,2025-02-15,2025-03-16,2025-02-28,14.5390625,14.0234246339834,0.5156378660166006,0.5156378660166006,3.5465688796413146
SARIMA,45,1,1,2025-01-01,2025-02-14,2025-02-15,2025-03-16,2025-03-01,15.1796875,17.67096125548051,-2.4912737554805098,2.4912737554805098,16.41189092647994
SARIMA,45,1,1,2025-01-01,2025-02-14,2025-02-15,2025-03-16,2025-03-02,12.4921875,14.80588560601517,-2.3136981060151705,2.3136981060151705,18.52116057347979
SARIMA,45,1,1,2025-01-01,2025-02-14,2025-02-15,2025-03-16,2025-03-03,8.95703125,9.940522453843045,-0.9834912038430446,0.9834912038430446,10.980102406620995
SARIMA,45,1,1,2025-01-01,2025-02-14,2025-02-15,2025-03-16,2025-03-04,11.60546875,9.460829108781619,2.1446396412183812,2.1446396412183812,18.47956069175044
SARIMA,45,1,1,2025-01-01,2025-02-14,2025-02-15,2025-03-16,2025-03-05,8.8046875,8.805467352898809,-0.000779852898808997,0.000779852898808997,0.00885724676553253
SARIMA,45,1,1,2025-01-01,2025-02-14,2025-02-15,2025-03-16,2025-03-06,7.66015625,9.972601471963824,-2.3124452219638236,2.3124452219638236,30.18796414190407
SARIMA,45,1,1,2025-01-01,2025-02-14,2025-02-15,2025-03-16,2025-03-07,12.19140625,13.905613682039496,-1.7142074320394958,1.7142074320394958,14.060785088180419
SARIMA,45,1,1,2025-01-01,2025-02-14,2025-02-15,2025-03-16,2025-03-08,17.12109375,17.479839307923744,-0.3587455579237435,0.3587455579237435,2.095342524035554
SARIMA,45,1,1,2025-01-01,2025-02-14,2025-02-15,2025-03-16,2025-03-09,14.265625,14.86797628683159,-0.6023512868315901,0.6023512868315901,4.222396753255396
SARIMA,45,1,1,2025-01-01,2025-02-14,2025-02-15,2025-03-16,2025-03-10,9.5625,9.735450907680374,-0.1729509076803737,0.1729509076803737,1.8086369430627314
SARIMA,45,1,1,2025-01-01,2025-02-14,2025-02-15,2025-03-16,2025-03-11,11.87109375,9.355238815016394,2.515854934983606,2.515854934983606,21.19311824138872
SARIMA,45,1,1,2025-01-01,2025-02-14,2025-02-15,2025-03-16,2025-03-12,12.1171875,8.719260892291302,3.3979266077086976,3.3979266077086976,28.042205402109172
SARIMA,45,1,1,2025-01-01,2025-02-14,2025-02-15,2025-03-16,2025-03-13,12.9140625,9.951219358602575,2.9628431413974248,2.9628431413974248,22.94276600719119
SARIMA,45,1,1,2025-01-01,2025-02-14,2025-02-15,2025-03-16,2025-03-14,18.45703125,13.83508270841938,4.62194854158062,4.62194854158062,25.04166828877542
SARIMA,45,1,1,2025-01-01,2025-02-14,2025-02-15,2025-03-16,2025-03-15,18.71484375,17.43862292449439,1.276220825505611,1.276220825505611,6.819297251710214
SARIMA,45,1,1,2025-01-01,2025-02-14,2025-02-15,2025-03-16,2025-03-16,20.37109375,14.727584408108205,5.643509341891795,5.643509341891795,27.70351661599807
SARIMA,45,2,2,2025-01-01,2025-03-16,2025-03-17,2025-04-15,2025-03-17,11.1328125,14.206293605502298,-3.0734811055022977,3.0734811055022977,27.607409228371516
SARIMA,45,2,2,2025-01-01,2025-03-16,2025-03-17,2025-04-15,2025-03-18,15.32421875,15.809853441399083,-0.485634691399083,0.485634691399083,3.169066556160215
SARIMA,45,2,2,2025-01-01,2025-03-16,2025-03-17,2025-04-15,2025-03-19,11.4296875,14.805190145396747,-3.3755026453967467,3.3755026453967467,29.532764088228543
SARIMA,45,2,2,2025-01-01,2025-03-16,2025-03-17,2025-04-15,2025-03-20,11.41796875,15.437901285117809,-4.019932535117809,4.019932535117809,35.20707249367633
SARIMA,45,2,2,2025-01-01,2025-03-16,2025-03-17,2025-04-15,2025-03-21,17.328125,18.748164980635636,-1.4200399806356359,1.4200399806356359,8.19500078996219
SARIMA,45,2,2,2025-01-01,2025-03-16,2025-03-17,2025-04-15,2025-03-22,19.71875,22.10008085331803,-2.3813308533180297,2.3813308533180297,12.076479763261007
SARIMA,45,2,2,2025-01-01,2025-03-16,2025-03-17,2025-04-15,2025-03-23,18.00390625,20.374709423099937,-2.3708031730999366,2.3708031730999366,13.168271041735382
SARIMA,45,2,2,2025-01-01,2025-03-16,2025-03-17,2025-04-15,2025-03-24,9.1953125,15.252302715878443,-6.056990215878443,6.056990215878443,65.87041186341892
SARIMA,45,2,2,2025-01-01,2025-03-16,2025-03-17,2025-04-15,2025-03-25,12.94140625,16.697007659528566,-3.755601409528566,3.755601409528566,29.02004107574141
SARIMA,45,2,2,2025-01-01,2025-03-16,2025-03-17,2025-04-15,2025-03-26,13.65234375,15.900191686058157,-2.2478479360581574,2.2478479360581574,16.46492336569065
SARIMA,45,2,2,2025-01-01,2025-03-16,2025-03-17,2025-04-15,2025-03-27,14.77734375,16.529683577995886,-1.7523398279958862,1.7523398279958862,11.858286967141076
SARIMA,45,2,2,2025-01-01,2025-03-16,2025-03-17,2025-04-15,2025-03-28,15.93359375,20.51873975115699,-4.585146001156989,4.585146001156989,28.776596624079165
SARIMA,45,2,2,2025-01-01,2025-03-16,2025-03-17,2025-04-15,2025-03-29,21.890625,22.909146725976985,-1.018521725976985,1.018521725976985,4.65277590738951
SARIMA,45,2,2,2025-01-01,2025-03-16,2025-03-17,2025-04-15,2025-03-30,19.109375,22.231269598537114,-3.1218945985371143,3.1218945985371143,16.336979092917034
SARIMA,45,2,2,2025-01-01,2025-03-16,2025-03-17,2025-04-15,2025-03-31,11.83203125,16.785782834662054,-4.953751584662054,4.953751584662054,41.867296324644634
SARIMA,45,2,2,2025-01-01,2025-03-16,2025-03-17,2025-04-15,2025-04-01,11.05859375,18.279716741468622,-7.221122991468622,7.221122991468622,65.29874552511365
SARIMA,45,2,2,2025-01-01,2025-03-16,2025-03-17,2025-04-15,2025-04-02,12.88671875,17.418493323329734,-4.531774573329734,4.531774573329734,35.166241005529315
SARIMA,45,2,2,2025-01-01,2025-03-16,2025-03-17,2025-04-15,2025-04-03,15.1796875,18.048983924160098,-2.8692964241600976,2.8692964241600976,18.90221010254722
SARIMA,45,2,2,2025-01-01,2025-03-16,2025-03-17,2025-04-15,2025-04-04,15.9609375,21.827687843703913,-5.866750343703913,5.866750343703913,36.756928242491476
SARIMA,45,2,2,2025-01-01,2025-03-16,2025-03-17,2025-04-15,2025-04-05,22.37890625,24.516059080762528,-2.1371528307625276,2.1371528307625276,9.549853808259854
SARIMA,45,2,2,2025-01-01,2025-03-16,2025-03-17,2025-04-15,2025-04-06,18.0703125,23.513571559050057,-5.443259059050057,5.443259059050057,30.122661459507448
SARIMA,45,2,2,2025-01-01,2025-03-16,2025-03-17,2025-04-15,2025-04-07,10.953125,18.168204815532924,-7.215079815532924,7.215079815532924,65.87234068389546
SARIMA,45,2,2,2025-01-01,2025-03-16,2025-03-17,2025-04-15,2025-04-08,12.00390625,19.64688304642013,-7.642976796420129,7.642976796420129,63.67074714883023
SARIMA,45,2,2,2025-01-01,2025-03-16,2025-03-17,2025-04-15,2025-04-09,12.2734375,18.8056189987259,-6.532181498725901,6.532181498725901,53.22210259942173
SARIMA,45,2,2,2025-01-01,2025-03-16,2025-03-17,2025-04-15,2025-04-10,11.3203125,19.435800107352097,-8.115487607352097,8.115487607352097,71.6896075735727
SARIMA,45,2,2,2025-01-01,2025-03-16,2025-03-17,2025-04-15,2025-04-11,16.63671875,23.279690568308705,-6.642971818308705,6.642971818308705,39.92957937278771
SARIMA,45,2,2,2025-01-01,2025-03-16,2025-03-17,2025-04-15,2025-04-12,23.734375,25.875724978030384,-2.1413499780303837,2.1413499780303837,9.022146056217549
SARIMA,45,2,2,2025-01-01,2025-03-16,2025-03-17,2025-04-15,2025-04-13,25.21484375,24.973831714508115,0.24101203549188455,0.24101203549188455,0.955833944011192
SARIMA,45,2,2,2025-01-01,2025-03-16,2025-03-17,2025-04-15,2025-04-14,14.3359375,19.597438548683964,-5.261501048683964,5.261501048683964,36.701478704716486
SARIMA,45,2,2,2025-01-01,2025-03-16,2025-03-17,2025-04-15,2025-04-15,10.921875,21.080844395905636,-10.158969395905636,10.158969395905636,93.01488431158236
SARIMA,45,3,3,2025-01-01,2025-04-15,2025-04-16,2025-05-15,2025-04-16,13.640625,14.156609246003894,-0.5159842460038941,0.5159842460038941,3.78270237620266
SARIMA,45,3,3,2025-01-01,2025-04-15,2025-04-16,2025-05-15,2025-04-17,15.99609375,15.144651803832632,0.8514419461673679,0.8514419461673679,5.322811678115902
SARIMA,45,3,3,2025-01-01,2025-04-15,2025-04-16,2025-05-15,2025-04-18,20.17578125,17.82654456592431,2.3492366840756915,2.3492366840756915,11.64384493946519
SARIMA,45,3,3,2025-01-01,2025-04-15,2025-04-16,2025-05-15,2025-04-19,22.23046875,23.1799280497233,-0.9494592997233013,0.9494592997233013,4.270981914060186
SARIMA,45,3,3,2025-01-01,2025-04-15,2025-04-16,2025-05-15,2025-04-20,11.9765625,20.987686543757025,-9.011124043757025,9.011124043757025,75.23965281153941
SARIMA,45,3,3,2025-01-01,2025-04-15,2025-04-16,2025-05-15,2025-04-21,13.4609375,13.058215317188836,0.40272218281116423,0.40272218281116423,2.9917840626714463
SARIMA,45,3,3,2025-01-01,2025-04-15,2025-04-16,2025-05-15,2025-04-22,11.8984375,13.58423054467999,-1.6857930446799898,1.6857930446799898,14.168188425412914
SARIMA,45,3,3,2025-01-01,2025-04-15,2025-04-16,2025-05-15,2025-04-23,16.4921875,14.354179757389412,2.138007742610588,2.138007742610588,12.963760826819293
SARIMA,45,3,3,2025-01-01,2025-04-15,2025-04-16,2025-05-15,2025-04-24,15.3671875,14.808345251508817,0.5588422484911835,0.5588422484911835,3.6365941945537106
SARIMA,45,3,3,2025-01-01,2025-04-15,2025-04-16,2025-05-15,2025-04-25,15.66015625,18.241288780525075,-2.5811325305250747,2.5811325305250747,16.482163327872765
SARIMA,45,3,3,2025-01-01,2025-04-15,2025-04-16,2025-05-15,2025-04-26,21.859375,24.091520030153767,-2.2321450301537666,2.2321450301537666,10.211385413140892
SARIMA,45,3,3,2025-01-01,2025-04-15,2025-04-16,2025-05-15,2025-04-27,20.3125,22.94466239764627,-2.632162397646269,2.632162397646269,12.95833795764317
SARIMA,45,3,3,2025-01-01,2025-04-15,2025-04-16,2025-05-15,2025-04-28,14.96875,14.1758228443286,0.7929271556713999,0.7929271556713999,5.297216906364258
SARIMA,45,3,3,2025-01-01,2025-04-15,2025-04-16,2025-05-15,2025-04-29,15.859375,13.580505081404404,2.2788699185955963,2.2788699185955963,14.369229043361395
SARIMA,45,3,3,2025-01-01,2025-04-15,2025-04-16,2025-05-15,2025-04-30,28.22265625,15.051935462205856,13.170720787794144,13.170720787794144,46.667190611422846
SARIMA,45,3,3,2025-01-01,2025-04-15,2025-04-16,2025-05-15,2025-05-01,21.9921875,15.658043439257376,6.334144060742624,6.334144060742624,28.80179182149399
SARIMA,45,3,3,2025-01-01,2025-04-15,2025-04-16,2025-05-15,2025-05-02,20.91796875,18.87723842022698,2.0407303297730195,2.0407303297730195,9.755872351482596
SARIMA,45,3,3,2025-01-01,2025-04-15,2025-04-16,2025-05-15,2025-05-03,20.4921875,24.586066999198483,-4.093879499198483,4.093879499198483,19.977757373137848
SARIMA,45,3,3,2025-01-01,2025-04-15,2025-04-16,2025-05-15,2025-05-04,16.3203125,23.141693345856726,-6.821380845856726,6.821380845856726,41.796876413100094
SARIMA,45,3,3,2025-01-01,2025-04-15,2025-04-16,2025-05-15,2025-05-05,14.921875,14.6117378717345,0.31013712826550055,0.31013712826550055,2.0784058857583285
SARIMA,45,3,3,2025-01-01,2025-04-15,2025-04-16,2025-05-15,2025-05-06,10.0546875,14.335551271300755,-4.280863771300755,4.280863771300755,42.57580129965009
SARIMA,45,3,3,2025-01-01,2025-04-15,2025-04-16,2025-05-15,2025-05-07,10.64453125,15.607340243889219,-4.962808993889219,4.962808993889219,46.62308632791339
SARIMA,45,3,3,2025-01-01,2025-04-15,2025-04-16,2025-05-15,2025-05-08,16.6484375,16.170205419028164,0.47823208097183567,0.47823208097183567,2.8725343202437807
SARIMA,45,3,3,2025-01-01,2025-04-15,2025-04-16,2025-05-15,2025-05-09,14.73828125,19.45023319687477,-4.71195194687477,4.71195194687477,31.970837487408986
SARIMA,45,3,3,2025-01-01,2025-04-15,2025-04-16,2025-05-15,2025-05-10,22.3515625,25.199304949488916,-2.8477424494889156,2.8477424494889156,12.74068624727652
SARIMA,45,3,3,2025-01-01,2025-04-15,2025-04-16,2025-05-15,2025-05-11,21.41015625,23.839604300023137,-2.4294480500231366,2.4294480500231366,11.347175712569294
SARIMA,45,3,3,2025-01-01,2025-04-15,2025-04-16,2025-05-15,2025-05-12,13.95703125,15.24166246165739,-1.2846312116573895,1.2846312116573895,9.204186683019639
SARIMA,45,3,3,2025-01-01,2025-04-15,2025-04-16,2025-05-15,2025-05-13,11.1953125,14.874651192085908,-3.679338692085908,3.679338692085908,32.864993202163035
SARIMA,45,3,3,2025-01-01,2025-04-15,2025-04-16,2025-05-15,2025-05-14,11.15234375,16.203258072101153,-5.050914322101153,5.050914322101153,45.29015994598583
SARIMA,45,3,3,2025-01-01,2025-04-15,2025-04-16,2025-05-15,2025-05-15,14.74609375,16.7784301405742,-2.0323363905742013,2.0323363905742013,13.782201747999881
SARIMA,45,4,4,2025-01-01,2025-05-15,2025-05-16,2025-06-14,2025-05-16,18.07421875,17.46329891539778,0.6109198346022211,0.6109198346022211,3.3800621927419194
SARIMA,45,4,4,2025-01-01,2025-05-15,2025-05-16,2025-06-14,2025-05-17,18.09375,21.710796626411764,-3.6170466264117636,3.6170466264117636,19.990585845453616
SARIMA,45,4,4,2025-01-01,2025-05-15,2025-05-16,2025-06-14,2025-05-18,17.8125,18.76849705715568,-0.9559970571556811,0.9559970571556811,5.367001022628385
SARIMA,45,4,4,2025-01-01,2025-05-15,2025-05-16,2025-06-14,2025-05-19,10.21484375,13.953962390171538,-3.7391186401715384,3.7391186401715384,36.604756094987145
SARIMA,45,4,4,2025-01-01,2025-05-15,2025-05-16,2025-06-14,2025-05-20,12.2578125,12.864730660244138,-0.6069181602441382,0.6069181602441382,4.951276259480542
SARIMA,45,4,4,2025-01-01,2025-05-15,2025-05-16,2025-06-14,2025-05-21,10.76171875,15.732197946448363,-4.970479196448363,4.970479196448363,46.18666694340402
SARIMA,45,4,4,2025-01-01,2025-05-15,2025-05-16,2025-06-14,2025-05-22,12.37109375,16.485288913971697,-4.114195163971697,4.114195163971697,33.256519165669545
SARIMA,45,4,4,2025-01-01,2025-05-15,2025-05-16,2025-06-14,2025-05-23,11.80078125,17.76554444821056,-5.964763198210559,5.964763198210559,50.5454941655711
SARIMA,45,4,4,2025-01-01,2025-05-15,2025-05-16,2025-06-14,2025-05-24,16.109375,22.13288155327063,-6.023506553270629,6.023506553270629,37.3913112909137
SARIMA,45,4,4,2025-01-01,2025-05-15,2025-05-16,2025-06-14,2025-05-25,15.21484375,19.41960591446506,-4.204762164465059,4.204762164465059,27.635920772864058
SARIMA,45,4,4,2025-01-01,2025-05-15,2025-05-16,2025-06-14,2025-05-26,14.57421875,14.163543324464156,0.41067542553584424,0.41067542553584424,2.817821199066634
SARIMA,45,4,4,2025-01-01,2025-05-15,2025-05-16,2025-06-14,2025-05-27,10.80859375,12.81694294143307,-2.0083491914330693,2.0083491914330693,18.58104058571976
SARIMA,45,4,4,2025-01-01,2025-05-15,2025-05-16,2025-06-14,2025-05-28,7.69921875,15.242021078899821,-7.542802328899821,7.542802328899821,97.96841178073842
SARIMA,45,4,4,2025-01-01,2025-05-15,2025-05-16,2025-06-14,2025-05-29,12.7890625,16.421070553204153,-3.632008053204153,3.632008053204153,28.39932992120535
SARIMA,45,4,4,2025-01-01,2025-05-15,2025-05-16,2025-06-14,2025-05-30,13.609375,17.916346614604365,-4.306971614604365,4.306971614604365,31.647093379412095
SARIMA,45,4,4,2025-01-01,2025-05-15,2025-05-16,2025-06-14,2025-05-31,16.671875,22.265678993891655,-5.593803993891655,5.593803993891655,33.552338857456974
SARIMA,45,4,4,2025-01-01,2025-05-15,2025-05-16,2025-06-14,2025-06-01,17.265625,19.517935966978072,-2.2523109669780723,2.2523109669780723,13.045058994262138
SARIMA,45,4,4,2025-01-01,2025-05-15,2025-05-16,2025-06-14,2025-06-02,11.390625,14.3281561772828,-2.9375311772828,2.9375311772828,25.789025424704963
SARIMA,45,4,4,2025-01-01,2025-05-15,2025-05-16,2025-06-14,2025-06-03,11.7265625,13.020178479925615,-1.2936159799256153,1.2936159799256153,11.031502027347019
SARIMA,45,4,4,2025-01-01,2025-05-15,2025-05-16,2025-06-14,2025-06-04,11.234375,15.51166619585785,-4.277291195857851,4.277291195857851,38.07324569331049
SARIMA,45,4,4,2025-01-01,2025-05-15,2025-05-16,2025-06-14,2025-06-05,10.44921875,16.62677219404428,-6.177553444044278,6.177553444044278,59.11976380094711
SARIMA,45,4,4,2025-01-01,2025-05-15,2025-05-16,2025-06-14,2025-06-06,13.23046875,18.089771162251484,-4.859302412251484,4.859302412251484,36.728119797354
SARIMA,45,4,4,2025-01-01,2025-05-15,2025-05-16,2025-06-14,2025-06-07,17.609375,22.4418060582796,-4.8324310582795995,4.8324310582795995,27.44237690593561
SARIMA,45,4,4,2025-01-01,2025-05-15,2025-05-16,2025-06-14,2025-06-08,15.859375,19.69923708116384,-3.83986208116384,3.83986208116384,24.211938245762145
SARIMA,45,4,4,2025-01-01,2025-05-15,2025-05-16,2025-06-14,2025-06-09,11.43359375,14.499507354002098,-3.0659136040020982,3.0659136040020982,26.814960116998193
SARIMA,45,4,4,2025-01-01,2025-05-15,2025-05-16,2025-06-14,2025-06-10,9.70703125,13.185731900910923,-3.4787006509109233,3.4787006509109233,35.83691616230166
SARIMA,45,4,4,2025-01-01,2025-05-15,2025-05-16,2025-06-14,2025-06-11,11.69921875,15.66725067606124,-3.96803192606124,3.96803192606124,33.91706754830309
SARIMA,45,4,4,2025-01-01,2025-05-15,2025-05-16,2025-06-14,2025-06-12,11.1328125,16.791955417834963,-5.659142917834963,5.659142917834963,50.833003051429834
SARIMA,45,4,4,2025-01-01,2025-05-15,2025-05-16,2025-06-14,2025-06-13,12.66796875,18.25979959416202,-5.591830844162018,5.591830844162018,44.141495408741186
SARIMA,45,4,4,2025-01-01,2025-05-15,2025-05-16,2025-06-14,2025-06-14,17.33203125,22.611428807731805,-5.279397557731805,5.279397557731805,30.460351020494524
SARIMA,45,5,5,2025-01-01,2025-06-14,2025-06-15,2025-07-14,2025-06-15,13.140625,15.595352569937042,-2.4547275699370417,2.4547275699370417,18.680447619021482
SARIMA,45,5,5,2025-01-01,2025-06-14,2025-06-15,2025-07-14,2025-06-16,10.5859375,10.458094616786177,0.1278428832138232,0.1278428832138232,1.207667088661946
SARIMA,45,5,5,2025-01-01,2025-06-14,2025-06-15,2025-07-14,2025-06-17,10.41796875,10.045161467412887,0.3728072825871127,0.3728072825871127,3.5785026000112805
SARIMA,45,5,5,2025-01-01,2025-06-14,2025-06-15,2025-07-14,2025-06-18,10.4921875,10.67729932387578,-0.18511182387577918,0.18511182387577918,1.7642824613626011
SARIMA,45,5,5,2025-01-01,2025-06-14,2025-06-15,2025-07-14,2025-06-19,15.37890625,11.395624162905648,3.983282087094352,3.983282087094352,25.900945245012807
SARIMA,45,5,5,2025-01-01,2025-06-14,2025-06-15,2025-07-14,2025-06-20,13.1015625,13.889927258476476,-0.7883647584764759,0.7883647584764759,6.017333875073877
SARIMA,45,5,5,2025-01-01,2025-06-14,2025-06-15,2025-07-14,2025-06-21,13.66796875,17.432497990470736,-3.7645292404707362,3.7645292404707362,27.542711790811904
SARIMA,45,5,5,2025-01-01,2025-06-14,2025-06-15,2025-07-14,2025-06-22,15.90234375,15.537608832057037,0.36473491794296287,0.36473491794296287,2.293592213053267
SARIMA,45,5,5,2025-01-01,2025-06-14,2025-06-15,2025-07-14,2025-06-23,11.78515625,10.36539276959034,1.4197634804096602,1.4197634804096602,12.047048425086942
SARIMA,45,5,5,2025-01-01,2025-06-14,2025-06-15,2025-07-14,2025-06-24,11.30078125,9.955753175568976,1.3450280744310241,1.3450280744310241,11.902080437412451
SARIMA,45,5,5,2025-01-01,2025-06-14,2025-06-15,2025-07-14,2025-06-25,11.765625,10.600935479525154,1.1646895204748464,1.1646895204748464,9.89908755782074
SARIMA,45,5,5,2025-01-01,2025-06-14,2025-06-15,2025-07-14,2025-06-26,10.85546875,11.332639579025564,-0.47717082902556385,0.47717082902556385,4.395672264503215
SARIMA,45,5,5,2025-01-01,2025-06-14,2025-06-15,2025-07-14,2025-06-27,13.60546875,13.83828475342931,-0.23281600342930986,0.23281600342930986,1.7111942830290934
SARIMA,45,5,5,2025-01-01,2025-06-14,2025-06-15,2025-07-14,2025-06-28,15.6328125,17.38990696882651,-1.7570944688265087,1.7570944688265087,11.239784708135588
SARIMA,45,5,5,2025-01-01,2025-06-14,2025-06-15,2025-07-14,2025-06-29,17.41796875,15.501937431956913,1.9160313180430872,1.9160313180430872,11.00031436239135
SARIMA,45,5,5,2025-01-01,2025-06-14,2025-06-15,2025-07-14,2025-06-30,14.37890625,10.334963827018331,4.043942422981669,4.043942422981669,28.124130950375093
SARIMA,45,5,5,2025-01-01,2025-06-14,2025-06-15,2025-07-14,2025-07-01,11.33984375,9.929274144003356,1.4105696059966437,1.4105696059966437,12.439056807962135
SARIMA,45,5,5,2025-01-01,2025-06-14,2025-06-15,2025-07-14,2025-07-02,9.7421875,10.577424820418257,-0.8352373204182566,0.8352373204182566,8.573406336290043
SARIMA,45,5,5,2025-01-01,2025-06-14,2025-06-15,2025-07-14,2025-07-03,13.31640625,11.31135697195661,2.0050492780433906,2.0050492780433906,15.056984898184453
SARIMA,45,5,5,2025-01-01,2025-06-14,2025-06-15,2025-07-14,2025-07-04,13.86328125,13.818673559646236,0.04460769035376444,0.04460769035376444,0.32176863146136087
SARIMA,45,5,5,2025-01-01,2025-06-14,2025-06-15,2025-07-14,2025-07-05,14.7578125,17.371549275253983,-2.613736775253983,2.613736775253983,17.710868567099514
SARIMA,45,5,5,2025-01-01,2025-06-14,2025-06-15,2025-07-14,2025-07-06,9.4765625,15.484519703940379,-6.007957203940379,6.007957203940379,63.39806447686467
SARIMA,45,5,5,2025-01-01,2025-06-14,2025-06-15,2025-07-14,2025-07-07,8.96484375,10.318250910487267,-1.3534071604872668,1.3534071604872668,15.096829328311125
SARIMA,45,5,5,2025-01-01,2025-06-14,2025-06-15,2025-07-14,2025-07-08,9.6875,9.91308969913692,-0.22558969913692017,0.22558969913692017,2.3286678620585306
SARIMA,45,5,5,2025-01-01,2025-06-14,2025-06-15,2025-07-14,2025-07-09,12.1484375,10.56163662132049,1.5868008786795098,1.5868008786795098,13.061769290738088
SARIMA,45,5,5,2025-01-01,2025-06-14,2025-06-15,2025-07-14,2025-07-10,11.09765625,11.295865874349012,-0.1982096243490119,0.1982096243490119,1.7860494133525888
SARIMA,45,5,5,2025-01-01,2025-06-14,2025-06-15,2025-07-14,2025-07-11,12.33203125,13.803405225383795,-1.4713739753837949,1.4713739753837949,11.931318900799857
SARIMA,45,5,5,2025-01-01,2025-06-14,2025-06-15,2025-07-14,2025-07-12,18.7734375,17.356447966200033,1.416989533799967,1.416989533799967,7.547842710212059
SARIMA,45,5,5,2025-01-01,2025-06-14,2025-06-15,2025-07-14,2025-07-13,14.00390625,15.469543628244416,-1.4656373782444163,1.4656373782444163,10.465918237951758
SARIMA,45,5,5,2025-01-01,2025-06-14,2025-06-15,2025-07-14,2025-07-14,9.69921875,10.303368733126774,-0.6041499831267743,0.6041499831267743,6.2288520209607015
SARIMA,45,6,6,2025-01-01,2025-07-14,2025-07-15,2025-08-13,2025-07-15,11.79296875,9.30575775604677,2.48721099395323,2.48721099395323,21.09062651381341
SARIMA,45,6,6,2025-01-01,2025-07-14,2025-07-15,2025-08-13,2025-07-16,11.625,9.916687516111184,1.7083124838888164,1.7083124838888164,14.695161151731753
SARIMA,45,6,6,2025-01-01,2025-07-14,2025-07-15,2025-08-13,2025-07-17,11.20703125,11.286166459661946,-0.07913520966194554,0.07913520966194554,0.7061210761051955
SARIMA,45,6,6,2025-01-01,2025-07-14,2025-07-15,2025-08-13,2025-07-18,12.76953125,12.77545514454781,-0.005923894547809283,0.005923894547809283,0.04639085360168787
SARIMA,45,6,6,2025-01-01,2025-07-14,2025-07-15,2025-08-13,2025-07-19,16.83984375,15.832491784776197,1.007351965223803,1.007351965223803,5.981955534615949
SARIMA,45,6,6,2025-01-01,2025-07-14,2025-07-15,2025-08-13,2025-07-20,15.55859375,14.133739420369647,1.424854329630353,1.424854329630353,9.157989163579472
SARIMA,45,6,6,2025-01-01,2025-07-14,2025-07-15,2025-08-13,2025-07-21,10.421875,10.011458545637137,0.41041645436286345,0.41041645436286345,3.9380289474097845
SARIMA,45,6,6,2025-01-01,2025-07-14,2025-07-15,2025-08-13,2025-07-22,12.03125,9.295445030556571,2.7358049694434285,2.7358049694434285,22.739158187581744
SARIMA,45,6,6,2025-01-01,2025-07-14,2025-07-15,2025-08-13,2025-07-23,12.75390625,9.940871376368067,2.813034873631933,2.813034873631933,22.056261183760334
SARIMA,45,6,6,2025-01-01,2025-07-14,2025-07-15,2025-08-13,2025-07-24,10.875,11.059450889124978,-0.1844508891249781,0.1844508891249781,1.6961001298848561
SARIMA,45,6,6,2025-01-01,2025-07-14,2025-07-15,2025-08-13,2025-07-25,12.4609375,12.527854973007063,-0.06691747300706297,0.06691747300706297,0.5370179651977467
SARIMA,45,6,6,2025-01-01,2025-07-14,2025-07-15,2025-08-13,2025-07-26,17.00390625,15.903102800687082,1.1008034493129184,1.1008034493129184,6.473826855596304
SARIMA,45,6,6,2025-01-01,2025-07-14,2025-07-15,2025-08-13,2025-07-27,14.58203125,13.928020074629384,0.6540111753706164,0.6540111753706164,4.485048510444088
SARIMA,45,6,6,2025-01-01,2025-07-14,2025-07-15,2025-08-13,2025-07-28,12.27734375,9.79209231091644,2.4852514390835605,2.4852514390835605,20.24258251369365
SARIMA,45,6,6,2025-01-01,2025-07-14,2025-07-15,2025-08-13,2025-07-29,11.1640625,9.10713687195968,2.05692562804032,2.05692562804032,18.42452626936046
SARIMA,45,6,6,2025-01-01,2025-07-14,2025-07-15,2025-08-13,2025-07-30,11.828125,9.749976338790615,2.0781486612093847,2.0781486612093847,17.569552749986872
SARIMA,45,6,6,2025-01-01,2025-07-14,2025-07-15,2025-08-13,2025-07-31,12.734375,10.891785099693312,1.8425899003066881,1.8425899003066881,14.46941762204025
SARIMA,45,6,6,2025-01-01,2025-07-14,2025-07-15,2025-08-13,2025-08-01,14.0546875,12.362153773985725,1.6925337260142754,1.6925337260142754,12.042485654798625
SARIMA,45,6,6,2025-01-01,2025-07-14,2025-07-15,2025-08-13,2025-08-02,18.59375,15.708188474988795,2.885561525011205,2.885561525011205,15.518986353001441
SARIMA,45,6,6,2025-01-01,2025-07-14,2025-07-15,2025-08-13,2025-08-03,15.4609375,13.7584670376351,1.7024704623649,1.7024704623649,11.01143098447232
SARIMA,45,6,6,2025-01-01,2025-07-14,2025-07-15,2025-08-13,2025-08-04,13.875,9.623785443364923,4.251214556635077,4.251214556635077,30.63938419196452
SARIMA,45,6,6,2025-01-01,2025-07-14,2025-07-15,2025-08-13,2025-08-05,12.921875,8.9359747119788,3.9859002880212007,3.9859002880212007,30.846144913344236
SARIMA,45,6,6,2025-01-01,2025-07-14,2025-07-15,2025-08-13,2025-08-06,11.60546875,9.579049784736796,2.026418965263204,2.026418965263204,17.460897176283417
SARIMA,45,6,6,2025-01-01,2025-07-14,2025-07-15,2025-08-13,2025-08-07,13.20703125,10.718725131502863,2.488306118497137,2.488306118497137,18.840768007550047
SARIMA,45,6,6,2025-01-01,2025-07-14,2025-07-15,2025-08-13,2025-08-08,14.25390625,12.188913164868818,2.0649930851311815,2.0649930851311815,14.48720827058324
SARIMA,45,6,6,2025-01-01,2025-07-14,2025-07-15,2025-08-13,2025-08-09,16.66015625,15.537629788316256,1.1225264616837443,1.1225264616837443,6.737790719602311
SARIMA,45,6,6,2025-01-01,2025-07-14,2025-07-15,2025-08-13,2025-08-10,12.44921875,13.585579976337282,-1.1363612263372822,1.1363612263372822,9.127972197751625
SARIMA,45,6,6,2025-01-01,2025-07-14,2025-07-15,2025-08-13,2025-08-11,12.37890625,9.450783981924438,2.928122268075562,2.928122268075562,23.654127504807317
SARIMA,45,6,6,2025-01-01,2025-07-14,2025-07-15,2025-08-13,2025-08-12,10.80859375,8.76323539695701,2.0453583530429906,2.0453583530429906,18.923445550379675
SARIMA,45,6,6,2025-01-01,2025-07-14,2025-07-15,2025-08-13,2025-08-13,11.75,9.406288844124939,2.343711155875061,2.343711155875061,19.946477922340947
SARIMA,45,7,7,2025-01-01,2025-08-13,2025-08-14,2025-09-12,2025-08-14,11.91796875,12.432710475260157,-0.5147417252601567,0.5147417252601567,4.319039058230093
SARIMA,45,7,7,2025-01-01,2025-08-13,2025-08-14,2025-09-12,2025-08-15,14.9765625,13.83637688104897,1.1401856189510298,1.1401856189510298,7.6131329799547105
SARIMA,45,7,7,2025-01-01,2025-08-13,2025-08-14,2025-09-12,2025-08-16,15.7109375,17.45075972970345,-1.7398222297034494,1.7398222297034494,11.073955514770836
SARIMA,45,7,7,2025-01-01,2025-08-13,2025-08-14,2025-09-12,2025-08-17,17.4296875,15.256436941589591,2.173250558410409,2.173250558410409,12.468671962193293
SARIMA,45,7,7,2025-01-01,2025-08-13,2025-08-14,2025-09-12,2025-08-18,13.48046875,11.672090045556871,1.808378704443129,1.808378704443129,13.41480580519968
SARIMA,45,7,7,2025-01-01,2025-08-13,2025-08-14,2025-09-12,2025-08-19,13.83984375,11.257204223468772,2.582639526531228,2.582639526531228,18.6609008973185
SARIMA,45,7,7,2025-01-01,2025-08-13,2025-08-14,2025-09-12,2025-08-20,13.26953125,11.648120688124449,1.6214105618755514,1.6214105618755514,12.219049274069507
SARIMA,45,7,7,2025-01-01,2025-08-13,2025-08-14,2025-09-12,2025-08-21,13.02734375,12.411106605231776,0.616237144768224,0.616237144768224,4.730336103768076
SARIMA,45,7,7,2025-01-01,2025-08-13,2025-08-14,2025-09-12,2025-08-22,16.01953125,13.81618493041943,2.20334631958057,2.20334631958057,13.754124794260566
SARIMA,45,7,7,2025-01-01,2025-08-13,2025-08-14,2025-09-12,2025-08-23,26.41015625,17.362068961814405,9.048087288185595,9.048087288185595,34.259877914147495
SARIMA,45,7,7,2025-01-01,2025-08-13,2025-08-14,2025-09-12,2025-08-24,25.89453125,15.032138758487081,10.862392491512919,10.862392491512919,41.948596738984875
SARIMA,45,7,7,2025-01-01,2025-08-13,2025-08-14,2025-09-12,2025-08-25,15.6796875,11.705078520470561,3.974608979529439,3.974608979529439,25.34877675036214
SARIMA,45,7,7,2025-01-01,2025-08-13,2025-08-14,2025-09-12,2025-08-26,12.02734375,11.208598705778819,0.8187450442211812,0.8187450442211812,6.807363797357012
SARIMA,45,7,7,2025-01-01,2025-08-13,2025-08-14,2025-09-12,2025-08-27,11.4609375,11.639671030933037,-0.17873353093303734,0.17873353093303734,1.5595018377252066
SARIMA,45,7,7,2025-01-01,2025-08-13,2025-08-14,2025-09-12,2025-08-28,13.8359375,12.396995083839307,1.4389424161606925,1.4389424161606925,10.400035531822057
SARIMA,45,7,7,2025-01-01,2025-08-13,2025-08-14,2025-09-12,2025-08-29,16.3984375,13.801974951615337,2.596462548384663,2.596462548384663,15.833597245985557
SARIMA,45,7,7,2025-01-01,2025-08-13,2025-08-14,2025-09-12,2025-08-30,20.38671875,17.35277369956465,3.0339450504353493,3.0339450504353493,14.881968440533615
SARIMA,45,7,7,2025-01-01,2025-08-13,2025-08-14,2025-09-12,2025-08-31,19.58203125,15.032594404782335,4.549436845217665,4.549436845217665,23.232711597361305
SARIMA,45,7,7,2025-01-01,2025-08-13,2025-08-14,2025-09-12,2025-09-01,23.41015625,11.686998297145319,11.723157952854681,11.723157952854681,50.07723070133152
SARIMA,45,7,7,2025-01-01,2025-08-13,2025-08-14,2025-09-12,2025-09-02,11.5625,11.196390510554572,0.366109489445428,0.366109489445428,3.1663523411496475
SARIMA,45,7,7,2025-01-01,2025-08-13,2025-08-14,2025-09-12,2025-09-03,13.06640625,11.62456962719922,1.4418366228007802,1.4418366228007802,11.034683869566509
SARIMA,45,7,7,2025-01-01,2025-08-13,2025-08-14,2025-09-12,2025-09-04,11.08984375,12.382300894564933,-1.292457144564933,1.292457144564933,11.654421592413627
SARIMA,45,7,7,2025-01-01,2025-08-13,2025-08-14,2025-09-12,2025-09-05,13.89453125,13.787287717078176,0.10724353292182442,0.10724353292182442,0.7718398770870692
SARIMA,45,7,7,2025-01-01,2025-08-13,2025-08-14,2025-09-12,2025-09-06,19.28515625,17.33773252847254,1.9474237215274606,1.9474237215274606,10.098044818939233
SARIMA,45,7,7,2025-01-01,2025-08-13,2025-08-14,2025-09-12,2025-09-07,19.7109375,15.01685105921929,4.69408644078071,4.69408644078071,23.814627999204554
SARIMA,45,7,7,2025-01-01,2025-08-13,2025-08-14,2025-09-12,2025-09-08,8.5859375,11.67258977228596,-3.08665227228596,3.08665227228596,35.95009015947251
SARIMA,45,7,7,2025-01-01,2025-08-13,2025-08-14,2025-09-12,2025-09-09,11.88671875,11.181559134369442,0.7051596156305582,0.7051596156305582,5.932331961926483
SARIMA,45,7,7,2025-01-01,2025-08-13,2025-08-14,2025-09-12,2025-09-10,9.19921875,11.609946600732371,-2.4107278507323713,2.4107278507323713,26.205788950636393
SARIMA,45,7,7,2025-01-01,2025-08-13,2025-08-14,2025-09-12,2025-09-11,12.69921875,12.367648545029962,0.3315702049700384,0.3315702049700384,2.6109496300316772
SARIMA,45,7,7,2025-01-01,2025-08-13,2025-08-14,2025-09-12,2025-09-12,13.2421875,13.77263486720873,-0.5304473672087298,0.5304473672087298,4.005738230248815
SARIMA,45,8,8,2025-01-01,2025-09-12,2025-09-13,2025-10-12,2025-09-13,18.23046875,18.258889712829813,-0.02842096282981288,0.02842096282981288,0.15589814622738585
SARIMA,45,8,8,2025-01-01,2025-09-12,2025-09-13,2025-10-12,2025-09-14,15.44140625,16.8106383461018,-1.3692320961018005,1.3692320961018005,8.867275906958284
SARIMA,45,8,8,2025-01-01,2025-09-12,2025-09-13,2025-10-12,2025-09-15,10.828125,12.271827304484246,-1.4437023044842459,1.4437023044842459,13.332892855265763
SARIMA,45,8,8,2025-01-01,2025-09-12,2025-09-13,2025-10-12,2025-09-16,11.87890625,11.54307069013734,0.33583555986266056,0.33583555986266056,2.8271589386662646
SARIMA,45,8,8,2025-01-01,2025-09-12,2025-09-13,2025-10-12,2025-09-17,9.30859375,11.892463429799577,-2.5838696797995766,2.5838696797995766,27.7578950074986
SARIMA,45,8,8,2025-01-01,2025-09-12,2025-09-13,2025-10-12,2025-09-18,12.50390625,12.608651889125271,-0.10474563912527124,0.10474563912527124,0.8377033307113226
SARIMA,45,8,8,2025-01-01,2025-09-12,2025-09-13,2025-10-12,2025-09-19,16.0859375,14.73025023744841,1.3556872625515908,1.3556872625515908,8.427778999835049
SARIMA,45,8,8,2025-01-01,2025-09-12,2025-09-13,2025-10-12,2025-09-20,18.859375,18.38675824753728,0.47261675246272006,0.47261675246272006,2.5060043212604874
SARIMA,45,8,8,2025-01-01,2025-09-12,2025-09-13,2025-10-12,2025-09-21,18.55859375,16.60267820617318,1.9559155438268192,1.9559155438268192,10.539136586395827
SARIMA,45,8,8,2025-01-01,2025-09-12,2025-09-13,2025-10-12,2025-09-22,10.22265625,12.04182193669768,-1.81916568669768,1.81916568669768,17.795430485082385
SARIMA,45,8,8,2025-01-01,2025-09-12,2025-09-13,2025-10-12,2025-09-23,9.7109375,11.36983698357041,-1.6588994835704103,1.6588994835704103,17.082794360177996
SARIMA,45,8,8,2025-01-01,2025-09-12,2025-09-13,2025-10-12,2025-09-24,9.390625,11.780697696087822,-2.390072696087822,2.390072696087822,25.451689276143195
SARIMA,45,8,8,2025-01-01,2025-09-12,2025-09-13,2025-10-12,2025-09-25,9.78515625,12.545997392423637,-2.7608411424236365,2.7608411424236365,28.21458413015772
SARIMA,45,8,8,2025-01-01,2025-09-12,2025-09-13,2025-10-12,2025-09-26,15.32421875,14.702247431246535,0.6219713187534648,0.6219713187534648,4.058747326048611
SARIMA,45,8,8,2025-01-01,2025-09-12,2025-09-13,2025-10-12,2025-09-27,18.71484375,18.38244838377024,0.3323953662297612,0.3323953662297612,1.7761054843418673
SARIMA,45,8,8,2025-01-01,2025-09-12,2025-09-13,2025-10-12,2025-09-28,17.06640625,16.614009129927503,0.4523971200724972,0.4523971200724972,2.650804823496436
SARIMA,45,8,8,2025-01-01,2025-09-12,2025-09-13,2025-10-12,2025-09-29,11.71484375,12.063362315501164,-0.34851856550116445,0.34851856550116445,2.975016764531447
SARIMA,45,8,8,2025-01-01,2025-09-12,2025-09-13,2025-10-12,2025-09-30,11.19140625,11.398000695818963,-0.20659444581896302,0.20659444581896302,1.846009707841345
SARIMA,45,8,8,2025-01-01,2025-09-12,2025-09-13,2025-10-12,2025-10-01,9.77734375,11.81314382703862,-2.035800077038621,2.035800077038621,20.821606860642706
SARIMA,45,8,8,2025-01-01,2025-09-12,2025-09-13,2025-10-12,2025-10-02,10.85546875,12.581207137277177,-1.7257383872771772,1.7257383872771772,15.897410116695118
SARIMA,45,8,8,2025-01-01,2025-09-12,2025-09-13,2025-10-12,2025-10-03,14.015625,14.739238819764651,-0.7236138197646511,0.7236138197646511,5.162907967105649
SARIMA,45,8,8,2025-01-01,2025-09-12,2025-09-13,2025-10-12,2025-10-04,20.60546875,18.420587658714624,2.1848810912853764,2.1848810912853764,10.603403969081636
SARIMA,45,8,8,2025-01-01,2025-09-12,2025-09-13,2025-10-12,2025-10-05,18.5234375,16.652887742088637,1.8705497579113626,1.8705497579113626,10.098286335413514
SARIMA,45,8,8,2025-01-01,2025-09-12,2025-09-13,2025-10-12,2025-10-06,10.6640625,12.102717035811246,-1.4386545358112457,1.4386545358112457,13.490679896251976
SARIMA,45,8,8,2025-01-01,2025-09-12,2025-09-13,2025-10-12,2025-10-07,11.9296875,11.437661981795788,0.4920255182042119,0.4920255182042119,4.124378934521227
SARIMA,45,8,8,2025-01-01,2025-09-12,2025-09-13,2025-10-12,2025-10-08,12.04296875,11.853002498902633,0.18996625109736698,0.18996625109736698,1.5774038365529015
SARIMA,45,8,8,2025-01-01,2025-09-12,2025-09-13,2025-10-12,2025-10-09,12.76171875,12.621192894205498,0.14052585579450216,0.14052585579450216,1.1011514870949666
SARIMA,45,8,8,2025-01-01,2025-09-12,2025-09-13,2025-10-12,2025-10-10,15.87890625,14.779306397726474,1.099599852273526,1.099599852273526,6.924909278770546
SARIMA,45,8,8,2025-01-01,2025-09-12,2025-09-13,2025-10-12,2025-10-11,21.76171875,18.460707914881972,3.301010835118028,3.301010835118028,15.168888418420662
SARIMA,45,8,8,2025-01-01,2025-09-12,2025-09-13,2025-10-12,2025-10-12,16.6328125,16.69304191346301,-0.06022941346300925,0.06022941346300925,0.3621120208203469
SARIMA,45,9,9,2025-01-01,2025-10-12,2025-10-13,2025-11-11,2025-10-13,11.2578125,12.191110168548379,-0.9332976685483789,0.9332976685483789,8.290222177251389
SARIMA,45,9,9,2025-01-01,2025-10-12,2025-10-13,2025-11-11,2025-10-14,11.03515625,11.790101277641307,-0.7549450276413072,0.7549450276413072,6.841271754908837
SARIMA,45,9,9,2025-01-01,2025-10-12,2025-10-13,2025-11-11,2025-10-15,10.23828125,12.152387174530977,-1.9141059245309773,1.9141059245309773,18.695578660050753
SARIMA,45,9,9,2025-01-01,2025-10-12,2025-10-13,2025-11-11,2025-10-16,13.40625,13.035048371949282,0.3712016280507182,0.3712016280507182,2.7688699528258702
SARIMA,45,9,9,2025-01-01,2025-10-12,2025-10-13,2025-11-11,2025-10-17,17.51171875,15.39202108864024,2.1196976613597602,2.1196976613597602,12.104452404820403
SARIMA,45,9,9,2025-01-01,2025-10-12,2025-10-13,2025-11-11,2025-10-18,18.5390625,19.187639650988437,-0.6485771509884373,0.6485771509884373,3.4984355384121355
SARIMA,45,9,9,2025-01-01,2025-10-12,2025-10-13,2025-11-11,2025-10-19,15.17578125,17.348054194294676,-2.1722729442946758,2.1722729442946758,14.314076544129653
SARIMA,45,9,9,2025-01-01,2025-10-12,2025-10-13,2025-11-11,2025-10-20,10.79296875,12.613214830793057,-1.8202460807930567,1.8202460807930567,16.86511026721037
SARIMA,45,9,9,2025-01-01,2025-10-12,2025-10-13,2025-11-11,2025-10-21,13.44921875,12.056763410742734,1.3924553392572658,1.3924553392572658,10.353429185299449
SARIMA,45,9,9,2025-01-01,2025-10-12,2025-10-13,2025-11-11,2025-10-22,11.66796875,12.332564320472907,-0.6645955704729065,0.6645955704729065,5.695897758321529
SARIMA,45,9,9,2025-01-01,2025-10-12,2025-10-13,2025-11-11,2025-10-23,12.23828125,13.165380714385087,-0.927099464385087,0.927099464385087,7.575405773462568
SARIMA,45,9,9,2025-01-01,2025-10-12,2025-10-13,2025-11-11,2025-10-24,14.52734375,15.492915183113986,-0.9655714331139862,0.9655714331139862,6.646579372873903
SARIMA,45,9,9,2025-01-01,2025-10-12,2025-10-13,2025-11-11,2025-10-25,19.265625,19.27089077443462,-0.005265774434619175,0.005265774434619175,0.027332486927463685
SARIMA,45,9,9,2025-01-01,2025-10-12,2025-10-13,2025-11-11,2025-10-26,19.89453125,17.420344539430268,2.4741867105697324,2.4741867105697324,12.436516746629717
SARIMA,45,9,9,2025-01-01,2025-10-12,2025-10-13,2025-11-11,2025-10-27,9.4921875,12.678889708941991,-3.186702208941991,3.186702208941991,33.57184220119957
SARIMA,45,9,9,2025-01-01,2025-10-12,2025-10-13,2025-11-11,2025-10-28,12.7578125,12.118358811607091,0.6394536883929085,0.6394536883929085,5.012251813490036
SARIMA,45,9,9,2025-01-01,2025-10-12,2025-10-13,2025-11-11,2025-10-29,9.73828125,12.391636886133389,-2.653355636133389,2.653355636133389,27.246652340559468
SARIMA,45,9,9,2025-01-01,2025-10-12,2025-10-13,2025-11-11,2025-10-30,9.109375,13.222890323277516,-4.113515323277516,4.113515323277516,45.156943514538774
SARIMA,45,9,9,2025-01-01,2025-10-12,2025-10-13,2025-11-11,2025-10-31,13.49609375,15.549455430878481,-2.0533616808784814,2.0533616808784814,15.214488865554015
SARIMA,45,9,9,2025-01-01,2025-10-12,2025-10-13,2025-11-11,2025-11-01,21.05078125,19.326829401367114,1.7239518486328862,1.7239518486328862,8.189491060493948
SARIMA,45,9,9,2025-01-01,2025-10-12,2025-10-13,2025-11-11,2025-11-02,19.015625,17.475909633361134,1.539715366638866,1.539715366638866,8.09710628306388
SARIMA,45,9,9,2025-01-01,2025-10-12,2025-10-13,2025-11-11,2025-11-03,12.2890625,12.734222812361619,-0.4451603123616188,0.4451603123616188,3.6224106791028103
SARIMA,45,9,9,2025-01-01,2025-10-12,2025-10-13,2025-11-11,2025-11-04,15.23046875,12.173547812580912,3.056920937419088,3.056920937419088,20.07108899664751
SARIMA,45,9,9,2025-01-01,2025-10-12,2025-10-13,2025-11-11,2025-11-05,10.9765625,12.446736368012505,-1.4701738680125054,1.4701738680125054,13.393754811786525
SARIMA,45,9,9,2025-01-01,2025-10-12,2025-10-13,2025-11-11,2025-11-06,12.0625,13.277934190833776,-1.2154341908337756,1.2154341908337756,10.07613836960643
SARIMA,45,9,9,2025-01-01,2025-10-12,2025-10-13,2025-11-11,2025-11-07,13.328125,15.604464746365954,-2.276339746365954,2.276339746365954,17.07921966792744
SARIMA,45,9,9,2025-01-01,2025-10-12,2025-10-13,2025-11-11,2025-11-08,19.1171875,19.381817249843166,-0.26462974984316645,0.26462974984316645,1.3842504282764736
SARIMA,45,9,9,2025-01-01,2025-10-12,2025-10-13,2025-11-11,2025-11-09,17.85546875,17.530884144307905,0.32458460569209535,0.32458460569209535,1.8178442147708689
SARIMA,45,9,9,2025-01-01,2025-10-12,2025-10-13,2025-11-11,2025-11-10,11.03515625,12.789189036581838,-1.7540327865818384,1.7540327865818384,15.894951977520378
SARIMA,45,9,9,2025-01-01,2025-10-12,2025-10-13,2025-11-11,2025-11-11,10.47265625,12.228508888155298,-1.7558526381552984,1.7558526381552984,16.76606771233705
SARIMA,45,10,10,2025-01-01,2025-10-13,2025-10-14,2025-11-12,2025-10-14,11.03515625,11.430370908423678,-0.39521465842367753,0.39521465842367753,3.581414249786246
SARIMA,45,10,10,2025-01-01,2025-10-13,2025-10-14,2025-11-12,2025-10-15,10.23828125,11.969989442319758,-1.7317081923197577,1.7317081923197577,16.914051783054482
SARIMA,45,10,10,2025-01-01,2025-10-13,2025-10-14,2025-11-12,2025-10-16,13.40625,12.894214230868071,0.5120357691319288,0.5120357691319288,3.819381028489912
SARIMA,45,10,10,2025-01-01,2025-10-13,2025-10-14,2025-11-12,2025-10-17,17.51171875,15.251005741184967,2.260713008815033,2.260713008815033,12.909715151832444
SARIMA,45,10,10,2025-01-01,2025-10-13,2025-10-14,2025-11-12,2025-10-18,18.5390625,19.036416749228025,-0.4973542492280245,0.4973542492280245,2.682736784710794
SARIMA,45,10,10,2025-01-01,2025-10-13,2025-10-14,2025-11-12,2025-10-19,15.17578125,17.18655858250526,-2.01077733250526,2.01077733250526,13.249909835813295
SARIMA,45,10,10,2025-01-01,2025-10-13,2025-10-14,2025-11-12,2025-10-20,10.79296875,12.421050132765707,-1.628081382765707,1.628081382765707,15.084648352805683
SARIMA,45,10,10,2025-01-01,2025-10-13,2025-10-14,2025-11-12,2025-10-21,13.44921875,11.872994109377993,1.5762246406220068,1.5762246406220068,11.719823061261508
SARIMA,45,10,10,2025-01-01,2025-10-13,2025-10-14,2025-11-12,2025-10-22,11.66796875,12.149393378673649,-0.48142462867364877,0.48142462867364877,4.126036322077472
SARIMA,45,10,10,2025-01-01,2025-10-13,2025-10-14,2025-11-12,2025-10-23,12.23828125,12.980670952643717,-0.7423897026437167,0.7423897026437167,6.066127158531486
SARIMA,45,10,10,2025-01-01,2025-10-13,2025-10-14,2025-11-12,2025-10-24,14.52734375,15.306768570733198,-0.7794248207331975,0.7794248207331975,5.365225977620289
SARIMA,45,10,10,2025-01-01,2025-10-13,2025-10-14,2025-11-12,2025-10-25,19.265625,19.08353094297717,0.1820940570228302,0.1820940570228302,0.945175965082006
SARIMA,45,10,10,2025-01-01,2025-10-13,2025-10-14,2025-11-12,2025-10-26,19.89453125,17.232055288321177,2.6624759616788225,2.6624759616788225,13.382953979771816
SARIMA,45,10,10,2025-01-01,2025-10-13,2025-10-14,2025-11-12,2025-10-27,9.4921875,12.467133323682978,-2.9749458236829778,2.9749458236829778,31.34099303962314
SARIMA,45,10,10,2025-01-01,2025-10-13,2025-10-14,2025-11-12,2025-10-28,12.7578125,11.920081025784869,0.837731474215131,0.837731474215131,6.56641939372546
SARIMA,45,10,10,2025-01-01,2025-10-13,2025-10-14,2025-11-12,2025-10-29,9.73828125,12.197323688187915,-2.4590424381879146,2.4590424381879146,25.251298202009874
SARIMA,45,10,10,2025-01-01,2025-10-13,2025-10-14,2025-11-12,2025-10-30,9.109375,13.029211404925217,-3.919836404925217,3.919836404925217,43.03079415355298
SARIMA,45,10,10,2025-01-01,2025-10-13,2025-10-14,2025-11-12,2025-10-31,13.49609375,15.355722369944727,-1.8596286199447274,1.8596286199447274,13.779013797564405
SARIMA,45,10,10,2025-01-01,2025-10-13,2025-10-14,2025-11-12,2025-11-01,21.05078125,19.13275548937532,1.9180257606246798,1.9180257606246798,9.111423171644423
SARIMA,45,10,10,2025-01-01,2025-10-13,2025-10-14,2025-11-12,2025-11-02,19.015625,17.281453913768786,1.734171086231214,1.734171086231214,9.119716476482967
SARIMA,45,10,10,2025-01-01,2025-10-13,2025-10-14,2025-11-12,2025-11-03,12.2890625,12.51664266860407,-0.22758016860407082,0.22758016860407082,1.851892026784556
SARIMA,45,10,10,2025-01-01,2025-10-13,2025-10-14,2025-11-12,2025-11-04,15.23046875,11.96966034603469,3.26080840396531,3.26080840396531,21.40977049025697
SARIMA,45,10,10,2025-01-01,2025-10-13,2025-10-14,2025-11-12,2025-11-05,10.9765625,12.246947067698741,-1.2703845676987413,1.2703845676987413,11.573610296472518
SARIMA,45,10,10,2025-01-01,2025-10-13,2025-10-14,2025-11-12,2025-11-06,12.0625,13.078862462421545,-1.0163624624215455,1.0163624624215455,8.425802797277061
SARIMA,45,10,10,2025-01-01,2025-10-13,2025-10-14,2025-11-12,2025-11-07,13.328125,15.405390790603894,-2.077265790603894,2.077265790603894,15.585581547321128
SARIMA,45,10,10,2025-01-01,2025-10-13,2025-10-14,2025-11-12,2025-11-08,19.1171875,19.18243479323904,-0.06524729323903955,0.06524729323903955,0.34130173823445287
SARIMA,45,10,10,2025-01-01,2025-10-13,2025-10-14,2025-11-12,2025-11-09,17.85546875,17.331140035705207,0.5243287142947928,0.5243287142947928,2.936516098435068
SARIMA,45,10,10,2025-01-01,2025-10-13,2025-10-14,2025-11-12,2025-11-10,11.03515625,12.566333060566702,-1.531176810566702,1.531176810566702,13.875442955931886
SARIMA,45,10,10,2025-01-01,2025-10-13,2025-10-14,2025-11-12,2025-11-11,10.47265625,12.019353411721047,-1.5466971617210472,1.5466971617210472,14.768909862013729
SARIMA,45,10,10,2025-01-01,2025-10-13,2025-10-14,2025-11-12,2025-11-12,9.6953125,12.2966418073714,-2.6013293073713992,2.6013293073713992,26.83079382300879
Prophet,45,1,1,2025-01-01,2025-02-14,2025-02-15,2025-03-16,2025-02-15,13.20703125,18.02841506506872,-4.821383815068721,4.821383815068721,36.50618919425
Prophet,45,1,1,2025-01-01,2025-02-14,2025-02-15,2025-03-16,2025-02-16,13.00390625,15.525231212848784,-2.5213249628487837,2.5213249628487837,19.38898139048629
Prophet,45,1,1,2025-01-01,2025-02-14,2025-02-15,2025-03-16,2025-02-17,9.2421875,11.713446941603403,-2.4712594416034026,2.4712594416034026,26.738901819546534
Prophet,45,1,1,2025-01-01,2025-02-14,2025-02-15,2025-03-16,2025-02-18,9.37890625,10.125866126525805,-0.7469598765258052,0.7469598765258052,7.964253577284721
Prophet,45,1,1,2025-01-01,2025-02-14,2025-02-15,2025-03-16,2025-02-19,9.0703125,11.178315133059487,-2.1080026330594865,2.1080026330594865,23.24068363752061
Prophet,45,1,1,2025-01-01,2025-02-14,2025-02-15,2025-03-16,2025-02-20,10.89453125,10.781344740997207,0.11318650900279259,0.11318650900279259,1.0389295914203982
Prophet,45,1,1,2025-01-01,2025-02-14,2025-02-15,2025-03-16,2025-02-21,10.4609375,14.594234768232864,-4.133297268232864,4.133297268232864,39.51172892709534
Prophet,45,1,1,2025-01-01,2025-02-14,2025-02-15,2025-03-16,2025-02-22,17.296875,18.342753378928773,-1.045878378928773,1.045878378928773,6.046632001033556
Prophet,45,1,1,2025-01-01,2025-02-14,2025-02-15,2025-03-16,2025-02-23,19.20703125,15.795252152897225,3.411779097102775,3.411779097102775,17.76317772744174
Prophet,45,1,1,2025-01-01,2025-02-14,2025-02-15,2025-03-16,2025-02-24,8.99609375,11.916666901360617,-2.9205731513606175,2.9205731513606175,32.46490346280148
Prophet,45,1,1,2025-01-01,2025-02-14,2025-02-15,2025-03-16,2025-02-25,10.953125,10.301108357587495,0.6520166424125051,0.6520166424125051,5.952791029158392
Prophet,45,1,1,2025-01-01,2025-02-14,2025-02-15,2025-03-16,2025-02-26,9.31640625,11.371294350899394,-2.0548881008993938,2.0548881008993938,22.056660537955757
Prophet,45,1,1,2025-01-01,2025-02-14,2025-02-15,2025-03-16,2025-02-27,11.63671875,10.967012873106196,0.6697058768938042,0.6697058768938042,5.75510924756005
Prophet,45,1,1,2025-01-01,2025-02-14,2025-02-15,2025-03-16,2025-02-28,14.5390625,14.844948796068621,-0.3058862960686213,0.3058862960686213,2.103892847758384
Prophet,45,1,1,2025-01-01,2025-02-14,2025-02-15,2025-03-16,2025-03-01,15.1796875,18.65709169278337,-3.4774041927833714,3.4774041927833714,22.908272602999048
Prophet,45,1,1,2025-01-01,2025-02-14,2025-02-15,2025-03-16,2025-03-02,12.4921875,16.06527309294775,-3.5730855929477485,3.5730855929477485,28.60256134442225
Prophet,45,1,1,2025-01-01,2025-02-14,2025-02-15,2025-03-16,2025-03-03,8.95703125,12.119886861132422,-3.1628556111324215,3.1628556111324215,35.31142766898822
Prophet,45,1,1,2025-01-01,2025-02-14,2025-02-15,2025-03-16,2025-03-04,11.60546875,10.47635058864703,1.1291181613529702,1.1291181613529702,9.729190484899371
Prophet,45,1,1,2025-01-01,2025-02-14,2025-02-15,2025-03-16,2025-03-05,8.8046875,11.56427356873669,-2.7595860687366898,2.7595860687366898,31.34223751537678
Prophet,45,1,1,2025-01-01,2025-02-14,2025-02-15,2025-03-16,2025-03-06,7.66015625,11.152681005223343,-3.492524755223343,3.492524755223343,45.5933879315235
Prophet,45,1,1,2025-01-01,2025-02-14,2025-02-15,2025-03-16,2025-03-07,12.19140625,15.095662823907343,-2.904256573907343,2.904256573907343,23.822162221091954
Prophet,45,1,1,2025-01-01,2025-02-14,2025-02-15,2025-03-16,2025-03-08,17.12109375,18.971430006640773,-1.850336256640773,1.850336256640773,10.807348430299747
Prophet,45,1,1,2025-01-01,2025-02-14,2025-02-15,2025-03-16,2025-03-09,14.265625,16.33529403299821,-2.0696690329982097,2.0696690329982097,14.5080852258363
Prophet,45,1,1,2025-01-01,2025-02-14,2025-02-15,2025-03-16,2025-03-10,9.5625,12.323106820889672,-2.760606820889672,2.760606820889672,28.86909093740833
Prophet,45,1,1,2025-01-01,2025-02-14,2025-02-15,2025-03-16,2025-03-11,11.87109375,10.651592819708709,1.2195009302912911,1.2195009302912911,10.27286074875191
Prophet,45,1,1,2025-01-01,2025-02-14,2025-02-15,2025-03-16,2025-03-12,12.1171875,11.757252786576613,0.359934713423387,0.359934713423387,2.970447667194941
Prophet,45,1,1,2025-01-01,2025-02-14,2025-02-15,2025-03-16,2025-03-13,12.9140625,11.338349137338184,1.5757133626618156,1.5757133626618156,12.20153118092634
Prophet,45,1,1,2025-01-01,2025-02-14,2025-02-15,2025-03-16,2025-03-14,18.45703125,15.346376851743353,3.1106543982566475,3.1106543982566475,16.85349261277676
Prophet,45,1,1,2025-01-01,2025-02-14,2025-02-15,2025-03-16,2025-03-15,18.71484375,19.28576832049346,-0.5709245704934602,0.5709245704934602,3.050651013281691
Prophet,45,1,1,2025-01-01,2025-02-14,2025-02-15,2025-03-16,2025-03-16,20.37109375,16.605314973044024,3.765778776955976,3.765778776955976,18.48589390030163
Prophet,45,2,2,2025-01-01,2025-03-16,2025-03-17,2025-04-15,2025-03-17,11.1328125,10.837001663477,0.29581083652299967,0.29581083652299967,2.657107864908348
Prophet,45,2,2,2025-01-01,2025-03-16,2025-03-17,2025-04-15,2025-03-18,15.32421875,10.675183511618068,4.6490352383819324,4.6490352383819324,30.33782872867129
Prophet,45,2,2,2025-01-01,2025-03-16,2025-03-17,2025-04-15,2025-03-19,11.4296875,10.831682556314723,0.598004943685277,0.598004943685277,5.232032316590257
Prophet,45,2,2,2025-01-01,2025-03-16,2025-03-17,2025-04-15,2025-03-20,11.41796875,10.951018816934802,0.46694993306519805,0.46694993306519805,4.089605982370534
Prophet,45,2,2,2025-01-01,2025-03-16,2025-03-17,2025-04-15,2025-03-21,17.328125,14.555763947564438,2.7723610524355617,2.7723610524355617,15.999198138491971
Prophet,45,2,2,2025-01-01,2025-03-16,2025-03-17,2025-04-15,2025-03-22,19.71875,17.649237502209488,2.0695124977905124,2.0695124977905124,10.49515054347011
Prophet,45,2,2,2025-01-01,2025-03-16,2025-03-17,2025-04-15,2025-03-23,18.00390625,16.11294946936194,1.89095678063806,1.89095678063806,10.50303614327063
Prophet,45,2,2,2025-01-01,2025-03-16,2025-03-17,2025-04-15,2025-03-24,9.1953125,10.942896999698021,-1.7475844996980214,1.7475844996980214,19.005167031550275
Prophet,45,2,2,2025-01-01,2025-03-16,2025-03-17,2025-04-15,2025-03-25,12.94140625,10.779352204045233,2.1620540459547666,2.1620540459547666,16.706484629170546
Prophet,45,2,2,2025-01-01,2025-03-16,2025-03-17,2025-04-15,2025-03-26,13.65234375,10.937231234897908,2.715112515102092,2.715112515102092,19.887519423923763
Prophet,45,2,2,2025-01-01,2025-03-16,2025-03-17,2025-04-15,2025-03-27,14.77734375,11.057582017853639,3.7197617321463614,3.7197617321463614,25.17205930292013
Prophet,45,2,2,2025-01-01,2025-03-16,2025-03-17,2025-04-15,2025-03-28,15.93359375,14.697207915293275,1.2363858347067254,1.2363858347067254,7.759616908186362
Prophet,45,2,2,2025-01-01,2025-03-16,2025-03-17,2025-04-15,2025-03-29,21.890625,17.82050419255361,4.07012080744639,4.07012080744639,18.59298584415196
Prophet,45,2,2,2025-01-01,2025-03-16,2025-03-17,2025-04-15,2025-03-30,19.109375,16.26909169627215,2.840283303727851,2.840283303727851,14.863297746409032
Prophet,45,2,2,2025-01-01,2025-03-16,2025-03-17,2025-04-15,2025-03-31,11.83203125,11.048792335931997,0.7832389140680025,0.7832389140680025,6.619648795028348
Prophet,45,2,2,2025-01-01,2025-03-16,2025-03-17,2025-04-15,2025-04-01,11.05859375,10.88352089647447,0.17507285352552948,0.17507285352552948,1.5831384847239685
Prophet,45,2,2,2025-01-01,2025-03-16,2025-03-17,2025-04-15,2025-04-02,12.88671875,11.042779913480382,1.8439388365196177,1.8439388365196177,14.308831226099489
Prophet,45,2,2,2025-01-01,2025-03-16,2025-03-17,2025-04-15,2025-04-03,15.1796875,11.164145218772479,4.015542281227521,4.015542281227521,26.453392279831327
Prophet,45,2,2,2025-01-01,2025-03-16,2025-03-17,2025-04-15,2025-04-04,15.9609375,14.838651883017954,1.1222856169820457,1.1222856169820457,7.031451736353492
Prophet,45,2,2,2025-01-01,2025-03-16,2025-03-17,2025-04-15,2025-04-05,22.37890625,17.991770882896546,4.387135367103454,4.387135367103454,19.603886437048075
Prophet,45,2,2,2025-01-01,2025-03-16,2025-03-17,2025-04-15,2025-04-06,18.0703125,16.425233923202125,1.645078576797875,1.645078576797875,9.10376384911924
Prophet,45,2,2,2025-01-01,2025-03-16,2025-03-17,2025-04-15,2025-04-07,10.953125,11.154687672154163,-0.20156267215416257,0.20156267215416257,1.8402298170993445
Prophet,45,2,2,2025-01-01,2025-03-16,2025-03-17,2025-04-15,2025-04-08,12.00390625,10.987689588899569,1.0162166611004313,1.0162166611004313,8.465716408776778
Prophet,45,2,2,2025-01-01,2025-03-16,2025-03-17,2025-04-15,2025-04-09,12.2734375,11.14832859206023,1.1251089079397705,1.1251089079397705,9.167023565645488
Prophet,45,2,2,2025-01-01,2025-03-16,2025-03-17,2025-04-15,2025-04-10,11.3203125,11.270708419693989,0.049604080306011156,0.049604080306011156,0.43818649269630283
Prophet,45,2,2,2025-01-01,2025-03-16,2025-03-17,2025-04-15,2025-04-11,16.63671875,14.980095850724991,1.6566228992750087,1.6566228992750087,9.957630012078004
Prophet,45,2,2,2025-01-01,2025-03-16,2025-03-17,2025-04-15,2025-04-12,23.734375,18.163037573240718,5.571337426759282,5.571337426759282,23.473706077195132
Prophet,45,2,2,2025-01-01,2025-03-16,2025-03-17,2025-04-15,2025-04-13,25.21484375,16.58137615011238,8.63346759988762,8.63346759988762,34.23962363394625
Prophet,45,2,2,2025-01-01,2025-03-16,2025-03-17,2025-04-15,2025-04-14,14.3359375,11.26058300837629,3.0753544916237097,3.0753544916237097,21.45206402876484
Prophet,45,2,2,2025-01-01,2025-03-16,2025-03-17,2025-04-15,2025-04-15,10.921875,11.09185828132885,-0.1699832813288502,0.1699832813288502,1.5563562238979134
Prophet,45,3,3,2025-01-01,2025-04-15,2025-04-16,2025-05-15,2025-04-16,13.640625,13.54711815587168,0.09350684412832067,0.09350684412832067,0.685502637366841
Prophet,45,3,3,2025-01-01,2025-04-15,2025-04-16,2025-05-15,2025-04-17,15.99609375,13.893775324225235,2.102318425774765,2.102318425774765,13.142698827798288
Prophet,45,3,3,2025-01-01,2025-04-15,2025-04-16,2025-05-15,2025-04-18,20.17578125,18.100617528539455,2.0751637214605445,2.0751637214605445,10.285419413241033
Prophet,45,3,3,2025-01-01,2025-04-15,2025-04-16,2025-05-15,2025-04-19,22.23046875,22.735555165469503,-0.5050864154695027,0.5050864154695027,2.2720457276435195
Prophet,45,3,3,2025-01-01,2025-04-15,2025-04-16,2025-05-15,2025-04-20,11.9765625,20.83893145202297,-8.862368952022969,8.862368952022969,73.99760116496672
Prophet,45,3,3,2025-01-01,2025-04-15,2025-04-16,2025-05-15,2025-04-21,13.4609375,13.368756476524048,0.09218102347595192,0.09218102347595192,0.6848038888521094
Prophet,45,3,3,2025-01-01,2025-04-15,2025-04-16,2025-05-15,2025-04-22,11.8984375,13.678619776980524,-1.7801822769805238,1.7801822769805238,14.961479412574331
Prophet,45,3,3,2025-01-01,2025-04-15,2025-04-16,2025-05-15,2025-04-23,16.4921875,13.986404126432772,2.505783373567228,2.505783373567228,15.193759915518957
Prophet,45,3,3,2025-01-01,2025-04-15,2025-04-16,2025-05-15,2025-04-24,15.3671875,14.342224802484083,1.0249626975159174,1.0249626975159174,6.669813181598243
Prophet,45,3,3,2025-01-01,2025-04-15,2025-04-16,2025-05-15,2025-04-25,15.66015625,18.68216974271474,-3.0220134927147413,3.0220134927147413,19.297467052506207
Prophet,45,3,3,2025-01-01,2025-04-15,2025-04-16,2025-05-15,2025-04-26,21.859375,23.462685235408753,-1.6033102354087525,1.6033102354087525,7.334657259911377
Prophet,45,3,3,2025-01-01,2025-04-15,2025-04-16,2025-05-15,2025-04-27,20.3125,21.50237240016959,-1.189872400169591,1.189872400169591,5.8578333546810635
Prophet,45,3,3,2025-01-01,2025-04-15,2025-04-16,2025-05-15,2025-04-28,14.96875,13.792445397880496,1.1763046021195045,1.1763046021195045,7.858402352364122
Prophet,45,3,3,2025-01-01,2025-04-15,2025-04-16,2025-05-15,2025-04-29,15.859375,14.110175166662234,1.7491998333377659,1.7491998333377659,11.02943737277015
Prophet,45,3,3,2025-01-01,2025-04-15,2025-04-16,2025-05-15,2025-04-30,28.22265625,14.425690097001064,13.796966152998936,13.796966152998936,48.886136126888964
Prophet,45,3,3,2025-01-01,2025-04-15,2025-04-16,2025-05-15,2025-05-01,21.9921875,14.790674280742927,7.201513219257073,7.201513219257073,32.74577946944602
Prophet,45,3,3,2025-01-01,2025-04-15,2025-04-16,2025-05-15,2025-05-02,20.91796875,19.26372195688612,1.654246793113881,1.654246793113881,7.908257311618179
Prophet,45,3,3,2025-01-01,2025-04-15,2025-04-16,2025-05-15,2025-05-03,20.4921875,24.18981530533374,-3.6976278053337417,3.6976278053337417,18.044085363428096
Prophet,45,3,3,2025-01-01,2025-04-15,2025-04-16,2025-05-15,2025-05-04,16.3203125,22.165813348287042,-5.845500848287042,5.845500848287042,35.81733406322362
Prophet,45,3,3,2025-01-01,2025-04-15,2025-04-16,2025-05-15,2025-05-05,14.921875,14.2161343192371,0.7057406807629008,0.7057406807629008,4.729571054327293
Prophet,45,3,3,2025-01-01,2025-04-15,2025-04-16,2025-05-15,2025-05-06,10.0546875,14.541730556343978,-4.487043056343978,4.487043056343978,44.62638004755472
Prophet,45,3,3,2025-01-01,2025-04-15,2025-04-16,2025-05-15,2025-05-07,10.64453125,14.864976067562031,-4.220444817562031,4.220444817562031,39.64894947874789
Prophet,45,3,3,2025-01-01,2025-04-15,2025-04-16,2025-05-15,2025-05-08,16.6484375,15.23912375899649,1.4093137410035101,1.4093137410035101,8.46514119420222
Prophet,45,3,3,2025-01-01,2025-04-15,2025-04-16,2025-05-15,2025-05-09,14.73828125,19.845274171057593,-5.106992921057593,5.106992921057593,34.651210914146404
Prophet,45,3,3,2025-01-01,2025-04-15,2025-04-16,2025-05-15,2025-05-10,22.3515625,24.916945375273038,-2.5653828752730377,2.5653828752730377,11.477420763192898
Prophet,45,3,3,2025-01-01,2025-04-15,2025-04-16,2025-05-15,2025-05-11,21.41015625,22.82925429640744,-1.4190980464074414,1.4190980464074414,6.6281536194180815
Prophet,45,3,3,2025-01-01,2025-04-15,2025-04-16,2025-05-15,2025-05-12,13.95703125,14.639823240593518,-0.6827919905935182,0.6827919905935182,4.892100464370016
Prophet,45,3,3,2025-01-01,2025-04-15,2025-04-16,2025-05-15,2025-05-13,11.1953125,14.973285946028138,-3.7779734460281382,3.7779734460281382,33.746029385317634
Prophet,45,3,3,2025-01-01,2025-04-15,2025-04-16,2025-05-15,2025-05-14,11.15234375,15.304262038126728,-4.151918288126728,4.151918288126728,37.229109693885896
Prophet,45,3,3,2025-01-01,2025-04-15,2025-04-16,2025-05-15,2025-05-15,14.74609375,15.687573237259851,-0.9414794872598513,0.9414794872598513,6.384602615589985
Prophet,45,4,4,2025-01-01,2025-05-15,2025-05-16,2025-06-14,2025-05-16,18.07421875,18.941137367484746,-0.8669186174847461,0.8669186174847461,4.796437563779879
Prophet,45,4,4,2025-01-01,2025-05-15,2025-05-16,2025-06-14,2025-05-17,18.09375,23.54762184121766,-5.453871841217659,5.453871841217659,30.14229687719604
Prophet,45,4,4,2025-01-01,2025-05-15,2025-05-16,2025-06-14,2025-05-18,17.8125,20.84204500268141,-3.0295450026814095,3.0295450026814095,17.00797194487809
Prophet,45,4,4,2025-01-01,2025-05-15,2025-05-16,2025-06-14,2025-05-19,10.21484375,14.297523506958491,-4.082679756958491,4.082679756958491,39.96810775454584
Prophet,45,4,4,2025-01-01,2025-05-15,2025-05-16,2025-06-14,2025-05-20,12.2578125,13.89043961392529,-1.63262711392529,1.63262711392529,13.319073969562595
Prophet,45,4,4,2025-01-01,2025-05-15,2025-05-16,2025-06-14,2025-05-21,10.76171875,15.394369221208759,-4.632650471208759,4.632650471208759,43.047496211595
Prophet,45,4,4,2025-01-01,2025-05-15,2025-05-16,2025-06-14,2025-05-22,12.37109375,15.986992637465391,-3.6158988874653915,3.6158988874653915,29.22861115223051
Prophet,45,4,4,2025-01-01,2025-05-15,2025-05-16,2025-06-14,2025-05-23,11.80078125,19.346394962288944,-7.545613712288944,7.545613712288944,63.941645493080756
Prophet,45,4,4,2025-01-01,2025-05-15,2025-05-16,2025-06-14,2025-05-24,16.109375,24.049902848865486,-7.940527848865486,7.940527848865486,49.29134649150253
Prophet,45,4,4,2025-01-01,2025-05-15,2025-05-16,2025-06-14,2025-05-25,15.21484375,21.285264300487476,-6.070420550487476,6.070420550487476,39.898014401150036
Prophet,45,4,4,2025-01-01,2025-05-15,2025-05-16,2025-06-14,2025-05-26,14.57421875,14.600648528922804,-0.026429778922803848,0.026429778922803848,0.18134611107579163
Prophet,45,4,4,2025-01-01,2025-05-15,2025-05-16,2025-06-14,2025-05-27,10.80859375,14.184044703031015,-3.375450953031015,3.375450953031015,31.229325767110222
Prophet,45,4,4,2025-01-01,2025-05-15,2025-05-16,2025-06-14,2025-05-28,7.69921875,15.718783578942618,-8.019564828942618,8.019564828942618,104.16076084268444
Prophet,45,4,4,2025-01-01,2025-05-15,2025-05-16,2025-06-14,2025-05-29,12.7890625,16.322884481916883,-3.5338219819168835,3.5338219819168835,27.63159521596586
Prophet,45,4,4,2025-01-01,2025-05-15,2025-05-16,2025-06-14,2025-05-30,13.609375,19.751652557071356,-6.142277557071356,6.142277557071356,45.13269387515118
Prophet,45,4,4,2025-01-01,2025-05-15,2025-05-16,2025-06-14,2025-05-31,16.671875,24.552183856519928,-7.880308856519928,7.880308856519928,47.26708217593959
Prophet,45,4,4,2025-01-01,2025-05-15,2025-05-16,2025-06-14,2025-06-01,17.265625,21.728483598292296,-4.462858598292296,4.462858598292296,25.84823079553909
Prophet,45,4,4,2025-01-01,2025-05-15,2025-05-16,2025-06-14,2025-06-02,11.390625,14.903773550885676,-3.513148550885676,3.513148550885676,30.84245641381115
Prophet,45,4,4,2025-01-01,2025-05-15,2025-05-16,2025-06-14,2025-06-03,11.7265625,14.477649792137093,-2.7510872921370932,2.7510872921370932,23.460304689776677
Prophet,45,4,4,2025-01-01,2025-05-15,2025-05-16,2025-06-14,2025-06-04,11.234375,16.04319793667343,-4.80882293667343,4.80882293667343,42.80454352532677
Prophet,45,4,4,2025-01-01,2025-05-15,2025-05-16,2025-06-14,2025-06-05,10.44921875,16.658776326367562,-6.209557576367562,6.209557576367562,59.426046338321335
Prophet,45,4,4,2025-01-01,2025-05-15,2025-05-16,2025-06-14,2025-06-06,13.23046875,20.156910151874285,-6.9264414018742855,6.9264414018742855,52.35219955358185
Prophet,45,4,4,2025-01-01,2025-05-15,2025-05-16,2025-06-14,2025-06-07,17.609375,25.05446486417566,-7.44508986417566,7.44508986417566,42.27912611421848
Prophet,45,4,4,2025-01-01,2025-05-15,2025-05-16,2025-06-14,2025-06-08,15.859375,22.171702896097948,-6.312327896097948,6.312327896097948,39.801870477858984
Prophet,45,4,4,2025-01-01,2025-05-15,2025-05-16,2025-06-14,2025-06-09,11.43359375,15.206898572849742,-3.7733048228497417,3.7733048228497417,33.001914405518754
Prophet,45,4,4,2025-01-01,2025-05-15,2025-05-16,2025-06-14,2025-06-10,9.70703125,14.771254881242935,-5.064223631242935,5.064223631242935,52.17067402809623
Prophet,45,4,4,2025-01-01,2025-05-15,2025-05-16,2025-06-14,2025-06-11,11.69921875,16.367612294407277,-4.668393544407277,4.668393544407277,39.903464018973715
Prophet,45,4,4,2025-01-01,2025-05-15,2025-05-16,2025-06-14,2025-06-12,11.1328125,16.994668170819157,-5.861855670819157,5.861855670819157,52.65386146420015
Prophet,45,4,4,2025-01-01,2025-05-15,2025-05-16,2025-06-14,2025-06-13,12.66796875,20.562167746678558,-7.894198996678558,7.894198996678558,62.31621779678418
Prophet,45,4,4,2025-01-01,2025-05-15,2025-05-16,2025-06-14,2025-06-14,17.33203125,25.556745871828937,-8.224714621828937,8.224714621828937,47.45384140608988
Prophet,45,5,5,2025-01-01,2025-06-14,2025-06-15,2025-07-14,2025-06-15,13.140625,16.053813861489566,-2.913188861489566,2.913188861489566,22.169332596353414
Prophet,45,5,5,2025-01-01,2025-06-14,2025-06-15,2025-07-14,2025-06-16,10.5859375,11.022330177795306,-0.4363926777953058,0.4363926777953058,4.12238101533573
Prophet,45,5,5,2025-01-01,2025-06-14,2025-06-15,2025-07-14,2025-06-17,10.41796875,10.634973204232757,-0.21700445423275738,0.21700445423275738,2.082982387835991
Prophet,45,5,5,2025-01-01,2025-06-14,2025-06-15,2025-07-14,2025-06-18,10.4921875,11.367605759145148,-0.8754182591451478,0.8754182591451478,8.34352473347572
Prophet,45,5,5,2025-01-01,2025-06-14,2025-06-15,2025-07-14,2025-06-19,15.37890625,11.89530346043138,3.4836027895686197,3.4836027895686197,22.651824082539157
Prophet,45,5,5,2025-01-01,2025-06-14,2025-06-15,2025-07-14,2025-06-20,13.1015625,14.137858882562181,-1.0362963825621812,1.0362963825621812,7.909715979007704
Prophet,45,5,5,2025-01-01,2025-06-14,2025-06-15,2025-07-14,2025-06-21,13.66796875,17.478543939797007,-3.8105751897970066,3.8105751897970066,27.87960127430791
Prophet,45,5,5,2025-01-01,2025-06-14,2025-06-15,2025-07-14,2025-06-22,15.90234375,15.658166397321196,0.24417735267880403,0.24417735267880403,1.5354802821364244
Prophet,45,5,5,2025-01-01,2025-06-14,2025-06-15,2025-07-14,2025-06-23,11.78515625,10.74972424128469,1.0354320087153095,1.0354320087153095,8.785899709350986
Prophet,45,5,5,2025-01-01,2025-06-14,2025-06-15,2025-07-14,2025-06-24,11.30078125,10.371014830618655,0.9297664193813446,0.9297664193813446,8.227452587681446
Prophet,45,5,5,2025-01-01,2025-06-14,2025-06-15,2025-07-14,2025-06-25,11.765625,11.084459610940552,0.6811653890594478,0.6811653890594478,5.789453505950154
Prophet,45,5,5,2025-01-01,2025-06-14,2025-06-15,2025-07-14,2025-06-26,10.85546875,11.597955276598743,-0.7424865265987428,0.7424865265987428,6.839746340744086
Prophet,45,5,5,2025-01-01,2025-06-14,2025-06-15,2025-07-14,2025-06-27,13.60546875,13.783186759311786,-0.1777180093117856,0.1777180093117856,1.306224817221278
Prophet,45,5,5,2025-01-01,2025-06-14,2025-06-15,2025-07-14,2025-06-28,15.6328125,17.038487998305804,-1.4056754983058042,1.4056754983058042,8.991827275519388
Prophet,45,5,5,2025-01-01,2025-06-14,2025-06-15,2025-07-14,2025-06-29,17.41796875,15.26251893315173,2.15544981684827,2.15544981684827,12.374863267843846
Prophet,45,5,5,2025-01-01,2025-06-14,2025-06-15,2025-07-14,2025-06-30,14.37890625,10.477118304773391,3.9017879452266087,3.9017879452266087,27.135498885574894
Prophet,45,5,5,2025-01-01,2025-06-14,2025-06-15,2025-07-14,2025-07-01,11.33984375,10.107056456999796,1.2327872930002037,1.2327872930002037,10.871289941717263
Prophet,45,5,5,2025-01-01,2025-06-14,2025-06-15,2025-07-14,2025-07-02,9.7421875,10.801313462734896,-1.0591259627348961,1.0591259627348961,10.871541558144884
Prophet,45,5,5,2025-01-01,2025-06-14,2025-06-15,2025-07-14,2025-07-03,13.31640625,11.300607092768166,2.015799157231834,2.015799157231834,15.137711477012306
Prophet,45,5,5,2025-01-01,2025-06-14,2025-06-15,2025-07-14,2025-07-04,13.86328125,13.428514636058384,0.43476661394161553,0.43476661394161553,3.1361018080882945
Prophet,45,5,5,2025-01-01,2025-06-14,2025-06-15,2025-07-14,2025-07-05,14.7578125,16.598432056813046,-1.8406195568130457,1.8406195568130457,12.472170633778182
Prophet,45,5,5,2025-01-01,2025-06-14,2025-06-15,2025-07-14,2025-07-06,9.4765625,14.866871468984924,-5.3903089689849235,5.3903089689849235,56.88042440478732
Prophet,45,5,5,2025-01-01,2025-06-14,2025-06-15,2025-07-14,2025-07-07,8.96484375,10.204512368262217,-1.2396686182622165,1.2396686182622165,13.828111820266992
Prophet,45,5,5,2025-01-01,2025-06-14,2025-06-15,2025-07-14,2025-07-08,9.6875,9.843098083385872,-0.1555980833858719,0.1555980833858719,1.6061737639831937
Prophet,45,5,5,2025-01-01,2025-06-14,2025-06-15,2025-07-14,2025-07-09,12.1484375,10.518167314529242,1.6302701854707582,1.6302701854707582,13.419587378794665
Prophet,45,5,5,2025-01-01,2025-06-14,2025-06-15,2025-07-14,2025-07-10,11.09765625,11.003258908939678,0.09439734106032205,0.09439734106032205,0.8506061003675622
Prophet,45,5,5,2025-01-01,2025-06-14,2025-06-15,2025-07-14,2025-07-11,12.33203125,13.07384251280624,-0.7418112628062392,0.7418112628062392,6.015320978093039
Prophet,45,5,5,2025-01-01,2025-06-14,2025-06-15,2025-07-14,2025-07-12,18.7734375,16.15837611531667,2.6150613846833295,2.6150613846833295,13.929582074051858
Prophet,45,5,5,2025-01-01,2025-06-14,2025-06-15,2025-07-14,2025-07-13,14.00390625,14.471224004832983,-0.4673177548329832,0.4673177548329832,3.3370528657529626
Prophet,45,5,5,2025-01-01,2025-06-14,2025-06-15,2025-07-14,2025-07-14,9.69921875,9.931906431751173,-0.23268768175117316,0.23268768175117316,2.3990353011800374
Prophet,45,6,6,2025-01-01,2025-07-14,2025-07-15,2025-08-13,2025-07-15,11.79296875,9.498608810481349,2.2943599395186514,2.2943599395186514,19.455321116819302
Prophet,45,6,6,2025-01-01,2025-07-14,2025-07-15,2025-08-13,2025-07-16,11.625,10.102505805643837,1.5224941943561632,1.5224941943561632,13.096724252526135
Prophet,45,6,6,2025-01-01,2025-07-14,2025-07-15,2025-08-13,2025-07-17,11.20703125,10.692506401651665,0.5145248483483353,0.5145248483483353,4.591089619281068
Prophet,45,6,6,2025-01-01,2025-07-14,2025-07-15,2025-08-13,2025-07-18,12.76953125,12.490608471215186,0.2789227787848141,0.2789227787848141,2.184283614833662
Prophet,45,6,6,2025-01-01,2025-07-14,2025-07-15,2025-08-13,2025-07-19,16.83984375,15.348779366508975,1.4910643834910253,1.4910643834910253,8.854383720104442
Prophet,45,6,6,2025-01-01,2025-07-14,2025-07-15,2025-08-13,2025-07-20,15.55859375,13.679159833057744,1.879433916942256,1.879433916942256,12.079715860839006
Prophet,45,6,6,2025-01-01,2025-07-14,2025-07-15,2025-08-13,2025-07-21,10.421875,9.591590006067115,0.8302849939328851,0.8302849939328851,7.9667525654729605
Prophet,45,6,6,2025-01-01,2025-07-14,2025-07-15,2025-08-13,2025-07-22,12.03125,9.213630036627228,2.8176199633727723,2.8176199633727723,23.41917891634512
Prophet,45,6,6,2025-01-01,2025-07-14,2025-07-15,2025-08-13,2025-07-23,12.75390625,9.798104145549994,2.9558021044500062,2.9558021044500062,23.175661217127157
Prophet,45,6,6,2025-01-01,2025-07-14,2025-07-15,2025-08-13,2025-07-24,10.875,10.368934448680639,0.5060655513193613,0.5060655513193613,4.653476333971138
Prophet,45,6,6,2025-01-01,2025-07-14,2025-07-15,2025-08-13,2025-07-25,12.4609375,12.110981983891852,0.3499555161081478,0.3499555161081478,2.8084204427487722
Prophet,45,6,6,2025-01-01,2025-07-14,2025-07-15,2025-08-13,2025-07-26,17.00390625,14.88025033993947,2.1236559100605295,2.1236559100605295,12.489223822088112
Prophet,45,6,6,2025-01-01,2025-07-14,2025-07-15,2025-08-13,2025-07-27,14.58203125,13.259767884663022,1.322263365336978,1.322263365336978,9.067758412168935
Prophet,45,6,6,2025-01-01,2025-07-14,2025-07-15,2025-08-13,2025-07-28,12.27734375,9.296225973824834,2.981117776175166,2.981117776175166,24.281455637952355
Prophet,45,6,6,2025-01-01,2025-07-14,2025-07-15,2025-08-13,2025-07-29,11.1640625,8.928651262773059,2.2354112372269412,2.2354112372269412,20.02327770224272
Prophet,45,6,6,2025-01-01,2025-07-14,2025-07-15,2025-08-13,2025-07-30,11.828125,9.493702485458405,2.334422514541595,2.334422514541595,19.736200915543208
Prophet,45,6,6,2025-01-01,2025-07-14,2025-07-15,2025-08-13,2025-07-31,12.734375,10.045362495708254,2.689012504291746,2.689012504291746,21.11617181284316
Prophet,45,6,6,2025-01-01,2025-07-14,2025-07-15,2025-08-13,2025-08-01,14.0546875,11.731355496567266,2.323332003432734,2.323332003432734,16.530655722033906
Prophet,45,6,6,2025-01-01,2025-07-14,2025-07-15,2025-08-13,2025-08-02,18.59375,14.41172131336855,4.182028686631449,4.182028686631449,22.491582852471662
Prophet,45,6,6,2025-01-01,2025-07-14,2025-07-15,2025-08-13,2025-08-03,15.4609375,12.840375936268535,2.6205615637314654,2.6205615637314654,16.949564434443033
Prophet,45,6,6,2025-01-01,2025-07-14,2025-07-15,2025-08-13,2025-08-04,13.875,9.000861941572806,4.874138058427194,4.874138058427194,35.128922943619415
Prophet,45,6,6,2025-01-01,2025-07-14,2025-07-15,2025-08-13,2025-08-05,12.921875,8.643672488918837,4.2782025110811635,4.2782025110811635,33.10821773992678
Prophet,45,6,6,2025-01-01,2025-07-14,2025-07-15,2025-08-13,2025-08-06,11.60546875,9.189300825366553,2.416167924633447,2.416167924633447,20.81921873800614
Prophet,45,6,6,2025-01-01,2025-07-14,2025-07-15,2025-08-13,2025-08-07,13.20703125,9.72179054273714,3.485240707262861,3.485240707262861,26.389281900600185
Prophet,45,6,6,2025-01-01,2025-07-14,2025-07-15,2025-08-13,2025-08-08,14.25390625,11.351729009231306,2.902177240768694,2.902177240768694,20.360574777659238
Prophet,45,6,6,2025-01-01,2025-07-14,2025-07-15,2025-08-13,2025-08-09,16.66015625,13.943192286797606,2.716963963202394,2.716963963202394,16.308154151929962
Prophet,45,6,6,2025-01-01,2025-07-14,2025-07-15,2025-08-13,2025-08-10,12.44921875,12.42098398787673,0.028234762123270585,0.028234762123270585,0.22679946983235863
Prophet,45,6,6,2025-01-01,2025-07-14,2025-07-15,2025-08-13,2025-08-11,12.37890625,8.705497909318971,3.6734083406810285,3.6734083406810285,29.67474077672273
Prophet,45,6,6,2025-01-01,2025-07-14,2025-07-15,2025-08-13,2025-08-12,10.80859375,8.358693715064087,2.4499000349359132,2.4499000349359132,22.666223669808232
Prophet,45,6,6,2025-01-01,2025-07-14,2025-07-15,2025-08-13,2025-08-13,11.75,8.88489916527297,2.8651008347270306,2.8651008347270306,24.38383689129388
Prophet,45,7,7,2025-01-01,2025-08-13,2025-08-14,2025-09-12,2025-08-14,11.91796875,11.11427278073227,0.8036959692677303,0.8036959692677303,6.743564999427695
Prophet,45,7,7,2025-01-01,2025-08-13,2025-08-14,2025-09-12,2025-08-15,14.9765625,12.929643366542868,2.0469191334571324,2.0469191334571324,13.667482998566141
Prophet,45,7,7,2025-01-01,2025-08-13,2025-08-14,2025-09-12,2025-08-16,15.7109375,15.993650296306736,-0.2827127963067362,0.2827127963067362,1.7994648397445165
Prophet,45,7,7,2025-01-01,2025-08-13,2025-08-14,2025-09-12,2025-08-17,17.4296875,14.189288949719872,3.240398550280128,3.240398550280128,18.591260171934394
Prophet,45,7,7,2025-01-01,2025-08-13,2025-08-14,2025-09-12,2025-08-18,13.48046875,10.189854229608413,3.2906145203915873,3.2906145203915873,24.410238111279234
Prophet,45,7,7,2025-01-01,2025-08-13,2025-08-14,2025-09-12,2025-08-19,13.83984375,9.856751750416025,3.9830919995839746,3.9830919995839746,28.77989138847015
Prophet,45,7,7,2025-01-01,2025-08-13,2025-08-14,2025-09-12,2025-08-20,13.26953125,10.405887832099191,2.863643417900809,2.863643417900809,21.58059213961163
Prophet,45,7,7,2025-01-01,2025-08-13,2025-08-14,2025-09-12,2025-08-21,13.02734375,10.93199055401152,2.09535319598848,2.09535319598848,16.08427040998653
Prophet,45,7,7,2025-01-01,2025-08-13,2025-08-14,2025-09-12,2025-08-22,16.01953125,12.71708972542273,3.3024415245772705,3.3024415245772705,20.61509461818535
Prophet,45,7,7,2025-01-01,2025-08-13,2025-08-14,2025-09-12,2025-08-23,26.41015625,15.730107758687566,10.680048491312434,10.680048491312434,40.43917192391633
Prophet,45,7,7,2025-01-01,2025-08-13,2025-08-14,2025-09-12,2025-08-24,25.89453125,13.954926897994428,11.939604352005572,11.939604352005572,46.10859426932307
Prophet,45,7,7,2025-01-01,2025-08-13,2025-08-14,2025-09-12,2025-08-25,15.6796875,10.021152094526537,5.658535405473463,5.658535405473463,36.08831748383673
Prophet,45,7,7,2025-01-01,2025-08-13,2025-08-14,2025-09-12,2025-08-26,12.02734375,9.693177550451802,2.334166199548198,2.334166199548198,19.407162945252963
Prophet,45,7,7,2025-01-01,2025-08-13,2025-08-14,2025-09-12,2025-08-27,11.4609375,10.232790272220369,1.2281472277796315,1.2281472277796315,10.71594036508472
Prophet,45,7,7,2025-01-01,2025-08-13,2025-08-14,2025-09-12,2025-08-28,13.8359375,10.749708327291497,3.086229172708503,3.086229172708503,22.30589125390674
Prophet,45,7,7,2025-01-01,2025-08-13,2025-08-14,2025-09-12,2025-08-29,16.3984375,12.504536084300597,3.8939014156994034,3.8939014156994034,23.745563659338906
Prophet,45,7,7,2025-01-01,2025-08-13,2025-08-14,2025-09-12,2025-08-30,20.38671875,15.466565221068379,4.920153528931621,4.920153528931621,24.134111964102225
Prophet,45,7,7,2025-01-01,2025-08-13,2025-08-14,2025-09-12,2025-08-31,19.58203125,13.72056484625165,5.86146640374835,5.86146640374835,29.932882492710505
Prophet,45,7,7,2025-01-01,2025-08-13,2025-08-14,2025-09-12,2025-09-01,23.41015625,9.852449959442144,13.557706290557856,13.557706290557856,57.91377958255984
Prophet,45,7,7,2025-01-01,2025-08-13,2025-08-14,2025-09-12,2025-09-02,11.5625,9.529603350488404,2.0328966495115957,2.0328966495115957,17.581808860640827
Prophet,45,7,7,2025-01-01,2025-08-13,2025-08-14,2025-09-12,2025-09-03,13.06640625,10.05969271234154,3.0067135376584595,3.0067135376584595,23.01102139433679
Prophet,45,7,7,2025-01-01,2025-08-13,2025-08-14,2025-09-12,2025-09-04,11.08984375,10.567426100568419,0.5224176494315813,0.5224176494315813,4.710775563736696
Prophet,45,7,7,2025-01-01,2025-08-13,2025-08-14,2025-09-12,2025-09-05,13.89453125,12.291982443178403,1.6025488068215967,1.6025488068215967,11.533665857360944
Prophet,45,7,7,2025-01-01,2025-08-13,2025-08-14,2025-09-12,2025-09-06,19.28515625,15.203022683450472,4.082133566549528,4.082133566549528,21.167230970967776
Prophet,45,7,7,2025-01-01,2025-08-13,2025-08-14,2025-09-12,2025-09-07,19.7109375,13.486202794510413,6.2247347054895865,6.2247347054895865,31.58010472860353
Prophet,45,7,7,2025-01-01,2025-08-13,2025-08-14,2025-09-12,2025-09-08,8.5859375,9.68374782436037,-1.0978103243603705,1.0978103243603705,12.786143905198127
Prophet,45,7,7,2025-01-01,2025-08-13,2025-08-14,2025-09-12,2025-09-09,11.88671875,9.366029150519449,2.5206895994805514,2.5206895994805514,21.205932877654327
Prophet,45,7,7,2025-01-01,2025-08-13,2025-08-14,2025-09-12,2025-09-10,9.19921875,9.886595152462709,-0.6873764024627089,0.6873764024627089,7.472117156282526
Prophet,45,7,7,2025-01-01,2025-08-13,2025-08-14,2025-09-12,2025-09-11,12.69921875,10.385143873848396,2.3140748761516043,2.3140748761516043,18.222182968157817
Prophet,45,7,7,2025-01-01,2025-08-13,2025-08-14,2025-09-12,2025-09-12,13.2421875,12.079428802044802,1.1627586979551978,1.1627586979551978,8.780714651225093
Prophet,45,8,8,2025-01-01,2025-09-12,2025-09-13,2025-10-12,2025-09-13,18.23046875,18.742201915146985,-0.5117331651469854,0.5117331651469854,2.807021432989678
Prophet,45,8,8,2025-01-01,2025-09-12,2025-09-13,2025-10-12,2025-09-14,15.44140625,16.93400701002947,-1.4926007600294717,1.4926007600294717,9.666222984253599
Prophet,45,8,8,2025-01-01,2025-09-12,2025-09-13,2025-10-12,2025-09-15,10.828125,12.265920029498519,-1.4377950294985187,1.4377950294985187,13.278337934762655
Prophet,45,8,8,2025-01-01,2025-09-12,2025-09-13,2025-10-12,2025-09-16,11.87890625,11.597555273244101,0.28135097675589904,0.28135097675589904,2.3684922739069436
Prophet,45,8,8,2025-01-01,2025-09-12,2025-09-13,2025-10-12,2025-09-17,9.30859375,12.102940432065719,-2.7943466820657186,2.7943466820657186,30.018999186270413
Prophet,45,8,8,2025-01-01,2025-09-12,2025-09-13,2025-10-12,2025-09-18,12.50390625,12.792200501792818,-0.2882942517928182,0.2882942517928182,2.3056335038725853
Prophet,45,8,8,2025-01-01,2025-09-12,2025-09-13,2025-10-12,2025-09-19,16.0859375,14.957675547798678,1.1282619522013224,1.1282619522013224,7.013964540153923
Prophet,45,8,8,2025-01-01,2025-09-12,2025-09-13,2025-10-12,2025-09-20,18.859375,18.783878331354646,0.07549666864535354,0.07549666864535354,0.4003137359819906
Prophet,45,8,8,2025-01-01,2025-09-12,2025-09-13,2025-10-12,2025-09-21,18.55859375,16.971650644738723,1.5869431052612768,1.5869431052612768,8.550987896166847
Prophet,45,8,8,2025-01-01,2025-09-12,2025-09-13,2025-10-12,2025-09-22,10.22265625,12.293178033370294,-2.0705217833702942,2.0705217833702942,20.25424442272814
Prophet,45,8,8,2025-01-01,2025-09-12,2025-09-13,2025-10-12,2025-09-23,9.7109375,11.623319820757033,-1.9123823207570325,1.9123823207570325,19.69307619122286
Prophet,45,8,8,2025-01-01,2025-09-12,2025-09-13,2025-10-12,2025-09-24,9.390625,12.129819187560479,-2.7391941875604786,2.7391941875604786,29.16945557468729
Prophet,45,8,8,2025-01-01,2025-09-12,2025-09-13,2025-10-12,2025-09-25,9.78515625,12.820600986671135,-3.035444736671135,3.035444736671135,31.02091227895451
Prophet,45,8,8,2025-01-01,2025-09-12,2025-09-13,2025-10-12,2025-09-26,15.32421875,14.99087316289491,0.33334558710508944,0.33334558710508944,2.175286013227196
Prophet,45,8,8,2025-01-01,2025-09-12,2025-09-13,2025-10-12,2025-09-27,18.71484375,18.8255547475669,-0.11071099756690117,0.11071099756690117,0.591567843396508
Prophet,45,8,8,2025-01-01,2025-09-12,2025-09-13,2025-10-12,2025-09-28,17.06640625,17.009294279446152,0.05711197055384787,0.05711197055384787,0.334645558749944
Prophet,45,8,8,2025-01-01,2025-09-12,2025-09-13,2025-10-12,2025-09-29,11.71484375,12.320436037238803,-0.6055922872388031,0.6055922872388031,5.169443999104154
Prophet,45,8,8,2025-01-01,2025-09-12,2025-09-13,2025-10-12,2025-09-30,11.19140625,11.649084368269959,-0.45767811826995874,0.45767811826995874,4.089549678084099
Prophet,45,8,8,2025-01-01,2025-09-12,2025-09-13,2025-10-12,2025-10-01,9.77734375,12.156697943054509,-2.3793541930545086,2.3793541930545086,24.33538447550756
Prophet,45,8,8,2025-01-01,2025-09-12,2025-09-13,2025-10-12,2025-10-02,10.85546875,12.849001471549457,-1.9935327215494567,1.9935327215494567,18.364317262204423
Prophet,45,8,8,2025-01-01,2025-09-12,2025-09-13,2025-10-12,2025-10-03,14.015625,15.024070777988902,-1.0084457779889018,1.0084457779889018,7.195153822886256
Prophet,45,8,8,2025-01-01,2025-09-12,2025-09-13,2025-10-12,2025-10-04,20.60546875,18.867231163780794,1.7382375862192063,1.7382375862192063,8.435807053499845
Prophet,45,8,8,2025-01-01,2025-09-12,2025-09-13,2025-10-12,2025-10-05,18.5234375,17.046937914157187,1.476499585842813,1.476499585842813,7.970980471863351
Prophet,45,8,8,2025-01-01,2025-09-12,2025-09-13,2025-10-12,2025-10-06,10.6640625,12.347694041122397,-1.6836315411223968,1.6836315411223968,15.787900165836394
Prophet,45,8,8,2025-01-01,2025-09-12,2025-09-13,2025-10-12,2025-10-07,11.9296875,11.674848915785155,0.25483858421484484,0.25483858421484484,2.136171498330068
Prophet,45,8,8,2025-01-01,2025-09-12,2025-09-13,2025-10-12,2025-10-08,12.04296875,12.183576698549672,-0.14060794854967185,0.14060794854967185,1.1675522163060652
Prophet,45,8,8,2025-01-01,2025-09-12,2025-09-13,2025-10-12,2025-10-09,12.76171875,12.877401956424372,-0.11568320642437158,0.11568320642437158,0.9064860987033707
Prophet,45,8,8,2025-01-01,2025-09-12,2025-09-13,2025-10-12,2025-10-10,15.87890625,15.05726839308404,0.8216378569159595,0.8216378569159595,5.174398311697064
Prophet,45,8,8,2025-01-01,2025-09-12,2025-09-13,2025-10-12,2025-10-11,21.76171875,18.90890757999469,2.8528111700053103,2.8528111700053103,13.109309989613344
Prophet,45,8,8,2025-01-01,2025-09-12,2025-09-13,2025-10-12,2025-10-12,16.6328125,17.084581548882728,-0.45176904888272773,0.45176904888272773,2.716131435274267
Prophet,45,9,9,2025-01-01,2025-10-12,2025-10-13,2025-11-11,2025-10-13,11.2578125,12.10474458394167,-0.8469320839416703,0.8469320839416703,7.523060842785136
Prophet,45,9,9,2025-01-01,2025-10-12,2025-10-13,2025-11-11,2025-10-14,11.03515625,11.5448275444525,-0.5096712944525006,0.5096712944525006,4.618614208135934
Prophet,45,9,9,2025-01-01,2025-10-12,2025-10-13,2025-11-11,2025-10-15,10.23828125,11.885913424887189,-1.647632174887189,1.647632174887189,16.09285909084778
Prophet,45,9,9,2025-01-01,2025-10-12,2025-10-13,2025-11-11,2025-10-16,13.40625,12.635073860710401,0.771176139289599,0.771176139289599,5.752362810551788
Prophet,45,9,9,2025-01-01,2025-10-12,2025-10-13,2025-11-11,2025-10-17,17.51171875,14.952281467786282,2.559437282213718,2.559437282213718,14.615568687189645
Prophet,45,9,9,2025-01-01,2025-10-12,2025-10-13,2025-11-11,2025-10-18,18.5390625,18.819073117859226,-0.2800106178592259,0.2800106178592259,1.5103817566785045
Prophet,45,9,9,2025-01-01,2025-10-12,2025-10-13,2025-11-11,2025-10-19,15.17578125,16.945535221984095,-1.7697539719840947,1.7697539719840947,11.661699274850147
Prophet,45,9,9,2025-01-01,2025-10-12,2025-10-13,2025-11-11,2025-10-20,10.79296875,12.122623831002024,-1.3296550810020236,1.3296550810020236,12.319641720467537
Prophet,45,9,9,2025-01-01,2025-10-12,2025-10-13,2025-11-11,2025-10-21,13.44921875,11.561876171732258,1.8873425782677415,1.8873425782677415,14.03310194703868
Prophet,45,9,9,2025-01-01,2025-10-12,2025-10-13,2025-11-11,2025-10-22,11.66796875,11.903462042837178,-0.23549329283717846,0.23549329283717846,2.018288683170997
Prophet,45,9,9,2025-01-01,2025-10-12,2025-10-13,2025-11-11,2025-10-23,12.23828125,12.653724621455362,-0.41544337145536225,0.41544337145536225,3.394621866982851
Prophet,45,9,9,2025-01-01,2025-10-12,2025-10-13,2025-11-11,2025-10-24,14.52734375,14.974348028957534,-0.44700427895753414,0.44700427895753414,3.076985625521074
Prophet,45,9,9,2025-01-01,2025-10-12,2025-10-13,2025-11-11,2025-10-25,19.265625,18.846840431915968,0.41878456808403186,0.41878456808403186,2.17373985055783
Prophet,45,9,9,2025-01-01,2025-10-12,2025-10-13,2025-11-11,2025-10-26,19.89453125,16.970532884494727,2.9239983655052733,2.9239983655052733,14.697498165508541
Prophet,45,9,9,2025-01-01,2025-10-12,2025-10-13,2025-11-11,2025-10-27,9.4921875,12.140503078060666,-2.648315578060666,2.648315578060666,27.899950122779032
Prophet,45,9,9,2025-01-01,2025-10-12,2025-10-13,2025-11-11,2025-10-28,12.7578125,11.578924799008592,1.1788877009914085,1.1788877009914085,9.240515966129841
Prophet,45,9,9,2025-01-01,2025-10-12,2025-10-13,2025-11-11,2025-10-29,9.73828125,11.921010660786827,-2.182729410786827,2.182729410786827,22.413908109162765
Prophet,45,9,9,2025-01-01,2025-10-12,2025-10-13,2025-11-11,2025-10-30,9.109375,12.672375382198856,-3.5630003821988563,3.5630003821988563,39.113554796008025
Prophet,45,9,9,2025-01-01,2025-10-12,2025-10-13,2025-11-11,2025-10-31,13.49609375,14.996414590127296,-1.500320840127296,1.500320840127296,11.116704343634957
Prophet,45,9,9,2025-01-01,2025-10-12,2025-10-13,2025-11-11,2025-11-01,21.05078125,18.874607745970756,2.1761735040292436,2.1761735040292436,10.337732733929975
Prophet,45,9,9,2025-01-01,2025-10-12,2025-10-13,2025-11-11,2025-11-02,19.015625,16.995530547023936,2.020094452976064,2.020094452976064,10.623339769142818
Prophet,45,9,9,2025-01-01,2025-10-12,2025-10-13,2025-11-11,2025-11-03,12.2890625,12.158382325121012,0.13068017487898764,0.13068017487898764,1.0633860384304143
Prophet,45,9,9,2025-01-01,2025-10-12,2025-10-13,2025-11-11,2025-11-04,15.23046875,11.595973426288355,3.6344953237116453,3.6344953237116453,23.863318873305495
Prophet,45,9,9,2025-01-01,2025-10-12,2025-10-13,2025-11-11,2025-11-05,10.9765625,11.93855927873682,-0.96199677873682,0.96199677873682,8.764098767139712
Prophet,45,9,9,2025-01-01,2025-10-12,2025-10-13,2025-11-11,2025-11-06,12.0625,12.691026142943821,-0.6285261429438211,0.6285261429438211,5.210579423368465
Prophet,45,9,9,2025-01-01,2025-10-12,2025-10-13,2025-11-11,2025-11-07,13.328125,15.018481151298566,-1.690356151298566,1.690356151298566,12.682625285241292
Prophet,45,9,9,2025-01-01,2025-10-12,2025-10-13,2025-11-11,2025-11-08,19.1171875,18.90237506001954,0.2148124399804594,0.2148124399804594,1.1236613125254926
Prophet,45,9,9,2025-01-01,2025-10-12,2025-10-13,2025-11-11,2025-11-09,17.85546875,17.020528209534575,0.8349405404654249,0.8349405404654249,4.676105411488706
Prophet,45,9,9,2025-01-01,2025-10-12,2025-10-13,2025-11-11,2025-11-10,11.03515625,12.176261572177927,-1.1411053221779266,1.1411053221779266,10.340635839913247
Prophet,45,9,9,2025-01-01,2025-10-12,2025-10-13,2025-11-11,2025-11-11,10.47265625,11.613022053567068,-1.140365803567068,1.140365803567068,10.888983428316651
Prophet,45,10,10,2025-01-01,2025-10-13,2025-10-14,2025-11-12,2025-10-14,11.03515625,11.512497951837421,-0.4773417018374211,0.4773417018374211,4.325645156473621
Prophet,45,10,10,2025-01-01,2025-10-13,2025-10-14,2025-11-12,2025-10-15,10.23828125,11.863293612878344,-1.6250123628783442,1.6250123628783442,15.87192540621351
Prophet,45,10,10,2025-01-01,2025-10-13,2025-10-14,2025-11-12,2025-10-16,13.40625,12.61786771067135,0.7883822893286503,0.7883822893286503,5.880707053267321
Prophet,45,10,10,2025-01-01,2025-10-13,2025-10-14,2025-11-12,2025-10-17,17.51171875,14.949889939813458,2.561828810186542,2.561828810186542,14.629225416189042
Prophet,45,10,10,2025-01-01,2025-10-13,2025-10-14,2025-11-12,2025-10-18,18.5390625,18.84011310197849,-0.30105060197848843,0.30105060197848843,1.6238717679412775
Prophet,45,10,10,2025-01-01,2025-10-13,2025-10-14,2025-11-12,2025-10-19,15.17578125,16.955256551386057,-1.7794753013860571,1.7794753013860571,11.725757455722796
Prophet,45,10,10,2025-01-01,2025-10-13,2025-10-14,2025-11-12,2025-10-20,10.79296875,12.076020610564225,-1.2830518605642247,1.2830518605642247,11.887849305263899
Prophet,45,10,10,2025-01-01,2025-10-13,2025-10-14,2025-11-12,2025-10-21,13.44921875,11.530739370362827,1.9184793796371729,1.9184793796371729,14.264615776564515
Prophet,45,10,10,2025-01-01,2025-10-13,2025-10-14,2025-11-12,2025-10-22,11.66796875,11.882086609132822,-0.21411785913282166,0.21411785913282166,1.835091126146714
Prophet,45,10,10,2025-01-01,2025-10-13,2025-10-14,2025-11-12,2025-10-23,12.23828125,12.637851527775185,-0.39957027777518483,0.39957027777518483,3.2649215164521967
Prophet,45,10,10,2025-01-01,2025-10-13,2025-10-14,2025-11-12,2025-10-24,14.52734375,14.973561791034195,-0.4462180410341947,0.4462180410341947,3.071573501068939
Prophet,45,10,10,2025-01-01,2025-10-13,2025-10-14,2025-11-12,2025-10-25,19.265625,18.869938036966296,0.3956869630337039,0.3956869630337039,2.053849605365535
Prophet,45,10,10,2025-01-01,2025-10-13,2025-10-14,2025-11-12,2025-10-26,19.89453125,16.98209158604554,2.9124396639544585,2.9124396639544585,14.639398271595159
Prophet,45,10,10,2025-01-01,2025-10-13,2025-10-14,2025-11-12,2025-10-27,9.4921875,12.09512897246213,-2.6029414724621294,2.6029414724621294,27.42193485392202
Prophet,45,10,10,2025-01-01,2025-10-13,2025-10-14,2025-11-12,2025-10-28,12.7578125,11.54898078888471,1.2088317111152893,1.2088317111152893,9.475227129378876
Prophet,45,10,10,2025-01-01,2025-10-13,2025-10-14,2025-11-12,2025-10-29,9.73828125,11.90087960538703,-2.162598355387029,2.162598355387029,22.20718728355714
Prophet,45,10,10,2025-01-01,2025-10-13,2025-10-14,2025-11-12,2025-10-30,9.109375,12.65783534487746,-3.5484603448774603,3.5484603448774603,38.95393860585891
Prophet,45,10,10,2025-01-01,2025-10-13,2025-10-14,2025-11-12,2025-10-31,13.49609375,14.997233642253402,-1.501139892253402,1.501139892253402,11.122773152441995
Prophet,45,10,10,2025-01-01,2025-10-13,2025-10-14,2025-11-12,2025-11-01,21.05078125,18.899762971952104,2.1510182780478964,2.1510182780478964,10.21823490777995
Prophet,45,10,10,2025-01-01,2025-10-13,2025-10-14,2025-11-12,2025-11-02,19.015625,17.00892662072381,2.006698379276191,2.006698379276191,10.552892052068712
Prophet,45,10,10,2025-01-01,2025-10-13,2025-10-14,2025-11-12,2025-11-03,12.2890625,12.114237334361738,0.17482516563826245,0.17482516563826245,1.422607832275753
Prophet,45,10,10,2025-01-01,2025-10-13,2025-10-14,2025-11-12,2025-11-04,15.23046875,11.567222207410113,3.663246542589887,3.663246542589887,24.05209322654555
Prophet,45,10,10,2025-01-01,2025-10-13,2025-10-14,2025-11-12,2025-11-05,10.9765625,11.919672601641508,-0.9431101016415084,0.9431101016415084,8.592035089687764
Prophet,45,10,10,2025-01-01,2025-10-13,2025-10-14,2025-11-12,2025-11-06,12.0625,12.677819161981303,-0.6153191619813025,0.6153191619813025,5.10109149829059
Prophet,45,10,10,2025-01-01,2025-10-13,2025-10-14,2025-11-12,2025-11-07,13.328125,15.020905493474164,-1.6927804934741637,1.6927804934741637,12.700814956898768
Prophet,45,10,10,2025-01-01,2025-10-13,2025-10-14,2025-11-12,2025-11-08,19.1171875,18.92958790693187,0.18759959306812846,0.18759959306812846,0.9813137683988739
Prophet,45,10,10,2025-01-01,2025-10-13,2025-10-14,2025-11-12,2025-11-09,17.85546875,17.035761655383315,0.8197070946166853,0.8197070946166853,4.590790116426853
Prophet,45,10,10,2025-01-01,2025-10-13,2025-10-14,2025-11-12,2025-11-10,11.03515625,12.133345696257912,-1.098189446257912,1.098189446257912,9.95173445104515
Prophet,45,10,10,2025-01-01,2025-10-13,2025-10-14,2025-11-12,2025-11-11,10.47265625,11.585463625934494,-1.1128073759344943,1.1128073759344943,10.625836935443138
Prophet,45,10,10,2025-01-01,2025-10-13,2025-10-14,2025-11-12,2025-11-12,9.6953125,11.938465597894481,-2.2431530978944814,2.2431530978944814,23.136470308661856
