model,lookback_days,window_id,split_idx_global,train_start,train_end,test_start,test_end,date,actual,prediction,error,abs_error,ape
XGBoost,45,1,1,2025-01-01,2025-02-14,2025-02-15,2025-03-16,2025-02-15,13.20703125,15.995545387268066,-2.7885141372680664,2.7885141372680664,21.11386037091467
XGBoost,45,1,1,2025-01-01,2025-02-14,2025-02-15,2025-03-16,2025-02-16,13.00390625,15.701764106750488,-2.6978578567504883,2.6978578567504883,20.74651881430234
XGBoost,45,1,1,2025-01-01,2025-02-14,2025-02-15,2025-03-16,2025-02-17,9.2421875,10.970304489135742,-1.7281169891357422,1.7281169891357422,18.698138174926036
XGBoost,45,1,1,2025-01-01,2025-02-14,2025-02-15,2025-03-16,2025-02-18,9.37890625,9.67781925201416,-0.29891300201416016,0.29891300201416016,3.187077405898584
XGBoost,45,1,1,2025-01-01,2025-02-14,2025-02-15,2025-03-16,2025-02-19,9.0703125,10.490588188171387,-1.4202756881713867,1.4202756881713867,15.658508879064383
XGBoost,45,1,1,2025-01-01,2025-02-14,2025-02-15,2025-03-16,2025-02-20,10.89453125,9.578653335571289,1.315877914428711,1.315877914428711,12.07833438844568
XGBoost,45,1,1,2025-01-01,2025-02-14,2025-02-15,2025-03-16,2025-02-21,10.4609375,15.008171081542969,-4.547233581542969,4.547233581542969,43.46870040608663
XGBoost,45,1,1,2025-01-01,2025-02-14,2025-02-15,2025-03-16,2025-02-22,17.296875,17.1986141204834,0.09826087951660156,0.09826087951660156,0.5680845789577688
XGBoost,45,1,1,2025-01-01,2025-02-14,2025-02-15,2025-03-16,2025-02-23,19.20703125,15.953117370605469,3.2539138793945312,3.2539138793945312,16.941264045657924
XGBoost,45,1,1,2025-01-01,2025-02-14,2025-02-15,2025-03-16,2025-02-24,8.99609375,10.459258079528809,-1.4631643295288086,1.4631643295288086,16.26444065824468
XGBoost,45,1,1,2025-01-01,2025-02-14,2025-02-15,2025-03-16,2025-02-25,10.953125,10.032868385314941,0.9202566146850586,0.9202566146850586,8.40177223107614
XGBoost,45,1,1,2025-01-01,2025-02-14,2025-02-15,2025-03-16,2025-02-26,9.31640625,11.10461139678955,-1.7882051467895508,1.7882051467895508,19.19415168042453
XGBoost,45,1,1,2025-01-01,2025-02-14,2025-02-15,2025-03-16,2025-02-27,11.63671875,10.163302421569824,1.4734163284301758,1.4734163284301758,12.661785165428835
XGBoost,45,1,1,2025-01-01,2025-02-14,2025-02-15,2025-03-16,2025-02-28,14.5390625,14.7603178024292,-0.22125530242919922,0.22125530242919922,1.5217989635108813
XGBoost,45,1,1,2025-01-01,2025-02-14,2025-02-15,2025-03-16,2025-03-01,15.1796875,18.937347412109375,-3.757659912109375,3.757659912109375,24.754527470406586
XGBoost,45,1,1,2025-01-01,2025-02-14,2025-02-15,2025-03-16,2025-03-02,12.4921875,15.0951566696167,-2.602969169616699,2.602969169616699,20.836776342147438
XGBoost,45,1,1,2025-01-01,2025-02-14,2025-02-15,2025-03-16,2025-03-03,8.95703125,10.129766464233398,-1.1727352142333984,1.1727352142333984,13.092900778183603
XGBoost,45,1,1,2025-01-01,2025-02-14,2025-02-15,2025-03-16,2025-03-04,11.60546875,10.072509765625,1.532958984375,1.532958984375,13.208936385055537
XGBoost,45,1,1,2025-01-01,2025-02-14,2025-02-15,2025-03-16,2025-03-05,8.8046875,9.469685554504395,-0.6649980545043945,0.6649980545043945,7.552772934921251
XGBoost,45,1,1,2025-01-01,2025-02-14,2025-02-15,2025-03-16,2025-03-06,7.66015625,9.665373802185059,-2.0052175521850586,2.0052175521850586,26.177240864832996
XGBoost,45,1,1,2025-01-01,2025-02-14,2025-02-15,2025-03-16,2025-03-07,12.19140625,13.499878883361816,-1.3084726333618164,1.3084726333618164,10.732745727030599
XGBoost,45,1,1,2025-01-01,2025-02-14,2025-02-15,2025-03-16,2025-03-08,17.12109375,16.83049201965332,0.2906017303466797,0.2906017303466797,1.697331575832763
XGBoost,45,1,1,2025-01-01,2025-02-14,2025-02-15,2025-03-16,2025-03-09,14.265625,16.524627685546875,-2.259002685546875,2.259002685546875,15.835287171412924
XGBoost,45,1,1,2025-01-01,2025-02-14,2025-02-15,2025-03-16,2025-03-10,9.5625,8.981620788574219,0.5808792114257812,0.5808792114257812,6.07455384497549
XGBoost,45,1,1,2025-01-01,2025-02-14,2025-02-15,2025-03-16,2025-03-11,11.87109375,9.368663787841797,2.502429962158203,2.502429962158203,21.080028638121092
XGBoost,45,1,1,2025-01-01,2025-02-14,2025-02-15,2025-03-16,2025-03-12,12.1171875,9.364540100097656,2.7526473999023438,2.7526473999023438,22.716883764506772
XGBoost,45,1,1,2025-01-01,2025-02-14,2025-02-15,2025-03-16,2025-03-13,12.9140625,9.494880676269531,3.4191818237304688,3.4191818237304688,26.476423075468848
XGBoost,45,1,1,2025-01-01,2025-02-14,2025-02-15,2025-03-16,2025-03-14,18.45703125,14.876490592956543,3.580540657043457,3.580540657043457,19.39933139054233
XGBoost,45,1,1,2025-01-01,2025-02-14,2025-02-15,2025-03-16,2025-03-15,18.71484375,16.306472778320312,2.4083709716796875,2.4083709716796875,12.868774133792527
XGBoost,45,1,1,2025-01-01,2025-02-14,2025-02-15,2025-03-16,2025-03-16,20.37109375,15.665424346923828,4.705669403076172,4.705669403076172,23.0997385846117
XGBoost,45,2,2,2025-01-01,2025-03-16,2025-03-17,2025-04-15,2025-03-17,11.1328125,10.810235023498535,0.32257747650146484,0.32257747650146484,2.8975380345394735
XGBoost,45,2,2,2025-01-01,2025-03-16,2025-03-17,2025-04-15,2025-03-18,15.32421875,11.192681312561035,4.131537437438965,4.131537437438965,26.96083568657596
XGBoost,45,2,2,2025-01-01,2025-03-16,2025-03-17,2025-04-15,2025-03-19,11.4296875,10.92602825164795,0.5036592483520508,0.5036592483520508,4.406588092212065
XGBoost,45,2,2,2025-01-01,2025-03-16,2025-03-17,2025-04-15,2025-03-20,11.41796875,10.576384544372559,0.8415842056274414,0.8415842056274414,7.370699850859562
XGBoost,45,2,2,2025-01-01,2025-03-16,2025-03-17,2025-04-15,2025-03-21,17.328125,13.870230674743652,3.4578943252563477,3.4578943252563477,19.955386547917605
XGBoost,45,2,2,2025-01-01,2025-03-16,2025-03-17,2025-04-15,2025-03-22,19.71875,16.368919372558594,3.3498306274414062,3.3498306274414062,16.98804755596276
XGBoost,45,2,2,2025-01-01,2025-03-16,2025-03-17,2025-04-15,2025-03-23,18.00390625,13.681929588317871,4.321976661682129,4.321976661682129,24.005771867880775
XGBoost,45,2,2,2025-01-01,2025-03-16,2025-03-17,2025-04-15,2025-03-24,9.1953125,9.482476234436035,-0.28716373443603516,0.28716373443603516,3.122936109414826
XGBoost,45,2,2,2025-01-01,2025-03-16,2025-03-17,2025-04-15,2025-03-25,12.94140625,10.239615440368652,2.7017908096313477,2.7017908096313477,20.877103750848928
XGBoost,45,2,2,2025-01-01,2025-03-16,2025-03-17,2025-04-15,2025-03-26,13.65234375,9.922187805175781,3.7301559448242188,3.7301559448242188,27.32245842274678
XGBoost,45,2,2,2025-01-01,2025-03-16,2025-03-17,2025-04-15,2025-03-27,14.77734375,10.206323623657227,4.571020126342773,4.571020126342773,30.932623641124767
XGBoost,45,2,2,2025-01-01,2025-03-16,2025-03-17,2025-04-15,2025-03-28,15.93359375,14.371956825256348,1.5616369247436523,1.5616369247436523,9.800908377895931
XGBoost,45,2,2,2025-01-01,2025-03-16,2025-03-17,2025-04-15,2025-03-29,21.890625,17.019309997558594,4.871315002441406,4.871315002441406,22.252973601445397
XGBoost,45,2,2,2025-01-01,2025-03-16,2025-03-17,2025-04-15,2025-03-30,19.109375,15.925039291381836,3.184335708618164,3.184335708618164,16.663735515254498
XGBoost,45,2,2,2025-01-01,2025-03-16,2025-03-17,2025-04-15,2025-03-31,11.83203125,11.061101913452148,0.7709293365478516,0.7709293365478516,6.515612748638164
XGBoost,45,2,2,2025-01-01,2025-03-16,2025-03-17,2025-04-15,2025-04-01,11.05859375,11.415458679199219,-0.35686492919921875,0.35686492919921875,3.2270371555987283
XGBoost,45,2,2,2025-01-01,2025-03-16,2025-03-17,2025-04-15,2025-04-02,12.88671875,11.492344856262207,1.394373893737793,1.394373893737793,10.820239975655502
XGBoost,45,2,2,2025-01-01,2025-03-16,2025-03-17,2025-04-15,2025-04-03,15.1796875,10.57219409942627,4.6074934005737305,4.6074934005737305,30.353018799456382
XGBoost,45,2,2,2025-01-01,2025-03-16,2025-03-17,2025-04-15,2025-04-04,15.9609375,14.485875129699707,1.475062370300293,1.475062370300293,9.241702564779123
XGBoost,45,2,2,2025-01-01,2025-03-16,2025-03-17,2025-04-15,2025-04-05,22.37890625,20.02779769897461,2.3511085510253906,2.3511085510253906,10.50591358112236
XGBoost,45,2,2,2025-01-01,2025-03-16,2025-03-17,2025-04-15,2025-04-06,18.0703125,15.217782974243164,2.852529525756836,2.852529525756836,15.785723272670774
XGBoost,45,2,2,2025-01-01,2025-03-16,2025-03-17,2025-04-15,2025-04-07,10.953125,10.578930854797363,0.3741941452026367,0.3741941452026367,3.4163231516360555
XGBoost,45,2,2,2025-01-01,2025-03-16,2025-03-17,2025-04-15,2025-04-08,12.00390625,11.261642456054688,0.7422637939453125,0.7422637939453125,6.1835187520338435
XGBoost,45,2,2,2025-01-01,2025-03-16,2025-03-17,2025-04-15,2025-04-09,12.2734375,11.282161712646484,0.9912757873535156,0.9912757873535156,8.07659457550923
XGBoost,45,2,2,2025-01-01,2025-03-16,2025-03-17,2025-04-15,2025-04-10,11.3203125,10.691981315612793,0.628331184387207,0.628331184387207,5.550475610873878
XGBoost,45,2,2,2025-01-01,2025-03-16,2025-03-17,2025-04-15,2025-04-11,16.63671875,13.422255516052246,3.214463233947754,3.214463233947754,19.321497719901974
XGBoost,45,2,2,2025-01-01,2025-03-16,2025-03-17,2025-04-15,2025-04-12,23.734375,18.550954818725586,5.183420181274414,5.183420181274414,21.839295036310897
XGBoost,45,2,2,2025-01-01,2025-03-16,2025-03-17,2025-04-15,2025-04-13,25.21484375,17.539567947387695,7.675275802612305,7.675275802612305,30.439513640104572
XGBoost,45,2,2,2025-01-01,2025-03-16,2025-03-17,2025-04-15,2025-04-14,14.3359375,10.48386287689209,3.85207462310791,3.85207462310791,26.870057316502045
XGBoost,45,2,2,2025-01-01,2025-03-16,2025-03-17,2025-04-15,2025-04-15,10.921875,10.866522789001465,0.055352210998535156,0.055352210998535156,0.5068013596432404
XGBoost,45,3,3,2025-01-01,2025-04-15,2025-04-16,2025-05-15,2025-04-16,13.640625,12.450628280639648,1.1899967193603516,1.1899967193603516,8.723916384772338
XGBoost,45,3,3,2025-01-01,2025-04-15,2025-04-16,2025-05-15,2025-04-17,15.99609375,12.671852111816406,3.3242416381835938,3.3242416381835938,20.781583867521366
XGBoost,45,3,3,2025-01-01,2025-04-15,2025-04-16,2025-05-15,2025-04-18,20.17578125,18.142349243164062,2.0334320068359375,2.0334320068359375,10.078578775411422
XGBoost,45,3,3,2025-01-01,2025-04-15,2025-04-16,2025-05-15,2025-04-19,22.23046875,22.64539909362793,-0.4149303436279297,0.4149303436279297,1.8664939021041997
XGBoost,45,3,3,2025-01-01,2025-04-15,2025-04-16,2025-05-15,2025-04-20,11.9765625,21.452165603637695,-9.475603103637695,9.475603103637695,79.11788631869699
XGBoost,45,3,3,2025-01-01,2025-04-15,2025-04-16,2025-05-15,2025-04-21,13.4609375,11.552206993103027,1.9087305068969727,1.9087305068969727,14.179773933999565
XGBoost,45,3,3,2025-01-01,2025-04-15,2025-04-16,2025-05-15,2025-04-22,11.8984375,13.126049995422363,-1.2276124954223633,1.2276124954223633,10.317426094160375
XGBoost,45,3,3,2025-01-01,2025-04-15,2025-04-16,2025-05-15,2025-04-23,16.4921875,13.149898529052734,3.3422889709472656,3.3422889709472656,20.265892386605874
XGBoost,45,3,3,2025-01-01,2025-04-15,2025-04-16,2025-05-15,2025-04-24,15.3671875,12.619832992553711,2.747354507446289,2.747354507446289,17.878056784602187
XGBoost,45,3,3,2025-01-01,2025-04-15,2025-04-16,2025-05-15,2025-04-25,15.66015625,19.48155403137207,-3.8213977813720703,3.8213977813720703,24.402041208063107
XGBoost,45,3,3,2025-01-01,2025-04-15,2025-04-16,2025-05-15,2025-04-26,21.859375,22.464754104614258,-0.6053791046142578,0.6053791046142578,2.7694254964483562
XGBoost,45,3,3,2025-01-01,2025-04-15,2025-04-16,2025-05-15,2025-04-27,20.3125,23.12626838684082,-2.8137683868408203,2.8137683868408203,13.852398212139422
XGBoost,45,3,3,2025-01-01,2025-04-15,2025-04-16,2025-05-15,2025-04-28,14.96875,13.033515930175781,1.9352340698242188,1.9352340698242188,12.928494829723384
XGBoost,45,3,3,2025-01-01,2025-04-15,2025-04-16,2025-05-15,2025-04-29,15.859375,11.311355590820312,4.5480194091796875,4.5480194091796875,28.677166717980295
XGBoost,45,3,3,2025-01-01,2025-04-15,2025-04-16,2025-05-15,2025-04-30,28.22265625,13.04025936126709,15.18239688873291,15.18239688873291,53.79506717668685
XGBoost,45,3,3,2025-01-01,2025-04-15,2025-04-16,2025-05-15,2025-05-01,21.9921875,13.462911605834961,8.529275894165039,8.529275894165039,38.783208328707815
XGBoost,45,3,3,2025-01-01,2025-04-15,2025-04-16,2025-05-15,2025-05-02,20.91796875,19.79860496520996,1.119363784790039,1.119363784790039,5.351206889005603
XGBoost,45,3,3,2025-01-01,2025-04-15,2025-04-16,2025-05-15,2025-05-03,20.4921875,22.344240188598633,-1.8520526885986328,1.8520526885986328,9.03784766071769
XGBoost,45,3,3,2025-01-01,2025-04-15,2025-04-16,2025-05-15,2025-05-04,16.3203125,22.715383529663086,-6.395071029663086,6.395071029663086,39.18473392996051
XGBoost,45,3,3,2025-01-01,2025-04-15,2025-04-16,2025-05-15,2025-05-05,14.921875,13.859231948852539,1.062643051147461,1.062643051147461,7.121377515543194
XGBoost,45,3,3,2025-01-01,2025-04-15,2025-04-16,2025-05-15,2025-05-06,10.0546875,12.069009780883789,-2.014322280883789,2.014322280883789,20.03366371042152
XGBoost,45,3,3,2025-01-01,2025-04-15,2025-04-16,2025-05-15,2025-05-07,10.64453125,11.956901550292969,-1.3123703002929688,1.3123703002929688,12.329056766055047
XGBoost,45,3,3,2025-01-01,2025-04-15,2025-04-16,2025-05-15,2025-05-08,16.6484375,12.942652702331543,3.705784797668457,3.705784797668457,22.259054627009036
XGBoost,45,3,3,2025-01-01,2025-04-15,2025-04-16,2025-05-15,2025-05-09,14.73828125,20.835079193115234,-6.096797943115234,6.096797943115234,41.36708914491121
XGBoost,45,3,3,2025-01-01,2025-04-15,2025-04-16,2025-05-15,2025-05-10,22.3515625,22.559865951538086,-0.20830345153808594,0.20830345153808594,0.9319413420788186
XGBoost,45,3,3,2025-01-01,2025-04-15,2025-04-16,2025-05-15,2025-05-11,21.41015625,22.694631576538086,-1.284475326538086,1.284475326538086,5.999373902458493
XGBoost,45,3,3,2025-01-01,2025-04-15,2025-04-16,2025-05-15,2025-05-12,13.95703125,12.849466323852539,1.107564926147461,1.107564926147461,7.93553375577246
XGBoost,45,3,3,2025-01-01,2025-04-15,2025-04-16,2025-05-15,2025-05-13,11.1953125,11.2092866897583,-0.013974189758300781,0.013974189758300781,0.12482179267707606
XGBoost,45,3,3,2025-01-01,2025-04-15,2025-04-16,2025-05-15,2025-05-14,11.15234375,11.984156608581543,-0.831812858581543,0.831812858581543,7.458637190783712
XGBoost,45,3,3,2025-01-01,2025-04-15,2025-04-16,2025-05-15,2025-05-15,14.74609375,12.174647331237793,2.571446418762207,2.571446418762207,17.438153197433774
XGBoost,45,4,4,2025-01-01,2025-05-15,2025-05-16,2025-06-14,2025-05-16,18.07421875,16.418886184692383,1.6553325653076172,1.6553325653076172,9.158528997595635
XGBoost,45,4,4,2025-01-01,2025-05-15,2025-05-16,2025-06-14,2025-05-17,18.09375,22.11751365661621,-4.023763656616211,4.023763656616211,22.238417445892704
XGBoost,45,4,4,2025-01-01,2025-05-15,2025-05-16,2025-06-14,2025-05-18,17.8125,18.79132080078125,-0.97882080078125,0.97882080078125,5.495134320175438
XGBoost,45,4,4,2025-01-01,2025-05-15,2025-05-16,2025-06-14,2025-05-19,10.21484375,13.903460502624512,-3.6886167526245117,3.6886167526245117,36.110359031429255
XGBoost,45,4,4,2025-01-01,2025-05-15,2025-05-16,2025-06-14,2025-05-20,12.2578125,11.133088111877441,1.1247243881225586,1.1247243881225586,9.175571808775494
XGBoost,45,4,4,2025-01-01,2025-05-15,2025-05-16,2025-06-14,2025-05-21,10.76171875,11.997140884399414,-1.235422134399414,1.235422134399414,11.47978462454628
XGBoost,45,4,4,2025-01-01,2025-05-15,2025-05-16,2025-06-14,2025-05-22,12.37109375,14.431241035461426,-2.060147285461426,2.060147285461426,16.652911432842597
XGBoost,45,4,4,2025-01-01,2025-05-15,2025-05-16,2025-06-14,2025-05-23,11.80078125,15.77221965789795,-3.971438407897949,3.971438407897949,33.65402954061155
XGBoost,45,4,4,2025-01-01,2025-05-15,2025-05-16,2025-06-14,2025-05-24,16.109375,22.868080139160156,-6.758705139160156,6.758705139160156,41.955104646580985
XGBoost,45,4,4,2025-01-01,2025-05-15,2025-05-16,2025-06-14,2025-05-25,15.21484375,20.924283981323242,-5.709440231323242,5.709440231323242,37.525460827182286
XGBoost,45,4,4,2025-01-01,2025-05-15,2025-05-16,2025-06-14,2025-05-26,14.57421875,14.163992881774902,0.41022586822509766,0.41022586822509766,2.8147365924852585
XGBoost,45,4,4,2025-01-01,2025-05-15,2025-05-16,2025-06-14,2025-05-27,10.80859375,12.124670028686523,-1.3160762786865234,1.3160762786865234,12.17620265065956
XGBoost,45,4,4,2025-01-01,2025-05-15,2025-05-16,2025-06-14,2025-05-28,7.69921875,13.057969093322754,-5.358750343322754,5.358750343322754,69.60122211520168
XGBoost,45,4,4,2025-01-01,2025-05-15,2025-05-16,2025-06-14,2025-05-29,12.7890625,14.892403602600098,-2.1033411026000977,2.1033411026000977,16.446405689237174
XGBoost,45,4,4,2025-01-01,2025-05-15,2025-05-16,2025-06-14,2025-05-30,13.609375,16.845230102539062,-3.2358551025390625,3.2358551025390625,23.776662062284732
XGBoost,45,4,4,2025-01-01,2025-05-15,2025-05-16,2025-06-14,2025-05-31,16.671875,21.15535545349121,-4.483480453491211,4.483480453491211,26.892478821315603
XGBoost,45,4,4,2025-01-01,2025-05-15,2025-05-16,2025-06-14,2025-06-01,17.265625,20.904550552368164,-3.638925552368164,3.638925552368164,21.076129896069006
XGBoost,45,4,4,2025-01-01,2025-05-15,2025-05-16,2025-06-14,2025-06-02,11.390625,13.732999801635742,-2.342374801635742,2.342374801635742,20.56405861518347
XGBoost,45,4,4,2025-01-01,2025-05-15,2025-05-16,2025-06-14,2025-06-03,11.7265625,11.685761451721191,0.040801048278808594,0.040801048278808594,0.3479369873209527
XGBoost,45,4,4,2025-01-01,2025-05-15,2025-05-16,2025-06-14,2025-06-04,11.234375,12.472550392150879,-1.238175392150879,1.238175392150879,11.021310861982789
XGBoost,45,4,4,2025-01-01,2025-05-15,2025-05-16,2025-06-14,2025-06-05,10.44921875,13.494580268859863,-3.0453615188598633,3.0453615188598633,29.144394348714954
XGBoost,45,4,4,2025-01-01,2025-05-15,2025-05-16,2025-06-14,2025-06-06,13.23046875,16.422008514404297,-3.191539764404297,3.191539764404297,24.12265071412755
XGBoost,45,4,4,2025-01-01,2025-05-15,2025-05-16,2025-06-14,2025-06-07,17.609375,22.421424865722656,-4.812049865722656,4.812049865722656,27.32663632708518
XGBoost,45,4,4,2025-01-01,2025-05-15,2025-05-16,2025-06-14,2025-06-08,15.859375,21.909116744995117,-6.049741744995117,6.049741744995117,38.14615484528941
XGBoost,45,4,4,2025-01-01,2025-05-15,2025-05-16,2025-06-14,2025-06-09,11.43359375,14.177505493164062,-2.7439117431640625,2.7439117431640625,23.998681457123332
XGBoost,45,4,4,2025-01-01,2025-05-15,2025-05-16,2025-06-14,2025-06-10,9.70703125,11.616853713989258,-1.9098224639892578,1.9098224639892578,19.674629810110662
XGBoost,45,4,4,2025-01-01,2025-05-15,2025-05-16,2025-06-14,2025-06-11,11.69921875,12.121232986450195,-0.4220142364501953,0.4220142364501953,3.6072001512938234
XGBoost,45,4,4,2025-01-01,2025-05-15,2025-05-16,2025-06-14,2025-06-12,11.1328125,13.579864501953125,-2.447052001953125,2.447052001953125,21.980537280701753
XGBoost,45,4,4,2025-01-01,2025-05-15,2025-05-16,2025-06-14,2025-06-13,12.66796875,16.361454010009766,-3.6934852600097656,3.6934852600097656,29.156097026287387
XGBoost,45,4,4,2025-01-01,2025-05-15,2025-05-16,2025-06-14,2025-06-14,17.33203125,22.10836410522461,-4.776332855224609,4.776332855224609,27.557836622436334
XGBoost,45,5,5,2025-01-01,2025-06-14,2025-06-15,2025-07-14,2025-06-15,13.140625,17.236982345581055,-4.096357345581055,4.096357345581055,31.173230691698873
XGBoost,45,5,5,2025-01-01,2025-06-14,2025-06-15,2025-07-14,2025-06-16,10.5859375,10.93486213684082,-0.3489246368408203,0.3489246368408203,3.2961146505996313
XGBoost,45,5,5,2025-01-01,2025-06-14,2025-06-15,2025-07-14,2025-06-17,10.41796875,11.048748016357422,-0.6307792663574219,0.6307792663574219,6.054724116516685
XGBoost,45,5,5,2025-01-01,2025-06-14,2025-06-15,2025-07-14,2025-06-18,10.4921875,10.799120903015137,-0.3069334030151367,0.3069334030151367,2.9253518679030157
XGBoost,45,5,5,2025-01-01,2025-06-14,2025-06-15,2025-07-14,2025-06-19,15.37890625,10.911347389221191,4.467558860778809,4.467558860778809,29.049912836153798
XGBoost,45,5,5,2025-01-01,2025-06-14,2025-06-15,2025-07-14,2025-06-20,13.1015625,13.265463829040527,-0.16390132904052734,0.16390132904052734,1.2510059700171436
XGBoost,45,5,5,2025-01-01,2025-06-14,2025-06-15,2025-07-14,2025-06-21,13.66796875,17.37868309020996,-3.710714340209961,3.710714340209961,27.14898174031866
XGBoost,45,5,5,2025-01-01,2025-06-14,2025-06-15,2025-07-14,2025-06-22,15.90234375,16.555126190185547,-0.6527824401855469,0.6527824401855469,4.104944846168017
XGBoost,45,5,5,2025-01-01,2025-06-14,2025-06-15,2025-07-14,2025-06-23,11.78515625,11.03212833404541,0.7530279159545898,0.7530279159545898,6.389630311049883
XGBoost,45,5,5,2025-01-01,2025-06-14,2025-06-15,2025-07-14,2025-06-24,11.30078125,11.02945613861084,0.27132511138916016,0.27132511138916016,2.4009411861605603
XGBoost,45,5,5,2025-01-01,2025-06-14,2025-06-15,2025-07-14,2025-06-25,11.765625,11.250080108642578,0.5155448913574219,0.5155448913574219,4.381789249252988
XGBoost,45,5,5,2025-01-01,2025-06-14,2025-06-15,2025-07-14,2025-06-26,10.85546875,10.863951683044434,-0.008482933044433594,0.008482933044433594,0.07814432743342929
XGBoost,45,5,5,2025-01-01,2025-06-14,2025-06-15,2025-07-14,2025-06-27,13.60546875,13.222074508666992,0.3833942413330078,0.3833942413330078,2.8179421700043066
XGBoost,45,5,5,2025-01-01,2025-06-14,2025-06-15,2025-07-14,2025-06-28,15.6328125,17.16008949279785,-1.5272769927978516,1.5272769927978516,9.769687909951275
XGBoost,45,5,5,2025-01-01,2025-06-14,2025-06-15,2025-07-14,2025-06-29,17.41796875,17.238676071166992,0.1792926788330078,0.1792926788330078,1.029354693457053
XGBoost,45,5,5,2025-01-01,2025-06-14,2025-06-15,2025-07-14,2025-06-30,14.37890625,10.308015823364258,4.070890426635742,4.070890426635742,28.31154439605406
XGBoost,45,5,5,2025-01-01,2025-06-14,2025-06-15,2025-07-14,2025-07-01,11.33984375,11.03422737121582,0.3056163787841797,0.3056163787841797,2.695066929684809
XGBoost,45,5,5,2025-01-01,2025-06-14,2025-06-15,2025-07-14,2025-07-02,9.7421875,11.060797691345215,-1.3186101913452148,1.3186101913452148,13.535052485339815
XGBoost,45,5,5,2025-01-01,2025-06-14,2025-06-15,2025-07-14,2025-07-03,13.31640625,11.100666999816895,2.2157392501831055,2.2157392501831055,16.639168320530214
XGBoost,45,5,5,2025-01-01,2025-06-14,2025-06-15,2025-07-14,2025-07-04,13.86328125,13.139937400817871,0.7233438491821289,0.7233438491821289,5.217695840817836
XGBoost,45,5,5,2025-01-01,2025-06-14,2025-06-15,2025-07-14,2025-07-05,14.7578125,17.515268325805664,-2.757455825805664,2.757455825805664,18.684719200800686
XGBoost,45,5,5,2025-01-01,2025-06-14,2025-06-15,2025-07-14,2025-07-06,9.4765625,17.130924224853516,-7.654361724853516,7.654361724853516,80.77150047660759
XGBoost,45,5,5,2025-01-01,2025-06-14,2025-06-15,2025-07-14,2025-07-07,8.96484375,9.930861473083496,-0.9660177230834961,0.9660177230834961,10.775622531998911
XGBoost,45,5,5,2025-01-01,2025-06-14,2025-06-15,2025-07-14,2025-07-08,9.6875,10.800317764282227,-1.1128177642822266,1.1128177642822266,11.48715111517137
XGBoost,45,5,5,2025-01-01,2025-06-14,2025-06-15,2025-07-14,2025-07-09,12.1484375,10.91604995727539,1.2323875427246094,1.2323875427246094,10.144411927250804
XGBoost,45,5,5,2025-01-01,2025-06-14,2025-06-15,2025-07-14,2025-07-10,11.09765625,10.706611633300781,0.39104461669921875,0.39104461669921875,3.5236684926082367
XGBoost,45,5,5,2025-01-01,2025-06-14,2025-06-15,2025-07-14,2025-07-11,12.33203125,13.326351165771484,-0.9943199157714844,0.9943199157714844,8.0629046068261
XGBoost,45,5,5,2025-01-01,2025-06-14,2025-06-15,2025-07-14,2025-07-12,18.7734375,17.746417999267578,1.0270195007324219,1.0270195007324219,5.470599088379109
XGBoost,45,5,5,2025-01-01,2025-06-14,2025-06-15,2025-07-14,2025-07-13,14.00390625,17.116605758666992,-3.112699508666992,3.112699508666992,22.227366086994422
XGBoost,45,5,5,2025-01-01,2025-06-14,2025-06-15,2025-07-14,2025-07-14,9.69921875,10.112762451171875,-0.413543701171875,0.413543701171875,4.263680527587596
XGBoost,45,6,6,2025-01-01,2025-07-14,2025-07-15,2025-08-13,2025-07-15,11.79296875,11.121143341064453,0.6718254089355469,0.6718254089355469,5.696830231450811
XGBoost,45,6,6,2025-01-01,2025-07-14,2025-07-15,2025-08-13,2025-07-16,11.625,11.694270133972168,-0.06927013397216797,0.06927013397216797,0.5958721201906922
XGBoost,45,6,6,2025-01-01,2025-07-14,2025-07-15,2025-08-13,2025-07-17,11.20703125,12.742048263549805,-1.5350170135498047,1.5350170135498047,13.696910263811432
XGBoost,45,6,6,2025-01-01,2025-07-14,2025-07-15,2025-08-13,2025-07-18,12.76953125,15.277377128601074,-2.507845878601074,2.507845878601074,19.63929473606225
XGBoost,45,6,6,2025-01-01,2025-07-14,2025-07-15,2025-08-13,2025-07-19,16.83984375,15.76574993133545,1.0740938186645508,1.0740938186645508,6.37828850795929
XGBoost,45,6,6,2025-01-01,2025-07-14,2025-07-15,2025-08-13,2025-07-20,15.55859375,15.060942649841309,0.4976511001586914,0.4976511001586914,3.1985609249466482
XGBoost,45,6,6,2025-01-01,2025-07-14,2025-07-15,2025-08-13,2025-07-21,10.421875,11.15637493133545,-0.7344999313354492,0.7344999313354492,7.0476755030687785
XGBoost,45,6,6,2025-01-01,2025-07-14,2025-07-15,2025-08-13,2025-07-22,12.03125,11.52733325958252,0.5039167404174805,0.5039167404174805,4.188398881392046
XGBoost,45,6,6,2025-01-01,2025-07-14,2025-07-15,2025-08-13,2025-07-23,12.75390625,11.879714012145996,0.8741922378540039,0.8741922378540039,6.85430973631317
XGBoost,45,6,6,2025-01-01,2025-07-14,2025-07-15,2025-08-13,2025-07-24,10.875,11.555421829223633,-0.6804218292236328,0.6804218292236328,6.2567524526311065
XGBoost,45,6,6,2025-01-01,2025-07-14,2025-07-15,2025-08-13,2025-07-25,12.4609375,13.073135375976562,-0.6121978759765625,0.6121978759765625,4.912935932601881
XGBoost,45,6,6,2025-01-01,2025-07-14,2025-07-15,2025-08-13,2025-07-26,17.00390625,15.508378028869629,1.495528221130371,1.495528221130371,8.79520387340627
XGBoost,45,6,6,2025-01-01,2025-07-14,2025-07-15,2025-08-13,2025-07-27,14.58203125,14.635568618774414,-0.05353736877441406,0.05353736877441406,0.3671461667894455
XGBoost,45,6,6,2025-01-01,2025-07-14,2025-07-15,2025-08-13,2025-07-28,12.27734375,11.553240776062012,0.7241029739379883,0.7241029739379883,5.8978797749960234
XGBoost,45,6,6,2025-01-01,2025-07-14,2025-07-15,2025-08-13,2025-07-29,11.1640625,11.001209259033203,0.16285324096679688,0.16285324096679688,1.458727420836249
XGBoost,45,6,6,2025-01-01,2025-07-14,2025-07-15,2025-08-13,2025-07-30,11.828125,12.456782341003418,-0.628657341003418,0.628657341003418,5.314936568589003
XGBoost,45,6,6,2025-01-01,2025-07-14,2025-07-15,2025-08-13,2025-07-31,12.734375,13.343822479248047,-0.6094474792480469,0.6094474792480469,4.785845235812883
XGBoost,45,6,6,2025-01-01,2025-07-14,2025-07-15,2025-08-13,2025-08-01,14.0546875,14.474400520324707,-0.41971302032470703,0.41971302032470703,2.9862849695143137
XGBoost,45,6,6,2025-01-01,2025-07-14,2025-07-15,2025-08-13,2025-08-02,18.59375,14.62820816040039,3.9655418395996094,3.9655418395996094,21.32728384322479
XGBoost,45,6,6,2025-01-01,2025-07-14,2025-07-15,2025-08-13,2025-08-03,15.4609375,12.451494216918945,3.0094432830810547,3.0094432830810547,19.464817596481808
XGBoost,45,6,6,2025-01-01,2025-07-14,2025-07-15,2025-08-13,2025-08-04,13.875,9.900694847106934,3.9743051528930664,3.9743051528930664,28.64364074157165
XGBoost,45,6,6,2025-01-01,2025-07-14,2025-07-15,2025-08-13,2025-08-05,12.921875,10.849140167236328,2.072734832763672,2.072734832763672,16.040511402282345
XGBoost,45,6,6,2025-01-01,2025-07-14,2025-07-15,2025-08-13,2025-08-06,11.60546875,10.605913162231445,0.9995555877685547,0.9995555877685547,8.612798063572871
XGBoost,45,6,6,2025-01-01,2025-07-14,2025-07-15,2025-08-13,2025-08-07,13.20703125,11.482463836669922,1.7245674133300781,1.7245674133300781,13.057949062777286
XGBoost,45,6,6,2025-01-01,2025-07-14,2025-07-15,2025-08-13,2025-08-08,14.25390625,12.310567855834961,1.943338394165039,1.943338394165039,13.633725100198685
XGBoost,45,6,6,2025-01-01,2025-07-14,2025-07-15,2025-08-13,2025-08-09,16.66015625,15.758696556091309,0.9014596939086914,0.9014596939086914,5.410871785243259
XGBoost,45,6,6,2025-01-01,2025-07-14,2025-07-15,2025-08-13,2025-08-10,12.44921875,14.951669692993164,-2.502450942993164,2.502450942993164,20.101268949050834
XGBoost,45,6,6,2025-01-01,2025-07-14,2025-07-15,2025-08-13,2025-08-11,12.37890625,10.57668685913086,1.8022193908691406,1.8022193908691406,14.558793438387504
XGBoost,45,6,6,2025-01-01,2025-07-14,2025-07-15,2025-08-13,2025-08-12,10.80859375,11.0858154296875,-0.2772216796875,0.2772216796875,2.5648265269244668
XGBoost,45,6,6,2025-01-01,2025-07-14,2025-07-15,2025-08-13,2025-08-13,11.75,11.332479476928711,0.41752052307128906,0.41752052307128906,3.553366153798205
XGBoost,45,7,7,2025-01-01,2025-08-13,2025-08-14,2025-09-12,2025-08-14,11.91796875,12.126455307006836,-0.20848655700683594,0.20848655700683594,1.7493463976974761
XGBoost,45,7,7,2025-01-01,2025-08-13,2025-08-14,2025-09-12,2025-08-15,14.9765625,12.666363716125488,2.3101987838745117,2.3101987838745117,15.42542745623044
XGBoost,45,7,7,2025-01-01,2025-08-13,2025-08-14,2025-09-12,2025-08-16,15.7109375,16.59543228149414,-0.8844947814941406,0.8844947814941406,5.629802686785181
XGBoost,45,7,7,2025-01-01,2025-08-13,2025-08-14,2025-09-12,2025-08-17,17.4296875,16.078310012817383,1.3513774871826172,1.3513774871826172,7.753308756583372
XGBoost,45,7,7,2025-01-01,2025-08-13,2025-08-14,2025-09-12,2025-08-18,13.48046875,12.616796493530273,0.8636722564697266,0.8636722564697266,6.4068414273036804
XGBoost,45,7,7,2025-01-01,2025-08-13,2025-08-14,2025-09-12,2025-08-19,13.83984375,11.982102394104004,1.857741355895996,1.857741355895996,13.423138219288033
XGBoost,45,7,7,2025-01-01,2025-08-13,2025-08-14,2025-09-12,2025-08-20,13.26953125,11.694337844848633,1.5751934051513672,1.5751934051513672,11.870753951096557
XGBoost,45,7,7,2025-01-01,2025-08-13,2025-08-14,2025-09-12,2025-08-21,13.02734375,12.286890983581543,0.740452766418457,0.740452766418457,5.683835328429535
XGBoost,45,7,7,2025-01-01,2025-08-13,2025-08-14,2025-09-12,2025-08-22,16.01953125,13.88035774230957,2.1391735076904297,2.1391735076904297,13.353533722720067
XGBoost,45,7,7,2025-01-01,2025-08-13,2025-08-14,2025-09-12,2025-08-23,26.41015625,17.24791145324707,9.16224479675293,9.16224479675293,34.69212643053912
XGBoost,45,7,7,2025-01-01,2025-08-13,2025-08-14,2025-09-12,2025-08-24,25.89453125,15.377341270446777,10.517189979553223,10.517189979553223,40.61548702316526
XGBoost,45,7,7,2025-01-01,2025-08-13,2025-08-14,2025-09-12,2025-08-25,15.6796875,12.689840316772461,2.989847183227539,2.989847183227539,19.068282982218484
XGBoost,45,7,7,2025-01-01,2025-08-13,2025-08-14,2025-09-12,2025-08-26,12.02734375,11.617997169494629,0.4093465805053711,0.4093465805053711,3.403466210112861
XGBoost,45,7,7,2025-01-01,2025-08-13,2025-08-14,2025-09-12,2025-08-27,11.4609375,11.532875061035156,-0.07193756103515625,0.07193756103515625,0.6276760608384458
XGBoost,45,7,7,2025-01-01,2025-08-13,2025-08-14,2025-09-12,2025-08-28,13.8359375,12.707403182983398,1.1285343170166016,1.1285343170166016,8.156543906161772
XGBoost,45,7,7,2025-01-01,2025-08-13,2025-08-14,2025-09-12,2025-08-29,16.3984375,13.909505844116211,2.488931655883789,2.488931655883789,15.177858597099808
XGBoost,45,7,7,2025-01-01,2025-08-13,2025-08-14,2025-09-12,2025-08-30,20.38671875,17.450294494628906,2.9364242553710938,2.9364242553710938,14.40361389873539
XGBoost,45,7,7,2025-01-01,2025-08-13,2025-08-14,2025-09-12,2025-08-31,19.58203125,16.111652374267578,3.470378875732422,3.470378875732422,17.722261962647117
XGBoost,45,7,7,2025-01-01,2025-08-13,2025-08-14,2025-09-12,2025-09-01,23.41015625,12.964227676391602,10.445928573608398,10.445928573608398,44.621353493137825
XGBoost,45,7,7,2025-01-01,2025-08-13,2025-08-14,2025-09-12,2025-09-02,11.5625,11.683326721191406,-0.12082672119140625,0.12082672119140625,1.0449878589527026
XGBoost,45,7,7,2025-01-01,2025-08-13,2025-08-14,2025-09-12,2025-09-03,13.06640625,11.881752014160156,1.1846542358398438,1.1846542358398438,9.066412088938716
XGBoost,45,7,7,2025-01-01,2025-08-13,2025-08-14,2025-09-12,2025-09-04,11.08984375,12.561322212219238,-1.4714784622192383,1.4714784622192383,13.268703287359104
XGBoost,45,7,7,2025-01-01,2025-08-13,2025-08-14,2025-09-12,2025-09-05,13.89453125,13.597831726074219,0.29669952392578125,0.29669952392578125,2.135369078577453
XGBoost,45,7,7,2025-01-01,2025-08-13,2025-08-14,2025-09-12,2025-09-06,19.28515625,16.705766677856445,2.5793895721435547,2.5793895721435547,13.374999604390316
XGBoost,45,7,7,2025-01-01,2025-08-13,2025-08-14,2025-09-12,2025-09-07,19.7109375,15.944201469421387,3.7667360305786133,3.7667360305786133,19.10987760261841
XGBoost,45,7,7,2025-01-01,2025-08-13,2025-08-14,2025-09-12,2025-09-08,8.5859375,12.446051597595215,-3.860114097595215,3.860114097595215,44.95856273814263
XGBoost,45,7,7,2025-01-01,2025-08-13,2025-08-14,2025-09-12,2025-09-09,11.88671875,11.31203556060791,0.5746831893920898,0.5746831893920898,4.8346663320530725
XGBoost,45,7,7,2025-01-01,2025-08-13,2025-08-14,2025-09-12,2025-09-10,9.19921875,11.40078067779541,-2.20156192779541,2.20156192779541,23.932053227839702
XGBoost,45,7,7,2025-01-01,2025-08-13,2025-08-14,2025-09-12,2025-09-11,12.69921875,12.403584480285645,0.29563426971435547,0.29563426971435547,2.3279721023338973
XGBoost,45,7,7,2025-01-01,2025-08-13,2025-08-14,2025-09-12,2025-09-12,13.2421875,13.57435131072998,-0.33216381072998047,0.33216381072998047,2.50837567984882
XGBoost,45,8,8,2025-01-01,2025-09-12,2025-09-13,2025-10-12,2025-09-13,18.23046875,15.7453031539917,2.485165596008301,2.485165596008301,13.631934702766765
XGBoost,45,8,8,2025-01-01,2025-09-12,2025-09-13,2025-10-12,2025-09-14,15.44140625,15.822293281555176,-0.3808870315551758,0.3808870315551758,2.4666602600082217
XGBoost,45,8,8,2025-01-01,2025-09-12,2025-09-13,2025-10-12,2025-09-15,10.828125,12.201234817504883,-1.3731098175048828,1.3731098175048828,12.68095646757756
XGBoost,45,8,8,2025-01-01,2025-09-12,2025-09-13,2025-10-12,2025-09-16,11.87890625,11.227987289428711,0.6509189605712891,0.6509189605712891,5.4796203191795465
XGBoost,45,8,8,2025-01-01,2025-09-12,2025-09-13,2025-10-12,2025-09-17,9.30859375,11.614974975585938,-2.3063812255859375,2.3063812255859375,24.77690280109106
XGBoost,45,8,8,2025-01-01,2025-09-12,2025-09-13,2025-10-12,2025-09-18,12.50390625,11.31363582611084,1.1902704238891602,1.1902704238891602,9.519188644661824
XGBoost,45,8,8,2025-01-01,2025-09-12,2025-09-13,2025-10-12,2025-09-19,16.0859375,13.356072425842285,2.729865074157715,2.729865074157715,16.9705065319178
XGBoost,45,8,8,2025-01-01,2025-09-12,2025-09-13,2025-10-12,2025-09-20,18.859375,15.683059692382812,3.1763153076171875,3.1763153076171875,16.842102708160727
XGBoost,45,8,8,2025-01-01,2025-09-12,2025-09-13,2025-10-12,2025-09-21,18.55859375,15.324417114257812,3.2341766357421875,3.2341766357421875,17.42684105977689
XGBoost,45,8,8,2025-01-01,2025-09-12,2025-09-13,2025-10-12,2025-09-22,10.22265625,11.816397666931152,-1.5937414169311523,1.5937414169311523,15.590286692180932
XGBoost,45,8,8,2025-01-01,2025-09-12,2025-09-13,2025-10-12,2025-09-23,9.7109375,12.183916091918945,-2.4729785919189453,2.4729785919189453,25.46590987655873
XGBoost,45,8,8,2025-01-01,2025-09-12,2025-09-13,2025-10-12,2025-09-24,9.390625,11.49092960357666,-2.10030460357666,2.10030460357666,22.365972484011024
XGBoost,45,8,8,2025-01-01,2025-09-12,2025-09-13,2025-10-12,2025-09-25,9.78515625,13.070788383483887,-3.2856321334838867,3.2856321334838867,33.5777176116517
XGBoost,45,8,8,2025-01-01,2025-09-12,2025-09-13,2025-10-12,2025-09-26,15.32421875,14.456924438476562,0.8672943115234375,0.8672943115234375,5.659631500127453
XGBoost,45,8,8,2025-01-01,2025-09-12,2025-09-13,2025-10-12,2025-09-27,18.71484375,16.2074031829834,2.5074405670166016,2.5074405670166016,13.398137865920475
XGBoost,45,8,8,2025-01-01,2025-09-12,2025-09-13,2025-10-12,2025-09-28,17.06640625,13.862970352172852,3.2034358978271484,3.2034358978271484,18.770418627689402
XGBoost,45,8,8,2025-01-01,2025-09-12,2025-09-13,2025-10-12,2025-09-29,11.71484375,13.28079891204834,-1.5659551620483398,1.5659551620483398,13.36727314052601
XGBoost,45,8,8,2025-01-01,2025-09-12,2025-09-13,2025-10-12,2025-09-30,11.19140625,13.254522323608398,-2.0631160736083984,2.0631160736083984,18.434824252835952
XGBoost,45,8,8,2025-01-01,2025-09-12,2025-09-13,2025-10-12,2025-10-01,9.77734375,13.247980117797852,-3.4706363677978516,3.4706363677978516,35.49672034183979
XGBoost,45,8,8,2025-01-01,2025-09-12,2025-09-13,2025-10-12,2025-10-02,10.85546875,13.26074504852295,-2.405276298522949,2.405276298522949,22.157277165234795
XGBoost,45,8,8,2025-01-01,2025-09-12,2025-09-13,2025-10-12,2025-10-03,14.015625,14.545966148376465,-0.5303411483764648,0.5303411483764648,3.7839279259859255
XGBoost,45,8,8,2025-01-01,2025-09-12,2025-09-13,2025-10-12,2025-10-04,20.60546875,14.613056182861328,5.992412567138672,5.992412567138672,29.081660989336495
XGBoost,45,8,8,2025-01-01,2025-09-12,2025-09-13,2025-10-12,2025-10-05,18.5234375,14.55014705657959,3.97329044342041,3.97329044342041,21.450070719435367
XGBoost,45,8,8,2025-01-01,2025-09-12,2025-09-13,2025-10-12,2025-10-06,10.6640625,12.152719497680664,-1.488656997680664,1.488656997680664,13.959567450778387
XGBoost,45,8,8,2025-01-01,2025-09-12,2025-09-13,2025-10-12,2025-10-07,11.9296875,11.805244445800781,0.12444305419921875,0.12444305419921875,1.043137585952849
XGBoost,45,8,8,2025-01-01,2025-09-12,2025-09-13,2025-10-12,2025-10-08,12.04296875,11.523277282714844,0.5196914672851562,0.5196914672851562,4.315310270029192
XGBoost,45,8,8,2025-01-01,2025-09-12,2025-09-13,2025-10-12,2025-10-09,12.76171875,12.164473533630371,0.5972452163696289,0.5972452163696289,4.679974759431436
XGBoost,45,8,8,2025-01-01,2025-09-12,2025-09-13,2025-10-12,2025-10-10,15.87890625,14.092802047729492,1.7861042022705078,1.7861042022705078,11.248282307041821
XGBoost,45,8,8,2025-01-01,2025-09-12,2025-09-13,2025-10-12,2025-10-11,21.76171875,17.62557601928711,4.136142730712891,4.136142730712891,19.00650761196374
XGBoost,45,8,8,2025-01-01,2025-09-12,2025-09-13,2025-10-12,2025-10-12,16.6328125,15.87023639678955,0.7625761032104492,0.7625761032104492,4.584769432171795
XGBoost,45,9,9,2025-01-01,2025-10-12,2025-10-13,2025-11-11,2025-10-13,11.2578125,11.925176620483398,-0.6673641204833984,0.6673641204833984,5.928008842600625
XGBoost,45,9,9,2025-01-01,2025-10-12,2025-10-13,2025-11-11,2025-10-14,11.03515625,11.80760669708252,-0.7724504470825195,0.7724504470825195,6.999904936393805
XGBoost,45,9,9,2025-01-01,2025-10-12,2025-10-13,2025-11-11,2025-10-15,10.23828125,12.089043617248535,-1.8507623672485352,1.8507623672485352,18.07688538785292
XGBoost,45,9,9,2025-01-01,2025-10-12,2025-10-13,2025-11-11,2025-10-16,13.40625,12.797663688659668,0.608586311340332,0.608586311340332,4.539571553121357
XGBoost,45,9,9,2025-01-01,2025-10-12,2025-10-13,2025-11-11,2025-10-17,17.51171875,16.506704330444336,1.005014419555664,1.005014419555664,5.7390963954104395
XGBoost,45,9,9,2025-01-01,2025-10-12,2025-10-13,2025-11-11,2025-10-18,18.5390625,20.96019172668457,-2.4211292266845703,2.4211292266845703,13.059609819453225
XGBoost,45,9,9,2025-01-01,2025-10-12,2025-10-13,2025-11-11,2025-10-19,15.17578125,20.597869873046875,-5.422088623046875,5.422088623046875,35.728563384813384
XGBoost,45,9,9,2025-01-01,2025-10-12,2025-10-13,2025-11-11,2025-10-20,10.79296875,11.740609169006348,-0.9476404190063477,0.9476404190063477,8.780164577112739
XGBoost,45,9,9,2025-01-01,2025-10-12,2025-10-13,2025-11-11,2025-10-21,13.44921875,12.030097007751465,1.4191217422485352,1.4191217422485352,10.551703921452948
XGBoost,45,9,9,2025-01-01,2025-10-12,2025-10-13,2025-11-11,2025-10-22,11.66796875,11.986204147338867,-0.3182353973388672,0.3182353973388672,2.727427576791095
XGBoost,45,9,9,2025-01-01,2025-10-12,2025-10-13,2025-11-11,2025-10-23,12.23828125,12.620560646057129,-0.3822793960571289,0.3822793960571289,3.123636303562879
XGBoost,45,9,9,2025-01-01,2025-10-12,2025-10-13,2025-11-11,2025-10-24,14.52734375,15.45199203491211,-0.9246482849121094,0.9246482849121094,6.364881982723851
XGBoost,45,9,9,2025-01-01,2025-10-12,2025-10-13,2025-11-11,2025-10-25,19.265625,20.604482650756836,-1.338857650756836,1.338857650756836,6.949463880651866
XGBoost,45,9,9,2025-01-01,2025-10-12,2025-10-13,2025-11-11,2025-10-26,19.89453125,18.476375579833984,1.4181556701660156,1.4181556701660156,7.128369361132927
XGBoost,45,9,9,2025-01-01,2025-10-12,2025-10-13,2025-11-11,2025-10-27,9.4921875,12.104818344116211,-2.612630844116211,2.612630844116211,27.524012184927983
XGBoost,45,9,9,2025-01-01,2025-10-12,2025-10-13,2025-11-11,2025-10-28,12.7578125,11.990400314331055,0.7674121856689453,0.7674121856689453,6.015233298568585
XGBoost,45,9,9,2025-01-01,2025-10-12,2025-10-13,2025-11-11,2025-10-29,9.73828125,13.210997581481934,-3.4727163314819336,3.4727163314819336,35.6604645350732
XGBoost,45,9,9,2025-01-01,2025-10-12,2025-10-13,2025-11-11,2025-10-30,9.109375,13.657544136047363,-4.548169136047363,4.548169136047363,49.928443345974486
XGBoost,45,9,9,2025-01-01,2025-10-12,2025-10-13,2025-11-11,2025-10-31,13.49609375,17.31977081298828,-3.8236770629882812,3.8236770629882812,28.331731638929085
XGBoost,45,9,9,2025-01-01,2025-10-12,2025-10-13,2025-11-11,2025-11-01,21.05078125,21.437763214111328,-0.3869819641113281,0.3869819641113281,1.8383259011412134
XGBoost,45,9,9,2025-01-01,2025-10-12,2025-10-13,2025-11-11,2025-11-02,19.015625,17.221267700195312,1.7943572998046875,1.7943572998046875,9.43622573438784
XGBoost,45,9,9,2025-01-01,2025-10-12,2025-10-13,2025-11-11,2025-11-03,12.2890625,11.991474151611328,0.2975883483886719,0.2975883483886719,2.4215707942625557
XGBoost,45,9,9,2025-01-01,2025-10-12,2025-10-13,2025-11-11,2025-11-04,15.23046875,11.702004432678223,3.5284643173217773,3.5284643173217773,23.167141965487943
XGBoost,45,9,9,2025-01-01,2025-10-12,2025-10-13,2025-11-11,2025-11-05,10.9765625,12.106537818908691,-1.1299753189086914,1.1299753189086914,10.294437069061388
XGBoost,45,9,9,2025-01-01,2025-10-12,2025-10-13,2025-11-11,2025-11-06,12.0625,12.4966402053833,-0.4341402053833008,0.4341402053833008,3.599089785561043
XGBoost,45,9,9,2025-01-01,2025-10-12,2025-10-13,2025-11-11,2025-11-07,13.328125,15.712599754333496,-2.384474754333496,2.384474754333496,17.890549153264214
XGBoost,45,9,9,2025-01-01,2025-10-12,2025-10-13,2025-11-11,2025-11-08,19.1171875,21.24565887451172,-2.1284713745117188,2.1284713745117188,11.133810214037597
XGBoost,45,9,9,2025-01-01,2025-10-12,2025-10-13,2025-11-11,2025-11-09,17.85546875,20.627676010131836,-2.772207260131836,2.772207260131836,15.52581620200722
XGBoost,45,9,9,2025-01-01,2025-10-12,2025-10-13,2025-11-11,2025-11-10,11.03515625,11.367841720581055,-0.3326854705810547,0.3326854705810547,3.0147780696902657
XGBoost,45,9,9,2025-01-01,2025-10-12,2025-10-13,2025-11-11,2025-11-11,10.47265625,11.771967887878418,-1.299311637878418,1.299311637878418,12.40670568059959
XGBoost,45,10,10,2025-01-01,2025-10-13,2025-10-14,2025-11-12,2025-10-14,11.03515625,11.719945907592773,-0.6847896575927734,0.6847896575927734,6.2055275165929205
XGBoost,45,10,10,2025-01-01,2025-10-13,2025-10-14,2025-11-12,2025-10-15,10.23828125,12.0176420211792,-1.7793607711791992,1.7793607711791992,17.379487120254673
XGBoost,45,10,10,2025-01-01,2025-10-13,2025-10-14,2025-11-12,2025-10-16,13.40625,12.693658828735352,0.7125911712646484,0.7125911712646484,5.315365380062645
XGBoost,45,10,10,2025-01-01,2025-10-13,2025-10-14,2025-11-12,2025-10-17,17.51171875,15.724925994873047,1.7867927551269531,1.7867927551269531,10.20341167326567
XGBoost,45,10,10,2025-01-01,2025-10-13,2025-10-14,2025-11-12,2025-10-18,18.5390625,20.21852684020996,-1.679464340209961,1.679464340209961,9.059057545169615
XGBoost,45,10,10,2025-01-01,2025-10-13,2025-10-14,2025-11-12,2025-10-19,15.17578125,19.946266174316406,-4.770484924316406,4.770484924316406,31.434855614543117
XGBoost,45,10,10,2025-01-01,2025-10-13,2025-10-14,2025-11-12,2025-10-20,10.79296875,11.417445182800293,-0.624476432800293,0.624476432800293,5.78595609109211
XGBoost,45,10,10,2025-01-01,2025-10-13,2025-10-14,2025-11-12,2025-10-21,13.44921875,11.64065170288086,1.8085670471191406,1.8085670471191406,13.447376243465001
XGBoost,45,10,10,2025-01-01,2025-10-13,2025-10-14,2025-11-12,2025-10-22,11.66796875,12.013571739196777,-0.34560298919677734,0.34560298919677734,2.9619807577628054
XGBoost,45,10,10,2025-01-01,2025-10-13,2025-10-14,2025-11-12,2025-10-23,12.23828125,12.828168869018555,-0.5898876190185547,0.5898876190185547,4.820020123483881
XGBoost,45,10,10,2025-01-01,2025-10-13,2025-10-14,2025-11-12,2025-10-24,14.52734375,15.857499122619629,-1.330155372619629,1.330155372619629,9.156218752100699
XGBoost,45,10,10,2025-01-01,2025-10-13,2025-10-14,2025-11-12,2025-10-25,19.265625,20.905723571777344,-1.6400985717773438,1.6400985717773438,8.513082611009732
XGBoost,45,10,10,2025-01-01,2025-10-13,2025-10-14,2025-11-12,2025-10-26,19.89453125,18.672300338745117,1.2222309112548828,1.2222309112548828,6.143552194801689
XGBoost,45,10,10,2025-01-01,2025-10-13,2025-10-14,2025-11-12,2025-10-27,9.4921875,11.859703063964844,-2.3675155639648438,2.3675155639648438,24.941727752057613
XGBoost,45,10,10,2025-01-01,2025-10-13,2025-10-14,2025-11-12,2025-10-28,12.7578125,11.841768264770508,0.9160442352294922,0.9160442352294922,7.180260998736987
XGBoost,45,10,10,2025-01-01,2025-10-13,2025-10-14,2025-11-12,2025-10-29,9.73828125,12.705828666687012,-2.9675474166870117,2.9675474166870117,30.473009974804455
XGBoost,45,10,10,2025-01-01,2025-10-13,2025-10-14,2025-11-12,2025-10-30,9.109375,13.723405838012695,-4.614030838012695,4.614030838012695,50.65145345331261
XGBoost,45,10,10,2025-01-01,2025-10-13,2025-10-14,2025-11-12,2025-10-31,13.49609375,17.08171844482422,-3.5856246948242188,3.5856246948242188,26.567870387120117
XGBoost,45,10,10,2025-01-01,2025-10-13,2025-10-14,2025-11-12,2025-11-01,21.05078125,21.12542152404785,-0.07464027404785156,0.07464027404785156,0.35457246532287995
XGBoost,45,10,10,2025-01-01,2025-10-13,2025-10-14,2025-11-12,2025-11-02,19.015625,19.133527755737305,-0.11790275573730469,0.11790275573730469,0.620030925816557
XGBoost,45,10,10,2025-01-01,2025-10-13,2025-10-14,2025-11-12,2025-11-03,12.2890625,11.753841400146484,0.5352210998535156,0.5352210998535156,4.355263876748252
XGBoost,45,10,10,2025-01-01,2025-10-13,2025-10-14,2025-11-12,2025-11-04,15.23046875,11.506906509399414,3.723562240600586,3.723562240600586,24.448113198095665
XGBoost,45,10,10,2025-01-01,2025-10-13,2025-10-14,2025-11-12,2025-11-05,10.9765625,11.647908210754395,-0.6713457107543945,0.6713457107543945,6.116174446730427
XGBoost,45,10,10,2025-01-01,2025-10-13,2025-10-14,2025-11-12,2025-11-06,12.0625,12.38511848449707,-0.3226184844970703,0.3226184844970703,2.674557384431671
XGBoost,45,10,10,2025-01-01,2025-10-13,2025-10-14,2025-11-12,2025-11-07,13.328125,15.255719184875488,-1.9275941848754883,1.9275941848754883,14.462605841973183
XGBoost,45,10,10,2025-01-01,2025-10-13,2025-10-14,2025-11-12,2025-11-08,19.1171875,20.784717559814453,-1.6675300598144531,1.6675300598144531,8.722674607938293
XGBoost,45,10,10,2025-01-01,2025-10-13,2025-10-14,2025-11-12,2025-11-09,17.85546875,19.163625717163086,-1.308156967163086,1.308156967163086,7.32636586291293
XGBoost,45,10,10,2025-01-01,2025-10-13,2025-10-14,2025-11-12,2025-11-10,11.03515625,11.436445236206055,-0.4012889862060547,0.4012889862060547,3.636459485619469
XGBoost,45,10,10,2025-01-01,2025-10-13,2025-10-14,2025-11-12,2025-11-11,10.47265625,11.792525291442871,-1.319869041442871,1.319869041442871,12.603001663908056
XGBoost,45,10,10,2025-01-01,2025-10-13,2025-10-14,2025-11-12,2025-11-12,9.6953125,11.946634292602539,-2.251321792602539,2.251321792602539,23.22072437172643
LinearRegression,45,1,1,2025-01-01,2025-02-14,2025-02-15,2025-03-16,2025-02-15,13.20703125,15.810897940886598,-2.6038666908865977,2.6038666908865977,19.715760806476457
LinearRegression,45,1,1,2025-01-01,2025-02-14,2025-02-15,2025-03-16,2025-02-16,13.00390625,19.33547557536184,-6.331569325361841,6.331569325361841,48.689749092599314
LinearRegression,45,1,1,2025-01-01,2025-02-14,2025-02-15,2025-03-16,2025-02-17,9.2421875,6.79636973061092,2.4458177693890804,2.4458177693890804,26.463624216551334
LinearRegression,45,1,1,2025-01-01,2025-02-14,2025-02-15,2025-03-16,2025-02-18,9.37890625,8.061429884159665,1.317476365840335,1.317476365840335,14.047228223870295
LinearRegression,45,1,1,2025-01-01,2025-02-14,2025-02-15,2025-03-16,2025-02-19,9.0703125,7.237908013254227,1.832404486745773,1.832404486745773,20.202220008911194
LinearRegression,45,1,1,2025-01-01,2025-02-14,2025-02-15,2025-03-16,2025-02-20,10.89453125,10.76602107227012,0.12851017772987916,0.12851017772987916,1.1795842774775571
LinearRegression,45,1,1,2025-01-01,2025-02-14,2025-02-15,2025-03-16,2025-02-21,10.4609375,13.472194860452241,-3.011257360452241,3.011257360452241,28.78573130230671
LinearRegression,45,1,1,2025-01-01,2025-02-14,2025-02-15,2025-03-16,2025-02-22,17.296875,17.14653682903522,0.15033817096477975,0.15033817096477975,0.8691637707087538
LinearRegression,45,1,1,2025-01-01,2025-02-14,2025-02-15,2025-03-16,2025-02-23,19.20703125,18.123449985385953,1.0835812646140468,1.0835812646140468,5.641586409216921
LinearRegression,45,1,1,2025-01-01,2025-02-14,2025-02-15,2025-03-16,2025-02-24,8.99609375,7.351969864765607,1.644123885234393,1.644123885234393,18.275975450282438
LinearRegression,45,1,1,2025-01-01,2025-02-14,2025-02-15,2025-03-16,2025-02-25,10.953125,7.757705155927226,3.1954198440727737,3.1954198440727737,29.17359058782561
LinearRegression,45,1,1,2025-01-01,2025-02-14,2025-02-15,2025-03-16,2025-02-26,9.31640625,6.1870990349003705,3.1293072150996295,3.1293072150996295,33.58920952056626
LinearRegression,45,1,1,2025-01-01,2025-02-14,2025-02-15,2025-03-16,2025-02-27,11.63671875,9.389808277377057,2.246910472622943,2.246910472622943,19.30879761636366
LinearRegression,45,1,1,2025-01-01,2025-02-14,2025-02-15,2025-03-16,2025-02-28,14.5390625,12.102428344065373,2.4366341559346267,2.4366341559346267,16.75922471572446
LinearRegression,45,1,1,2025-01-01,2025-02-14,2025-02-15,2025-03-16,2025-03-01,15.1796875,17.282894601222317,-2.103207101222317,2.103207101222317,13.8554044753709
LinearRegression,45,1,1,2025-01-01,2025-02-14,2025-02-15,2025-03-16,2025-03-02,12.4921875,17.352227538341175,-4.860040038341175,4.860040038341175,38.90463570404443
LinearRegression,45,1,1,2025-01-01,2025-02-14,2025-02-15,2025-03-16,2025-03-03,8.95703125,8.84758178012882,0.10944946987117987,0.10944946987117987,1.221939131575318
LinearRegression,45,1,1,2025-01-01,2025-02-14,2025-02-15,2025-03-16,2025-03-04,11.60546875,8.685125246487246,2.920343503512754,2.920343503512754,25.163511844472065
LinearRegression,45,1,1,2025-01-01,2025-02-14,2025-02-15,2025-03-16,2025-03-05,8.8046875,6.416405902823556,2.3882815971764444,2.3882815971764444,27.12511485701729
LinearRegression,45,1,1,2025-01-01,2025-02-14,2025-02-15,2025-03-16,2025-03-06,7.66015625,8.756394445436811,-1.0962381954368112,1.0962381954368112,14.31091167933828
LinearRegression,45,1,1,2025-01-01,2025-02-14,2025-02-15,2025-03-16,2025-03-07,12.19140625,10.546856074433848,1.6445501755661525,1.6445501755661525,13.489421497755046
LinearRegression,45,1,1,2025-01-01,2025-02-14,2025-02-15,2025-03-16,2025-03-08,17.12109375,17.2793211200392,-0.1582273700391994,0.1582273700391994,0.9241662498296839
LinearRegression,45,1,1,2025-01-01,2025-02-14,2025-02-15,2025-03-16,2025-03-09,14.265625,17.053262027257368,-2.787637027257368,2.787637027257368,19.540938635758113
LinearRegression,45,1,1,2025-01-01,2025-02-14,2025-02-15,2025-03-16,2025-03-10,9.5625,9.445480230162858,0.11701976983714246,0.11701976983714246,1.2237361551596597
LinearRegression,45,1,1,2025-01-01,2025-02-14,2025-02-15,2025-03-16,2025-03-11,11.87109375,9.707300505546499,2.163793244453501,2.163793244453501,18.227412654823834
LinearRegression,45,1,1,2025-01-01,2025-02-14,2025-02-15,2025-03-16,2025-03-12,12.1171875,7.422845422740309,4.694342077259691,4.694342077259691,38.741185421614475
LinearRegression,45,1,1,2025-01-01,2025-02-14,2025-02-15,2025-03-16,2025-03-13,12.9140625,9.426786850118077,3.487275649881923,3.487275649881923,27.003707391705152
LinearRegression,45,1,1,2025-01-01,2025-02-14,2025-02-15,2025-03-16,2025-03-14,18.45703125,9.814781140812684,8.642250109187316,8.642250109187316,46.82361963919477
LinearRegression,45,1,1,2025-01-01,2025-02-14,2025-02-15,2025-03-16,2025-03-15,18.71484375,16.637206549204734,2.077637200795266,2.077637200795266,11.101547138459363
LinearRegression,45,1,1,2025-01-01,2025-02-14,2025-02-15,2025-03-16,2025-03-16,20.37109375,16.985624882466034,3.385468867533966,3.385468867533966,16.61898427782733
LinearRegression,45,2,2,2025-01-01,2025-03-16,2025-03-17,2025-04-15,2025-03-17,11.1328125,13.856966362718698,-2.7241538627186976,2.7241538627186976,24.46959259143813
LinearRegression,45,2,2,2025-01-01,2025-03-16,2025-03-17,2025-04-15,2025-03-18,15.32421875,19.314523021195345,-3.9903042711953454,3.9903042711953454,26.039201973642832
LinearRegression,45,2,2,2025-01-01,2025-03-16,2025-03-17,2025-04-15,2025-03-19,11.4296875,22.138365117694736,-10.708677617694736,10.708677617694736,93.6917795669806
LinearRegression,45,2,2,2025-01-01,2025-03-16,2025-03-17,2025-04-15,2025-03-20,11.41796875,29.355591812313847,-17.937623062313847,17.937623062313847,157.09994881807543
LinearRegression,45,2,2,2025-01-01,2025-03-16,2025-03-17,2025-04-15,2025-03-21,17.328125,44.44930626286042,-27.121181262860418,27.121181262860418,156.51538330235047
LinearRegression,45,2,2,2025-01-01,2025-03-16,2025-03-17,2025-04-15,2025-03-22,19.71875,68.68383816702034,-48.96508816702034,48.96508816702034,248.31740433354216
LinearRegression,45,2,2,2025-01-01,2025-03-16,2025-03-17,2025-04-15,2025-03-23,18.00390625,123.31470742993788,-105.31080117993788,105.31080117993788,584.9330679553938
LinearRegression,45,2,2,2025-01-01,2025-03-16,2025-03-17,2025-04-15,2025-03-24,9.1953125,257.1822324209739,-247.9869199209739,247.9869199209739,2696.884090899291
LinearRegression,45,2,2,2025-01-01,2025-03-16,2025-03-17,2025-04-15,2025-03-25,12.94140625,663.2417600583392,-650.3003538083392,650.3003538083392,5024.958966946418
LinearRegression,45,2,2,2025-01-01,2025-03-16,2025-03-17,2025-04-15,2025-03-26,13.65234375,1820.5487766820386,-1806.8964329320386,1806.8964329320386,13235.06400087559
LinearRegression,45,2,2,2025-01-01,2025-03-16,2025-03-17,2025-04-15,2025-03-27,14.77734375,5172.37539193806,-5157.59804818806,5157.59804818806,34902.06450796044
LinearRegression,45,2,2,2025-01-01,2025-03-16,2025-03-17,2025-04-15,2025-03-28,15.93359375,14838.930586867391,-14822.996993117391,14822.996993117391,93029.84138852789
LinearRegression,45,2,2,2025-01-01,2025-03-16,2025-03-17,2025-04-15,2025-03-29,21.890625,42707.85022516119,-42685.95960016119,42685.95960016119,194996.53207782414
LinearRegression,45,2,2,2025-01-01,2025-03-16,2025-03-17,2025-04-15,2025-03-30,19.109375,123087.80933931818,-123068.69996431818,123068.69996431818,644022.6326832677
LinearRegression,45,2,2,2025-01-01,2025-03-16,2025-03-17,2025-04-15,2025-03-31,11.83203125,354970.38006909046,-354958.54803784046,354958.54803784046,2999979.805139886
LinearRegression,45,2,2,2025-01-01,2025-03-16,2025-03-17,2025-04-15,2025-04-01,11.05859375,1024016.944468986,-1024005.885875236,1024005.885875236,9259820.091277301
LinearRegression,45,2,2,2025-01-01,2025-03-16,2025-03-17,2025-04-15,2025-04-02,12.88671875,2954310.2813702263,-2954297.3946514763,2954297.3946514763,22925132.8593749
LinearRegression,45,2,2,2025-01-01,2025-03-16,2025-03-17,2025-04-15,2025-04-03,15.1796875,8523534.88086391,-8523519.70117641,8523519.70117641,56150824.588295445
LinearRegression,45,2,2,2025-01-01,2025-03-16,2025-03-17,2025-04-15,2025-04-04,15.9609375,24591622.68109075,-24591606.72015325,24591606.72015325,154073698.49141535
LinearRegression,45,2,2,2025-01-01,2025-03-16,2025-03-17,2025-04-15,2025-04-05,22.37890625,70950593.46277186,-70950571.08386561,70950571.08386561,317042174.8554651
LinearRegression,45,2,2,2025-01-01,2025-03-16,2025-03-17,2025-04-15,2025-04-06,18.0703125,204703590.77370262,-204703572.70339012,204703572.70339012,1132817004.1519213
LinearRegression,45,2,2,2025-01-01,2025-03-16,2025-03-17,2025-04-15,2025-04-07,10.953125,590602315.8919455,-590602304.9388205,590602304.9388205,5392089517.273111
LinearRegression,45,2,2,2025-01-01,2025-03-16,2025-03-17,2025-04-15,2025-04-08,12.00390625,1703981764.095819,-1703981752.0919127,1703981752.0919127,14195227091.946947
LinearRegression,45,2,2,2025-01-01,2025-03-16,2025-03-17,2025-04-15,2025-04-09,12.2734375,4916259137.265277,-4916259124.991839,4916259124.991839,40056089624.37654
LinearRegression,45,2,2,2025-01-01,2025-03-16,2025-03-17,2025-04-15,2025-04-10,11.3203125,14184192012.833323,-14184192001.51301,14184192001.51301,125298590489.55594
LinearRegression,45,2,2,2025-01-01,2025-03-16,2025-03-17,2025-04-15,2025-04-11,16.63671875,40923657366.126816,-40923657349.4901,40923657349.4901,245983946500.80923
LinearRegression,45,2,2,2025-01-01,2025-03-16,2025-03-17,2025-04-15,2025-04-12,23.734375,118071282145.695,-118071282121.96063,118071282121.96063,497469523094.5017
LinearRegression,45,2,2,2025-01-01,2025-03-16,2025-03-17,2025-04-15,2025-04-13,25.21484375,340654491346.75476,-340654491321.5399,340654491321.5399,1351007742499.0583
LinearRegression,45,2,2,2025-01-01,2025-03-16,2025-03-17,2025-04-15,2025-04-14,14.3359375,982842571220.2552,-982842571205.9193,982842571205.9193,6855795592063.088
LinearRegression,45,2,2,2025-01-01,2025-03-16,2025-03-17,2025-04-15,2025-04-15,10.921875,2835657666405.347,-2835657666394.4253,2835657666394.4253,25963103097173.566
LinearRegression,45,3,3,2025-01-01,2025-04-15,2025-04-16,2025-05-15,2025-04-16,13.640625,12.62005615234375,1.02056884765625,1.02056884765625,7.481833476517755
LinearRegression,45,3,3,2025-01-01,2025-04-15,2025-04-16,2025-05-15,2025-04-17,15.99609375,13.73211669921875,2.26397705078125,2.26397705078125,14.153311965811966
LinearRegression,45,3,3,2025-01-01,2025-04-15,2025-04-16,2025-05-15,2025-04-18,20.17578125,15.32611083984375,4.84967041015625,4.84967041015625,24.03708857696031
LinearRegression,45,3,3,2025-01-01,2025-04-15,2025-04-16,2025-05-15,2025-04-19,22.23046875,21.36181640625,0.86865234375,0.86865234375,3.907485503426463
LinearRegression,45,3,3,2025-01-01,2025-04-15,2025-04-16,2025-05-15,2025-04-20,11.9765625,20.5987548828125,-8.6221923828125,8.6221923828125,71.99221298108284
LinearRegression,45,3,3,2025-01-01,2025-04-15,2025-04-16,2025-05-15,2025-04-21,13.4609375,11.7496337890625,1.7113037109375,1.7113037109375,12.713109402205456
LinearRegression,45,3,3,2025-01-01,2025-04-15,2025-04-16,2025-05-15,2025-04-22,11.8984375,12.0733642578125,-0.1749267578125,0.1749267578125,1.4701657912015758
LinearRegression,45,3,3,2025-01-01,2025-04-15,2025-04-16,2025-05-15,2025-04-23,16.4921875,12.6304931640625,3.8616943359375,3.8616943359375,23.41529488394126
LinearRegression,45,3,3,2025-01-01,2025-04-15,2025-04-16,2025-05-15,2025-04-24,15.3671875,13.08013916015625,2.28704833984375,2.28704833984375,14.882673487544483
LinearRegression,45,3,3,2025-01-01,2025-04-15,2025-04-16,2025-05-15,2025-04-25,15.66015625,15.88140869140625,-0.22125244140625,0.22125244140625,1.412836742329758
LinearRegression,45,3,3,2025-01-01,2025-04-15,2025-04-16,2025-05-15,2025-04-26,21.859375,21.87066650390625,-0.01129150390625,0.01129150390625,0.051655200142959254
LinearRegression,45,3,3,2025-01-01,2025-04-15,2025-04-16,2025-05-15,2025-04-27,20.3125,23.03790283203125,-2.72540283203125,2.72540283203125,13.417367788461537
LinearRegression,45,3,3,2025-01-01,2025-04-15,2025-04-16,2025-05-15,2025-04-28,14.96875,14.30096435546875,0.66778564453125,0.66778564453125,4.461198460334029
LinearRegression,45,3,3,2025-01-01,2025-04-15,2025-04-16,2025-05-15,2025-04-29,15.859375,13.33575439453125,2.52362060546875,2.52362060546875,15.912484605911331
LinearRegression,45,3,3,2025-01-01,2025-04-15,2025-04-16,2025-05-15,2025-04-30,28.22265625,14.32611083984375,13.89654541015625,13.89654541015625,49.23897058823529
LinearRegression,45,3,3,2025-01-01,2025-04-15,2025-04-16,2025-05-15,2025-05-01,21.9921875,14.1448974609375,7.8472900390625,7.8472900390625,35.68217140319716
LinearRegression,45,3,3,2025-01-01,2025-04-15,2025-04-16,2025-05-15,2025-05-02,20.91796875,15.61083984375,5.30712890625,5.30712890625,25.371148459383754
LinearRegression,45,3,3,2025-01-01,2025-04-15,2025-04-16,2025-05-15,2025-05-03,20.4921875,21.22039794921875,-0.72821044921875,0.72821044921875,3.553600362180709
LinearRegression,45,3,3,2025-01-01,2025-04-15,2025-04-16,2025-05-15,2025-05-04,16.3203125,21.59930419921875,-5.27899169921875,5.27899169921875,32.346143489708
LinearRegression,45,3,3,2025-01-01,2025-04-15,2025-04-16,2025-05-15,2025-05-05,14.921875,12.80633544921875,2.11553955078125,2.11553955078125,14.17743782722513
LinearRegression,45,3,3,2025-01-01,2025-04-15,2025-04-16,2025-05-15,2025-05-06,10.0546875,13.33026123046875,-3.27557373046875,3.27557373046875,32.57757867132867
LinearRegression,45,3,3,2025-01-01,2025-04-15,2025-04-16,2025-05-15,2025-05-07,10.64453125,14.04095458984375,-3.39642333984375,3.39642333984375,31.90768348623853
LinearRegression,45,3,3,2025-01-01,2025-04-15,2025-04-16,2025-05-15,2025-05-08,16.6484375,14.84808349609375,1.80035400390625,1.80035400390625,10.813951783200375
LinearRegression,45,3,3,2025-01-01,2025-04-15,2025-04-16,2025-05-15,2025-05-09,14.73828125,16.583251953125,-1.844970703125,1.844970703125,12.518221574344023
LinearRegression,45,3,3,2025-01-01,2025-04-15,2025-04-16,2025-05-15,2025-05-10,22.3515625,22.04986572265625,0.30169677734375,0.30169677734375,1.3497793603635093
LinearRegression,45,3,3,2025-01-01,2025-04-15,2025-04-16,2025-05-15,2025-05-11,21.41015625,22.9383544921875,-1.5281982421875,1.5281982421875,7.137725779967159
LinearRegression,45,3,3,2025-01-01,2025-04-15,2025-04-16,2025-05-15,2025-05-12,13.95703125,14.441162109375,-0.484130859375,0.484130859375,3.4687237615449202
LinearRegression,45,3,3,2025-01-01,2025-04-15,2025-04-16,2025-05-15,2025-05-13,11.1953125,14.4012451171875,-3.2059326171875,3.2059326171875,28.636383461270064
LinearRegression,45,3,3,2025-01-01,2025-04-15,2025-04-16,2025-05-15,2025-05-14,11.15234375,15.05609130859375,-3.90374755859375,3.90374755859375,35.00383099824869
LinearRegression,45,3,3,2025-01-01,2025-04-15,2025-04-16,2025-05-15,2025-05-15,14.74609375,15.6051025390625,-0.8590087890625,0.8590087890625,5.825331125827814
LinearRegression,45,4,4,2025-01-01,2025-05-15,2025-05-16,2025-06-14,2025-05-16,18.07421875,19.19244384765625,-1.11822509765625,1.11822509765625,6.186851631726821
LinearRegression,45,4,4,2025-01-01,2025-05-15,2025-05-16,2025-06-14,2025-05-17,18.09375,22.7437744140625,-4.6500244140625,4.6500244140625,25.69961679620035
LinearRegression,45,4,4,2025-01-01,2025-05-15,2025-05-16,2025-06-14,2025-05-18,17.8125,21.85394287109375,-4.04144287109375,4.04144287109375,22.688802083333336
LinearRegression,45,4,4,2025-01-01,2025-05-15,2025-05-16,2025-06-14,2025-05-19,10.21484375,15.50323486328125,-5.28839111328125,5.28839111328125,51.771630019120465
LinearRegression,45,4,4,2025-01-01,2025-05-15,2025-05-16,2025-06-14,2025-05-20,12.2578125,13.77191162109375,-1.51409912109375,1.51409912109375,12.352115200764818
LinearRegression,45,4,4,2025-01-01,2025-05-15,2025-05-16,2025-06-14,2025-05-21,10.76171875,15.1583251953125,-4.3966064453125,4.3966064453125,40.85412885662432
LinearRegression,45,4,4,2025-01-01,2025-05-15,2025-05-16,2025-06-14,2025-05-22,12.37109375,19.0177001953125,-6.6466064453125,6.6466064453125,53.72691032522893
LinearRegression,45,4,4,2025-01-01,2025-05-15,2025-05-16,2025-06-14,2025-05-23,11.80078125,20.2413330078125,-8.4405517578125,8.4405517578125,71.52536411784178
LinearRegression,45,4,4,2025-01-01,2025-05-15,2025-05-16,2025-06-14,2025-05-24,16.109375,23.96099853515625,-7.85162353515625,7.85162353515625,48.73946714354995
LinearRegression,45,4,4,2025-01-01,2025-05-15,2025-05-16,2025-06-14,2025-05-25,15.21484375,23.993896484375,-8.779052734375,8.779052734375,57.70057766367137
LinearRegression,45,4,4,2025-01-01,2025-05-15,2025-05-16,2025-06-14,2025-05-26,14.57421875,16.70355224609375,-2.12933349609375,2.12933349609375,14.610275395336373
LinearRegression,45,4,4,2025-01-01,2025-05-15,2025-05-16,2025-06-14,2025-05-27,10.80859375,15.38482666015625,-4.57623291015625,4.57623291015625,42.33883718829057
LinearRegression,45,4,4,2025-01-01,2025-05-15,2025-05-16,2025-06-14,2025-05-28,7.69921875,16.62255859375,-8.92333984375,8.92333984375,115.89928970065957
LinearRegression,45,4,4,2025-01-01,2025-05-15,2025-05-16,2025-06-14,2025-05-29,12.7890625,19.6649169921875,-6.8758544921875,6.8758544921875,53.76355375687233
LinearRegression,45,4,4,2025-01-01,2025-05-15,2025-05-16,2025-06-14,2025-05-30,13.609375,21.847900390625,-8.238525390625,8.238525390625,60.535663030998855
LinearRegression,45,4,4,2025-01-01,2025-05-15,2025-05-16,2025-06-14,2025-05-31,16.671875,24.80303955078125,-8.13116455078125,8.13116455078125,48.77174613402062
LinearRegression,45,4,4,2025-01-01,2025-05-15,2025-05-16,2025-06-14,2025-06-01,17.265625,24.15789794921875,-6.89227294921875,6.89227294921875,39.91904694570136
LinearRegression,45,4,4,2025-01-01,2025-05-15,2025-05-16,2025-06-14,2025-06-02,11.390625,17.13812255859375,-5.74749755859375,5.74749755859375,50.458140432098766
LinearRegression,45,4,4,2025-01-01,2025-05-15,2025-05-16,2025-06-14,2025-06-03,11.7265625,16.15972900390625,-4.43316650390625,4.43316650390625,37.804484510326446
LinearRegression,45,4,4,2025-01-01,2025-05-15,2025-05-16,2025-06-14,2025-06-04,11.234375,17.5770263671875,-6.3426513671875,6.3426513671875,56.45753650904033
LinearRegression,45,4,4,2025-01-01,2025-05-15,2025-05-16,2025-06-14,2025-06-05,10.44921875,20.227783203125,-9.778564453125,9.778564453125,93.58177570093457
LinearRegression,45,4,4,2025-01-01,2025-05-15,2025-05-16,2025-06-14,2025-06-06,13.23046875,21.59124755859375,-8.36077880859375,8.36077880859375,63.19336802480071
LinearRegression,45,4,4,2025-01-01,2025-05-15,2025-05-16,2025-06-14,2025-06-07,17.609375,24.6129150390625,-7.0035400390625,7.0035400390625,39.77165594498669
LinearRegression,45,4,4,2025-01-01,2025-05-15,2025-05-16,2025-06-14,2025-06-08,15.859375,25.2197265625,-9.3603515625,9.3603515625,59.02093596059114
LinearRegression,45,4,4,2025-01-01,2025-05-15,2025-05-16,2025-06-14,2025-06-09,11.43359375,18.2601318359375,-6.8265380859375,6.8265380859375,59.70597027673386
LinearRegression,45,4,4,2025-01-01,2025-05-15,2025-05-16,2025-06-14,2025-06-10,9.70703125,17.42083740234375,-7.71380615234375,7.71380615234375,79.46617203219316
LinearRegression,45,4,4,2025-01-01,2025-05-15,2025-05-16,2025-06-14,2025-06-11,11.69921875,18.7421875,-7.04296875,7.04296875,60.20033388981636
LinearRegression,45,4,4,2025-01-01,2025-05-15,2025-05-16,2025-06-14,2025-06-12,11.1328125,21.107177734375,-9.974365234375,9.974365234375,89.59429824561404
LinearRegression,45,4,4,2025-01-01,2025-05-15,2025-05-16,2025-06-14,2025-06-13,12.66796875,22.58123779296875,-9.91326904296875,9.91326904296875,78.25460607462227
LinearRegression,45,4,4,2025-01-01,2025-05-15,2025-05-16,2025-06-14,2025-06-14,17.33203125,25.45794677734375,-8.12591552734375,8.12591552734375,46.883803808879875
LinearRegression,45,5,5,2025-01-01,2025-06-14,2025-06-15,2025-07-14,2025-06-15,13.140625,17.304786682128906,-4.164161682128906,4.164161682128906,31.68922088659334
LinearRegression,45,5,5,2025-01-01,2025-06-14,2025-06-15,2025-07-14,2025-06-16,10.5859375,11.301666259765625,-0.715728759765625,0.715728759765625,6.761127767527675
LinearRegression,45,5,5,2025-01-01,2025-06-14,2025-06-15,2025-07-14,2025-06-17,10.41796875,10.622543334960938,-0.2045745849609375,0.2045745849609375,1.9636705568053994
LinearRegression,45,5,5,2025-01-01,2025-06-14,2025-06-15,2025-07-14,2025-06-18,10.4921875,11.294548034667969,-0.8023605346679688,0.8023605346679688,7.647218796537603
LinearRegression,45,5,5,2025-01-01,2025-06-14,2025-06-15,2025-07-14,2025-06-19,15.37890625,11.988105773925781,3.3908004760742188,3.3908004760742188,22.048385112395223
LinearRegression,45,5,5,2025-01-01,2025-06-14,2025-06-15,2025-07-14,2025-06-20,13.1015625,13.499778747558594,-0.39821624755859375,0.39821624755859375,3.039456153100775
LinearRegression,45,5,5,2025-01-01,2025-06-14,2025-06-15,2025-07-14,2025-06-21,13.66796875,17.099258422851562,-3.4312896728515625,3.4312896728515625,25.104605780222922
LinearRegression,45,5,5,2025-01-01,2025-06-14,2025-06-15,2025-07-14,2025-06-22,15.90234375,17.46912384033203,-1.5667800903320312,1.5667800903320312,9.852510516457873
LinearRegression,45,5,5,2025-01-01,2025-06-14,2025-06-15,2025-07-14,2025-06-23,11.78515625,11.683670043945312,0.1014862060546875,0.1014862060546875,0.8611358551541265
LinearRegression,45,5,5,2025-01-01,2025-06-14,2025-06-15,2025-07-14,2025-06-24,11.30078125,10.674331665039062,0.6264495849609375,0.6264495849609375,5.543418380573799
LinearRegression,45,5,5,2025-01-01,2025-06-14,2025-06-15,2025-07-14,2025-06-25,11.765625,11.774162292480469,-0.00853729248046875,0.00853729248046875,0.0725613172310757
LinearRegression,45,5,5,2025-01-01,2025-06-14,2025-06-15,2025-07-14,2025-06-26,10.85546875,12.771492004394531,-1.9160232543945312,1.9160232543945312,17.65030417866139
LinearRegression,45,5,5,2025-01-01,2025-06-14,2025-06-15,2025-07-14,2025-06-27,13.60546875,13.971267700195312,-0.3657989501953125,0.3657989501953125,2.688617032730405
LinearRegression,45,5,5,2025-01-01,2025-06-14,2025-06-15,2025-07-14,2025-06-28,15.6328125,17.467742919921875,-1.834930419921875,1.834930419921875,11.737685844577712
LinearRegression,45,5,5,2025-01-01,2025-06-14,2025-06-15,2025-07-14,2025-06-29,17.41796875,18.27338409423828,-0.8554153442382812,0.8554153442382812,4.911108502466921
LinearRegression,45,5,5,2025-01-01,2025-06-14,2025-06-15,2025-07-14,2025-06-30,14.37890625,12.236045837402344,2.1428604125976562,2.1428604125976562,14.902805368785657
LinearRegression,45,5,5,2025-01-01,2025-06-14,2025-06-15,2025-07-14,2025-07-01,11.33984375,10.880340576171875,0.459503173828125,0.459503173828125,4.052112039269721
LinearRegression,45,5,5,2025-01-01,2025-06-14,2025-06-15,2025-07-14,2025-07-02,9.7421875,11.575851440429688,-1.8336639404296875,1.8336639404296875,18.821891289093827
LinearRegression,45,5,5,2025-01-01,2025-06-14,2025-06-15,2025-07-14,2025-07-03,13.31640625,12.782188415527344,0.5342178344726562,0.5342178344726562,4.011726771047227
LinearRegression,45,5,5,2025-01-01,2025-06-14,2025-06-15,2025-07-14,2025-07-04,13.86328125,13.900932312011719,-0.03765106201171875,0.03765106201171875,0.2715883875739645
LinearRegression,45,5,5,2025-01-01,2025-06-14,2025-06-15,2025-07-14,2025-07-05,14.7578125,17.055992126464844,-2.2981796264648438,2.2981796264648438,15.572630608125992
LinearRegression,45,5,5,2025-01-01,2025-06-14,2025-06-15,2025-07-14,2025-07-06,9.4765625,17.879127502441406,-8.402565002441406,8.402565002441406,88.66680299361089
LinearRegression,45,5,5,2025-01-01,2025-06-14,2025-06-15,2025-07-14,2025-07-07,8.96484375,11.888565063476562,-2.9237213134765625,2.9237213134765625,32.61318763616558
LinearRegression,45,5,5,2025-01-01,2025-06-14,2025-06-15,2025-07-14,2025-07-08,9.6875,10.916099548339844,-1.2285995483398438,1.2285995483398438,12.682317918346776
LinearRegression,45,5,5,2025-01-01,2025-06-14,2025-06-15,2025-07-14,2025-07-09,12.1484375,11.730621337890625,0.417816162109375,0.417816162109375,3.439258440514469
LinearRegression,45,5,5,2025-01-01,2025-06-14,2025-06-15,2025-07-14,2025-07-10,11.09765625,13.0706787109375,-1.9730224609375,1.9730224609375,17.77873108060542
LinearRegression,45,5,5,2025-01-01,2025-06-14,2025-06-15,2025-07-14,2025-07-11,12.33203125,14.121421813964844,-1.7893905639648438,1.7893905639648438,14.51010403468483
LinearRegression,45,5,5,2025-01-01,2025-06-14,2025-06-15,2025-07-14,2025-07-12,18.7734375,17.254188537597656,1.5192489624023438,1.5192489624023438,8.092545450998752
LinearRegression,45,5,5,2025-01-01,2025-06-14,2025-06-15,2025-07-14,2025-07-13,14.00390625,18.23644256591797,-4.232536315917969,4.232536315917969,30.22396922942817
LinearRegression,45,5,5,2025-01-01,2025-06-14,2025-06-15,2025-07-14,2025-07-14,9.69921875,12.278617858886719,-2.5793991088867188,2.5793991088867188,26.593885295006043
LinearRegression,45,6,6,2025-01-01,2025-07-14,2025-07-15,2025-08-13,2025-07-15,11.79296875,9.554092407226562,2.2388763427734375,2.2388763427734375,18.984840799933753
LinearRegression,45,6,6,2025-01-01,2025-07-14,2025-07-15,2025-08-13,2025-07-16,11.625,10.274311065673828,1.3506889343261719,1.3506889343261719,11.618829542590726
LinearRegression,45,6,6,2025-01-01,2025-07-14,2025-07-15,2025-08-13,2025-07-17,11.20703125,11.716442108154297,-0.5094108581542969,0.5094108581542969,4.545457639857093
LinearRegression,45,6,6,2025-01-01,2025-07-14,2025-07-15,2025-08-13,2025-07-18,12.76953125,12.570893287658691,0.1986379623413086,0.1986379623413086,1.5555618953617314
LinearRegression,45,6,6,2025-01-01,2025-07-14,2025-07-15,2025-08-13,2025-07-19,16.83984375,14.946361541748047,1.8934822082519531,1.8934822082519531,11.244060434064023
LinearRegression,45,6,6,2025-01-01,2025-07-14,2025-07-15,2025-08-13,2025-07-20,15.55859375,13.875391006469727,1.6832027435302734,1.6832027435302734,10.818476081942004
LinearRegression,45,6,6,2025-01-01,2025-07-14,2025-07-15,2025-08-13,2025-07-21,10.421875,9.551552772521973,0.8703222274780273,0.8703222274780273,8.35091792482665
LinearRegression,45,6,6,2025-01-01,2025-07-14,2025-07-15,2025-08-13,2025-07-22,12.03125,9.318093299865723,2.7131567001342773,2.7131567001342773,22.550912832284904
LinearRegression,45,6,6,2025-01-01,2025-07-14,2025-07-15,2025-08-13,2025-07-23,12.75390625,10.624314308166504,2.129591941833496,2.129591941833496,16.69756622080781
LinearRegression,45,6,6,2025-01-01,2025-07-14,2025-07-15,2025-08-13,2025-07-24,10.875,11.429058074951172,-0.5540580749511719,0.5540580749511719,5.09478689610273
LinearRegression,45,6,6,2025-01-01,2025-07-14,2025-07-15,2025-08-13,2025-07-25,12.4609375,12.170075416564941,0.2908620834350586,0.2908620834350586,2.3341910144004703
LinearRegression,45,6,6,2025-01-01,2025-07-14,2025-07-15,2025-08-13,2025-07-26,17.00390625,15.618718147277832,1.385188102722168,1.385188102722168,8.146293459611188
LinearRegression,45,6,6,2025-01-01,2025-07-14,2025-07-15,2025-08-13,2025-07-27,14.58203125,15.404092788696289,-0.8220615386962891,0.8220615386962891,5.63749675612778
LinearRegression,45,6,6,2025-01-01,2025-07-14,2025-07-15,2025-08-13,2025-07-28,12.27734375,10.28860092163086,1.9887428283691406,1.9887428283691406,16.198478016624243
LinearRegression,45,6,6,2025-01-01,2025-07-14,2025-07-15,2025-08-13,2025-07-29,11.1640625,9.711869239807129,1.452193260192871,1.452193260192871,13.007749286542161
LinearRegression,45,6,6,2025-01-01,2025-07-14,2025-07-15,2025-08-13,2025-07-30,11.828125,10.661811828613281,1.1663131713867188,1.1663131713867188,9.860507657694848
LinearRegression,45,6,6,2025-01-01,2025-07-14,2025-07-15,2025-08-13,2025-07-31,12.734375,12.048297882080078,0.6860771179199219,0.6860771179199219,5.387599453604294
LinearRegression,45,6,6,2025-01-01,2025-07-14,2025-07-15,2025-08-13,2025-08-01,14.0546875,11.739307403564453,2.315380096435547,2.315380096435547,16.474077395428015
LinearRegression,45,6,6,2025-01-01,2025-07-14,2025-07-15,2025-08-13,2025-08-02,18.59375,14.062777519226074,4.530972480773926,4.530972480773926,24.36825535878414
LinearRegression,45,6,6,2025-01-01,2025-07-14,2025-07-15,2025-08-13,2025-08-03,15.4609375,14.365741729736328,1.0951957702636719,1.0951957702636719,7.083631055773118
LinearRegression,45,6,6,2025-01-01,2025-07-14,2025-07-15,2025-08-13,2025-08-04,13.875,9.339875221252441,4.535124778747559,4.535124778747559,32.68558399097339
LinearRegression,45,6,6,2025-01-01,2025-07-14,2025-07-15,2025-08-13,2025-08-05,12.921875,8.508255004882812,4.4136199951171875,4.4136199951171875,34.1561885958283
LinearRegression,45,6,6,2025-01-01,2025-07-14,2025-07-15,2025-08-13,2025-08-06,11.60546875,9.192743301391602,2.4127254486083984,2.4127254486083984,20.78955620477112
LinearRegression,45,6,6,2025-01-01,2025-07-14,2025-07-15,2025-08-13,2025-08-07,13.20703125,10.160116195678711,3.046915054321289,3.046915054321289,23.070400884538596
LinearRegression,45,6,6,2025-01-01,2025-07-14,2025-07-15,2025-08-13,2025-08-08,14.25390625,10.641229629516602,3.6126766204833984,3.6126766204833984,25.345168946115376
LinearRegression,45,6,6,2025-01-01,2025-07-14,2025-07-15,2025-08-13,2025-08-09,16.66015625,13.268628120422363,3.3915281295776367,3.3915281295776367,20.357120777769637
LinearRegression,45,6,6,2025-01-01,2025-07-14,2025-07-15,2025-08-13,2025-08-10,12.44921875,13.928048133850098,-1.4788293838500977,1.4788293838500977,11.878893073913554
LinearRegression,45,6,6,2025-01-01,2025-07-14,2025-07-15,2025-08-13,2025-08-11,12.37890625,8.788081169128418,3.590825080871582,3.590825080871582,29.00761188712922
LinearRegression,45,6,6,2025-01-01,2025-07-14,2025-07-15,2025-08-13,2025-08-12,10.80859375,7.852694511413574,2.955899238586426,2.955899238586426,27.347676367116915
LinearRegression,45,6,6,2025-01-01,2025-07-14,2025-07-15,2025-08-13,2025-08-13,11.75,8.486547470092773,3.2634525299072266,3.2634525299072266,27.774064084316823
LinearRegression,45,7,7,2025-01-01,2025-08-13,2025-08-14,2025-09-12,2025-08-14,11.91796875,12.446737289428711,-0.5287685394287109,0.5287685394287109,4.436733729719764
LinearRegression,45,7,7,2025-01-01,2025-08-13,2025-08-14,2025-09-12,2025-08-15,14.9765625,13.22022819519043,1.7563343048095703,1.7563343048095703,11.727219145311684
LinearRegression,45,7,7,2025-01-01,2025-08-13,2025-08-14,2025-09-12,2025-08-16,15.7109375,16.252058029174805,-0.5411205291748047,0.5411205291748047,3.4442281319927894
LinearRegression,45,7,7,2025-01-01,2025-08-13,2025-08-14,2025-09-12,2025-08-17,17.4296875,15.873437881469727,1.5562496185302734,1.5562496185302734,8.928729321912819
LinearRegression,45,7,7,2025-01-01,2025-08-13,2025-08-14,2025-09-12,2025-08-18,13.48046875,12.295976638793945,1.1844921112060547,1.1844921112060547,8.786727918538105
LinearRegression,45,7,7,2025-01-01,2025-08-13,2025-08-14,2025-09-12,2025-08-19,13.83984375,11.512535095214844,2.3273086547851562,2.3273086547851562,16.816003827970647
LinearRegression,45,7,7,2025-01-01,2025-08-13,2025-08-14,2025-09-12,2025-08-20,13.26953125,11.816770553588867,1.4527606964111328,1.4527606964111328,10.948093561414483
LinearRegression,45,7,7,2025-01-01,2025-08-13,2025-08-14,2025-09-12,2025-08-21,13.02734375,12.959747314453125,0.067596435546875,0.067596435546875,0.5188811844077961
LinearRegression,45,7,7,2025-01-01,2025-08-13,2025-08-14,2025-09-12,2025-08-22,16.01953125,13.85759162902832,2.1619396209716797,2.1619396209716797,13.495648450835162
LinearRegression,45,7,7,2025-01-01,2025-08-13,2025-08-14,2025-09-12,2025-08-23,26.41015625,16.59116554260254,9.818990707397461,9.818990707397461,37.178843678357495
LinearRegression,45,7,7,2025-01-01,2025-08-13,2025-08-14,2025-09-12,2025-08-24,25.89453125,16.034746170043945,9.859785079956055,9.859785079956055,38.07670810784055
LinearRegression,45,7,7,2025-01-01,2025-08-13,2025-08-14,2025-09-12,2025-08-25,15.6796875,12.254262924194336,3.425424575805664,3.425424575805664,21.846255391286746
LinearRegression,45,7,7,2025-01-01,2025-08-13,2025-08-14,2025-09-12,2025-08-26,12.02734375,11.35940170288086,0.6679420471191406,0.6679420471191406,5.55352919982137
LinearRegression,45,7,7,2025-01-01,2025-08-13,2025-08-14,2025-09-12,2025-08-27,11.4609375,12.0625,-0.6015625,0.6015625,5.248807089297887
LinearRegression,45,7,7,2025-01-01,2025-08-13,2025-08-14,2025-09-12,2025-08-28,13.8359375,13.110153198242188,0.7257843017578125,0.7257843017578125,5.245645998023715
LinearRegression,45,7,7,2025-01-01,2025-08-13,2025-08-14,2025-09-12,2025-08-29,16.3984375,13.853431701660156,2.5450057983398438,2.5450057983398438,15.519806678775607
LinearRegression,45,7,7,2025-01-01,2025-08-13,2025-08-14,2025-09-12,2025-08-30,20.38671875,16.589630126953125,3.797088623046875,3.797088623046875,18.625305374592834
LinearRegression,45,7,7,2025-01-01,2025-08-13,2025-08-14,2025-09-12,2025-08-31,19.58203125,17.003847122192383,2.578184127807617,2.578184127807617,13.166070949905246
LinearRegression,45,7,7,2025-01-01,2025-08-13,2025-08-14,2025-09-12,2025-09-01,23.41015625,11.548776626586914,11.861379623413086,11.861379623413086,50.6676653361213
LinearRegression,45,7,7,2025-01-01,2025-08-13,2025-08-14,2025-09-12,2025-09-02,11.5625,10.436161041259766,1.1263389587402344,1.1263389587402344,9.741309913429054
LinearRegression,45,7,7,2025-01-01,2025-08-13,2025-08-14,2025-09-12,2025-09-03,13.06640625,10.861564636230469,2.2048416137695312,2.2048416137695312,16.874124159192824
LinearRegression,45,7,7,2025-01-01,2025-08-13,2025-08-14,2025-09-12,2025-09-04,11.08984375,11.894388198852539,-0.8045444488525391,0.8045444488525391,7.254786153795351
LinearRegression,45,7,7,2025-01-01,2025-08-13,2025-08-14,2025-09-12,2025-09-05,13.89453125,12.521366119384766,1.3731651306152344,1.3731651306152344,9.882774063466403
LinearRegression,45,7,7,2025-01-01,2025-08-13,2025-08-14,2025-09-12,2025-09-06,19.28515625,15.050697326660156,4.234458923339844,4.234458923339844,21.957089009013572
LinearRegression,45,7,7,2025-01-01,2025-08-13,2025-08-14,2025-09-12,2025-09-07,19.7109375,15.420129776000977,4.290807723999023,4.290807723999023,21.76866383955113
LinearRegression,45,7,7,2025-01-01,2025-08-13,2025-08-14,2025-09-12,2025-09-08,8.5859375,10.755578994750977,-2.1696414947509766,2.1696414947509766,25.26970985697225
LinearRegression,45,7,7,2025-01-01,2025-08-13,2025-08-14,2025-09-12,2025-09-09,11.88671875,9.719072341918945,2.1676464080810547,2.1676464080810547,18.23586856617647
LinearRegression,45,7,7,2025-01-01,2025-08-13,2025-08-14,2025-09-12,2025-09-10,9.19921875,10.221094131469727,-1.0218753814697266,1.0218753814697266,11.108284401539278
LinearRegression,45,7,7,2025-01-01,2025-08-13,2025-08-14,2025-09-12,2025-09-11,12.69921875,11.259307861328125,1.439910888671875,1.439910888671875,11.338578514303292
LinearRegression,45,7,7,2025-01-01,2025-08-13,2025-08-14,2025-09-12,2025-09-12,13.2421875,11.913253784179688,1.3289337158203125,1.3289337158203125,10.035605641592921
LinearRegression,45,8,8,2025-01-01,2025-09-12,2025-09-13,2025-10-12,2025-09-13,18.23046875,16.96733856201172,1.2631301879882812,1.2631301879882812,6.928676411506321
LinearRegression,45,8,8,2025-01-01,2025-09-12,2025-09-13,2025-10-12,2025-09-14,15.44140625,17.05632781982422,-1.6149215698242188,1.6149215698242188,10.458384059575005
LinearRegression,45,8,8,2025-01-01,2025-09-12,2025-09-13,2025-10-12,2025-09-15,10.828125,13.832389831542969,-3.0042648315429688,3.0042648315429688,27.745014317279942
LinearRegression,45,8,8,2025-01-01,2025-09-12,2025-09-13,2025-10-12,2025-09-16,11.87890625,11.624542236328125,0.254364013671875,0.254364013671875,2.14130836895758
LinearRegression,45,8,8,2025-01-01,2025-09-12,2025-09-13,2025-10-12,2025-09-17,9.30859375,11.950981140136719,-2.6423873901367188,2.6423873901367188,28.38653679710449
LinearRegression,45,8,8,2025-01-01,2025-09-12,2025-09-13,2025-10-12,2025-09-18,12.50390625,13.235877990722656,-0.7319717407226562,0.7319717407226562,5.853944568103717
LinearRegression,45,8,8,2025-01-01,2025-09-12,2025-09-13,2025-10-12,2025-09-19,16.0859375,14.644287109375,1.441650390625,1.441650390625,8.962178241864983
LinearRegression,45,8,8,2025-01-01,2025-09-12,2025-09-13,2025-10-12,2025-09-20,18.859375,18.551673889160156,0.30770111083984375,0.30770111083984375,1.6315551858947803
LinearRegression,45,8,8,2025-01-01,2025-09-12,2025-09-13,2025-10-12,2025-09-21,18.55859375,19.29344940185547,-0.7348556518554688,0.7348556518554688,3.9596515865081034
LinearRegression,45,8,8,2025-01-01,2025-09-12,2025-09-13,2025-10-12,2025-09-22,10.22265625,13.022819519042969,-2.8001632690429688,2.8001632690429688,27.39173851260986
LinearRegression,45,8,8,2025-01-01,2025-09-12,2025-09-13,2025-10-12,2025-09-23,9.7109375,12.165214538574219,-2.4542770385742188,2.4542770385742188,25.273327509050684
LinearRegression,45,8,8,2025-01-01,2025-09-12,2025-09-13,2025-10-12,2025-09-24,9.390625,12.066230773925781,-2.6756057739257812,2.6756057739257812,28.49230774230449
LinearRegression,45,8,8,2025-01-01,2025-09-12,2025-09-13,2025-10-12,2025-09-25,9.78515625,13.869430541992188,-4.0842742919921875,4.0842742919921875,41.73948977045908
LinearRegression,45,8,8,2025-01-01,2025-09-12,2025-09-13,2025-10-12,2025-09-26,15.32421875,14.766891479492188,0.5573272705078125,0.5573272705078125,3.636904951567678
LinearRegression,45,8,8,2025-01-01,2025-09-12,2025-09-13,2025-10-12,2025-09-27,18.71484375,18.04907989501953,0.6657638549804688,0.6657638549804688,3.5574107049676478
LinearRegression,45,8,8,2025-01-01,2025-09-12,2025-09-13,2025-10-12,2025-09-28,17.06640625,18.577713012695312,-1.5113067626953125,1.5113067626953125,8.855448186083773
LinearRegression,45,8,8,2025-01-01,2025-09-12,2025-09-13,2025-10-12,2025-09-29,11.71484375,13.994857788085938,-2.2800140380859375,2.2800140380859375,19.46260732744248
LinearRegression,45,8,8,2025-01-01,2025-09-12,2025-09-13,2025-10-12,2025-09-30,11.19140625,12.837890625,-1.646484375,1.646484375,14.712041884816754
LinearRegression,45,8,8,2025-01-01,2025-09-12,2025-09-13,2025-10-12,2025-10-01,9.77734375,12.334663391113281,-2.5573196411132812,2.5573196411132812,26.15556644526568
LinearRegression,45,8,8,2025-01-01,2025-09-12,2025-09-13,2025-10-12,2025-10-02,10.85546875,13.561088562011719,-2.7056198120117188,2.7056198120117188,24.92402561622886
LinearRegression,45,8,8,2025-01-01,2025-09-12,2025-09-13,2025-10-12,2025-10-03,14.015625,14.464485168457031,-0.44886016845703125,0.44886016845703125,3.2025697637959865
LinearRegression,45,8,8,2025-01-01,2025-09-12,2025-09-13,2025-10-12,2025-10-04,20.60546875,17.83216094970703,2.7733078002929688,2.7733078002929688,13.459086196682465
LinearRegression,45,8,8,2025-01-01,2025-09-12,2025-09-13,2025-10-12,2025-10-05,18.5234375,18.579673767089844,-0.05623626708984375,0.05623626708984375,0.30359519981020666
LinearRegression,45,8,8,2025-01-01,2025-09-12,2025-09-13,2025-10-12,2025-10-06,10.6640625,13.357719421386719,-2.6936569213867188,2.6936569213867188,25.259200434981683
LinearRegression,45,8,8,2025-01-01,2025-09-12,2025-09-13,2025-10-12,2025-10-07,11.9296875,12.078964233398438,-0.1492767333984375,0.1492767333984375,1.251304641453831
LinearRegression,45,8,8,2025-01-01,2025-09-12,2025-09-13,2025-10-12,2025-10-08,12.04296875,12.13427734375,-0.09130859375,0.09130859375,0.7581900746026597
LinearRegression,45,8,8,2025-01-01,2025-09-12,2025-09-13,2025-10-12,2025-10-09,12.76171875,13.536178588867188,-0.7744598388671875,0.7744598388671875,6.068617041628405
LinearRegression,45,8,8,2025-01-01,2025-09-12,2025-09-13,2025-10-12,2025-10-10,15.87890625,14.4105224609375,1.4683837890625,1.4683837890625,9.24738622386224
LinearRegression,45,8,8,2025-01-01,2025-09-12,2025-09-13,2025-10-12,2025-10-11,21.76171875,17.596649169921875,4.165069580078125,4.165069580078125,19.139433001256506
LinearRegression,45,8,8,2025-01-01,2025-09-12,2025-09-13,2025-10-12,2025-10-12,16.6328125,18.254486083984375,-1.621673583984375,1.621673583984375,9.74984587834664
LinearRegression,45,9,9,2025-01-01,2025-10-12,2025-10-13,2025-11-11,2025-10-13,11.2578125,12.057723999023438,-0.7999114990234375,0.7999114990234375,7.105390137057599
LinearRegression,45,9,9,2025-01-01,2025-10-12,2025-10-13,2025-11-11,2025-10-14,11.03515625,11.520828247070312,-0.4856719970703125,0.4856719970703125,4.401133849557523
LinearRegression,45,9,9,2025-01-01,2025-10-12,2025-10-13,2025-11-11,2025-10-15,10.23828125,12.216949462890625,-1.978668212890625,1.978668212890625,19.326175600915683
LinearRegression,45,9,9,2025-01-01,2025-10-12,2025-10-13,2025-11-11,2025-10-16,13.40625,13.369537353515625,0.036712646484375,0.036712646484375,0.2738472465034965
LinearRegression,45,9,9,2025-01-01,2025-10-12,2025-10-13,2025-11-11,2025-10-17,17.51171875,14.667373657226562,2.8443450927734375,2.8443450927734375,16.242523840062457
LinearRegression,45,9,9,2025-01-01,2025-10-12,2025-10-13,2025-11-11,2025-10-18,18.5390625,18.588424682617188,-0.0493621826171875,0.0493621826171875,0.26626040349768226
LinearRegression,45,9,9,2025-01-01,2025-10-12,2025-10-13,2025-11-11,2025-10-19,15.17578125,18.606491088867188,-3.4307098388671875,3.4307098388671875,22.606479247104247
LinearRegression,45,9,9,2025-01-01,2025-10-12,2025-10-13,2025-11-11,2025-10-20,10.79296875,12.787643432617188,-1.9946746826171875,1.9946746826171875,18.48124208288093
LinearRegression,45,9,9,2025-01-01,2025-10-12,2025-10-13,2025-11-11,2025-10-21,13.44921875,12.076065063476562,1.3731536865234375,1.3731536865234375,10.20991413738019
LinearRegression,45,9,9,2025-01-01,2025-10-12,2025-10-13,2025-11-11,2025-10-22,11.66796875,12.756546020507812,-1.0885772705078125,1.0885772705078125,9.329621066287244
LinearRegression,45,9,9,2025-01-01,2025-10-12,2025-10-13,2025-11-11,2025-10-23,12.23828125,14.205520629882812,-1.9672393798828125,1.9672393798828125,16.07447434567507
LinearRegression,45,9,9,2025-01-01,2025-10-12,2025-10-13,2025-11-11,2025-10-24,14.52734375,15.563705444335938,-1.0363616943359375,1.0363616943359375,7.13386915165367
LinearRegression,45,9,9,2025-01-01,2025-10-12,2025-10-13,2025-11-11,2025-10-25,19.265625,19.523147583007812,-0.2575225830078125,0.2575225830078125,1.3366946725466342
LinearRegression,45,9,9,2025-01-01,2025-10-12,2025-10-13,2025-11-11,2025-10-26,19.89453125,18.926376342773438,0.9681549072265625,0.9681549072265625,4.8664373895542905
LinearRegression,45,9,9,2025-01-01,2025-10-12,2025-10-13,2025-11-11,2025-10-27,9.4921875,13.616500854492188,-4.1243133544921875,4.1243133544921875,43.449556327160494
LinearRegression,45,9,9,2025-01-01,2025-10-12,2025-10-13,2025-11-11,2025-10-28,12.7578125,12.660049438476562,0.0977630615234375,0.0977630615234375,0.7662995636864667
LinearRegression,45,9,9,2025-01-01,2025-10-12,2025-10-13,2025-11-11,2025-10-29,9.73828125,13.43011474609375,-3.69183349609375,3.69183349609375,37.91052446851184
LinearRegression,45,9,9,2025-01-01,2025-10-12,2025-10-13,2025-11-11,2025-10-30,9.109375,14.947525024414062,-5.8381500244140625,5.8381500244140625,64.08946853559176
LinearRegression,45,9,9,2025-01-01,2025-10-12,2025-10-13,2025-11-11,2025-10-31,13.49609375,15.932723999023438,-2.4366302490234375,2.4366302490234375,18.054337011577424
LinearRegression,45,9,9,2025-01-01,2025-10-12,2025-10-13,2025-11-11,2025-11-01,21.05078125,18.39532470703125,2.65545654296875,2.65545654296875,12.614527277788087
LinearRegression,45,9,9,2025-01-01,2025-10-12,2025-10-13,2025-11-11,2025-11-02,19.015625,18.753860473632812,0.2617645263671875,0.2617645263671875,1.376575980895645
LinearRegression,45,9,9,2025-01-01,2025-10-12,2025-10-13,2025-11-11,2025-11-03,12.2890625,13.45001220703125,-1.16094970703125,1.16094970703125,9.447016052129689
LinearRegression,45,9,9,2025-01-01,2025-10-12,2025-10-13,2025-11-11,2025-11-04,15.23046875,12.419708251953125,2.810760498046875,2.810760498046875,18.45485220569377
LinearRegression,45,9,9,2025-01-01,2025-10-12,2025-10-13,2025-11-11,2025-11-05,10.9765625,12.9039306640625,-1.9273681640625,1.9273681640625,17.55894128113879
LinearRegression,45,9,9,2025-01-01,2025-10-12,2025-10-13,2025-11-11,2025-11-06,12.0625,14.2418212890625,-2.1793212890625,2.1793212890625,18.06691224093264
LinearRegression,45,9,9,2025-01-01,2025-10-12,2025-10-13,2025-11-11,2025-11-07,13.328125,15.04193115234375,-1.71380615234375,1.71380615234375,12.858569021101992
LinearRegression,45,9,9,2025-01-01,2025-10-12,2025-10-13,2025-11-11,2025-11-08,19.1171875,18.26300048828125,0.85418701171875,0.85418701171875,4.468162545974662
LinearRegression,45,9,9,2025-01-01,2025-10-12,2025-10-13,2025-11-11,2025-11-09,17.85546875,18.636138916015625,-0.780670166015625,0.780670166015625,4.37216281995187
LinearRegression,45,9,9,2025-01-01,2025-10-12,2025-10-13,2025-11-11,2025-11-10,11.03515625,13.414474487304688,-2.3793182373046875,2.3793182373046875,21.56125553097345
LinearRegression,45,9,9,2025-01-01,2025-10-12,2025-10-13,2025-11-11,2025-11-11,10.47265625,12.309600830078125,-1.836944580078125,1.836944580078125,17.540388381201044
LinearRegression,45,10,10,2025-01-01,2025-10-13,2025-10-14,2025-11-12,2025-10-14,11.03515625,11.244583129882812,-0.2094268798828125,0.2094268798828125,1.8978152654867255
LinearRegression,45,10,10,2025-01-01,2025-10-13,2025-10-14,2025-11-12,2025-10-15,10.23828125,12.011550903320312,-1.7732696533203125,1.7732696533203125,17.319993561617704
LinearRegression,45,10,10,2025-01-01,2025-10-13,2025-10-14,2025-11-12,2025-10-16,13.40625,13.214035034179688,0.1922149658203125,0.1922149658203125,1.4337713068181819
LinearRegression,45,10,10,2025-01-01,2025-10-13,2025-10-14,2025-11-12,2025-10-17,17.51171875,14.432174682617188,3.0795440673828125,3.0795440673828125,17.585618586883783
LinearRegression,45,10,10,2025-01-01,2025-10-13,2025-10-14,2025-11-12,2025-10-18,18.5390625,18.30804443359375,0.23101806640625,0.23101806640625,1.246115149599663
LinearRegression,45,10,10,2025-01-01,2025-10-13,2025-10-14,2025-11-12,2025-10-19,15.17578125,18.300628662109375,-3.124847412109375,3.124847412109375,20.591015122265123
LinearRegression,45,10,10,2025-01-01,2025-10-13,2025-10-14,2025-11-12,2025-10-20,10.79296875,12.424835205078125,-1.631866455078125,1.631866455078125,15.119718150560985
LinearRegression,45,10,10,2025-01-01,2025-10-13,2025-10-14,2025-11-12,2025-10-21,13.44921875,11.872756958007812,1.5764617919921875,1.5764617919921875,11.721586370897473
LinearRegression,45,10,10,2025-01-01,2025-10-13,2025-10-14,2025-11-12,2025-10-22,11.66796875,12.626174926757812,-0.9582061767578125,0.9582061767578125,8.212279251757616
LinearRegression,45,10,10,2025-01-01,2025-10-13,2025-10-14,2025-11-12,2025-10-23,12.23828125,14.107925415039062,-1.8696441650390625,1.8696441650390625,15.277015839451005
LinearRegression,45,10,10,2025-01-01,2025-10-13,2025-10-14,2025-11-12,2025-10-24,14.52734375,15.459320068359375,-0.931976318359375,0.931976318359375,6.415325020166711
LinearRegression,45,10,10,2025-01-01,2025-10-13,2025-10-14,2025-11-12,2025-10-25,19.265625,19.42236328125,-0.15673828125,0.15673828125,0.8135644768856448
LinearRegression,45,10,10,2025-01-01,2025-10-13,2025-10-14,2025-11-12,2025-10-26,19.89453125,18.830963134765625,1.063568115234375,1.063568115234375,5.3460325446691535
LinearRegression,45,10,10,2025-01-01,2025-10-13,2025-10-14,2025-11-12,2025-10-27,9.4921875,13.336822509765625,-3.844635009765625,3.844635009765625,40.50315072016461
LinearRegression,45,10,10,2025-01-01,2025-10-13,2025-10-14,2025-11-12,2025-10-28,12.7578125,12.47076416015625,0.28704833984375,0.28704833984375,2.2499808634415186
LinearRegression,45,10,10,2025-01-01,2025-10-13,2025-10-14,2025-11-12,2025-10-29,9.73828125,13.291000366210938,-3.5527191162109375,3.5527191162109375,36.481993331327715
LinearRegression,45,10,10,2025-01-01,2025-10-13,2025-10-14,2025-11-12,2025-10-30,9.109375,14.83953857421875,-5.73016357421875,5.73016357421875,62.904025514579764
LinearRegression,45,10,10,2025-01-01,2025-10-13,2025-10-14,2025-11-12,2025-10-31,13.49609375,15.79595947265625,-2.29986572265625,2.29986572265625,17.040973227206948
LinearRegression,45,10,10,2025-01-01,2025-10-13,2025-10-14,2025-11-12,2025-11-01,21.05078125,18.223388671875,2.827392578125,2.827392578125,13.431295231026164
LinearRegression,45,10,10,2025-01-01,2025-10-13,2025-10-14,2025-11-12,2025-11-02,19.015625,18.569351196289062,0.4462738037109375,0.4462738037109375,2.3468794936318815
LinearRegression,45,10,10,2025-01-01,2025-10-13,2025-10-14,2025-11-12,2025-11-03,12.2890625,13.235427856445312,-0.9463653564453125,0.9463653564453125,7.700875119198983
LinearRegression,45,10,10,2025-01-01,2025-10-13,2025-10-14,2025-11-12,2025-11-04,15.23046875,12.252532958984375,2.977935791015625,2.977935791015625,19.552489420364196
LinearRegression,45,10,10,2025-01-01,2025-10-13,2025-10-14,2025-11-12,2025-11-05,10.9765625,12.77923583984375,-1.80267333984375,1.80267333984375,16.42293149466192
LinearRegression,45,10,10,2025-01-01,2025-10-13,2025-10-14,2025-11-12,2025-11-06,12.0625,14.134292602539062,-2.0717926025390625,2.0717926025390625,17.17548271534974
LinearRegression,45,10,10,2025-01-01,2025-10-13,2025-10-14,2025-11-12,2025-11-07,13.328125,14.927444458007812,-1.5993194580078125,1.5993194580078125,11.999583272274327
LinearRegression,45,10,10,2025-01-01,2025-10-13,2025-10-14,2025-11-12,2025-11-08,19.1171875,18.138641357421875,0.978546142578125,0.978546142578125,5.118672098487945
LinearRegression,45,10,10,2025-01-01,2025-10-13,2025-10-14,2025-11-12,2025-11-09,17.85546875,18.513763427734375,-0.658294677734375,0.658294677734375,3.6867958324217893
LinearRegression,45,10,10,2025-01-01,2025-10-13,2025-10-14,2025-11-12,2025-11-10,11.03515625,13.23565673828125,-2.20050048828125,2.20050048828125,19.940818584070797
LinearRegression,45,10,10,2025-01-01,2025-10-13,2025-10-14,2025-11-12,2025-11-11,10.47265625,12.15228271484375,-1.67962646484375,1.67962646484375,16.03820869078702
LinearRegression,45,10,10,2025-01-01,2025-10-13,2025-10-14,2025-11-12,2025-11-12,9.6953125,12.725814819335938,-3.0305023193359375,3.0305023193359375,31.25739700846092
ARIMA,45,1,1,2025-01-01,2025-02-14,2025-02-15,2025-03-16,2025-02-15,13.20703125,14.309667373177728,-1.102636123177728,1.102636123177728,8.348856774134823
ARIMA,45,1,1,2025-01-01,2025-02-14,2025-02-15,2025-03-16,2025-02-16,13.00390625,12.749453591143764,0.2544526588562359,0.2544526588562359,1.9567401822528203
ARIMA,45,1,1,2025-01-01,2025-02-14,2025-02-15,2025-03-16,2025-02-17,9.2421875,11.062459938597959,-1.820272438597959,1.820272438597959,19.695255464119928
ARIMA,45,1,1,2025-01-01,2025-02-14,2025-02-15,2025-03-16,2025-02-18,9.37890625,10.338562092738055,-0.959655842738055,0.959655842738055,10.232065628527367
ARIMA,45,1,1,2025-01-01,2025-02-14,2025-02-15,2025-03-16,2025-02-19,9.0703125,10.768937931344947,-1.6986254313449471,1.6986254313449471,18.727308803803037
ARIMA,45,1,1,2025-01-01,2025-02-14,2025-02-15,2025-03-16,2025-02-20,10.89453125,11.770672925777111,-0.8761416757771112,0.8761416757771112,8.042031875186105
ARIMA,45,1,1,2025-01-01,2025-02-14,2025-02-15,2025-03-16,2025-02-21,10.4609375,12.561796656262805,-2.100859156262805,2.100859156262805,20.08289559384907
ARIMA,45,1,1,2025-01-01,2025-02-14,2025-02-15,2025-03-16,2025-02-22,17.296875,12.704593909168452,4.592281090831548,4.592281090831548,26.549773244193233
ARIMA,45,1,1,2025-01-01,2025-02-14,2025-02-15,2025-03-16,2025-02-23,19.20703125,12.285902607919665,6.921128642080335,6.921128642080335,36.03434883816485
ARIMA,45,1,1,2025-01-01,2025-02-14,2025-02-15,2025-03-16,2025-02-24,8.99609375,11.720244487417778,-2.7241507374177782,2.7241507374177782,30.281484532303573
ARIMA,45,1,1,2025-01-01,2025-02-14,2025-02-15,2025-03-16,2025-02-25,10.953125,11.401445738879833,-0.4483207388798327,0.4483207388798327,4.0930852051796425
ARIMA,45,1,1,2025-01-01,2025-02-14,2025-02-15,2025-03-16,2025-02-26,9.31640625,11.461873448029822,-2.145467198029822,2.145467198029822,23.028914159146098
ARIMA,45,1,1,2025-01-01,2025-02-14,2025-02-15,2025-03-16,2025-02-27,11.63671875,11.760672051035293,-0.1239533010352929,0.1239533010352929,1.0651911737171864
ARIMA,45,1,1,2025-01-01,2025-02-14,2025-02-15,2025-03-16,2025-02-28,14.5390625,12.046131203515458,2.4929312964845423,2.4929312964845423,17.146437718969448
ARIMA,45,1,1,2025-01-01,2025-02-14,2025-02-15,2025-03-16,2025-03-01,15.1796875,12.14328549059607,3.036402009403931,3.036402009403931,20.003060072244114
ARIMA,45,1,1,2025-01-01,2025-02-14,2025-02-15,2025-03-16,2025-03-02,12.4921875,12.042522522232517,0.44966497776748326,0.44966497776748326,3.5995695531105607
ARIMA,45,1,1,2025-01-01,2025-02-14,2025-02-15,2025-03-16,2025-03-03,8.95703125,11.860663864772894,-2.903632614772894,2.903632614772894,32.41735496650069
ARIMA,45,1,1,2025-01-01,2025-02-14,2025-02-15,2025-03-16,2025-03-04,11.60546875,11.733521599816115,-0.12805284981611464,0.12805284981611464,1.1033836941408734
ARIMA,45,1,1,2025-01-01,2025-02-14,2025-02-15,2025-03-16,2025-03-05,8.8046875,11.725770491020084,-2.921082991020084,2.921082991020084,33.17645278177203
ARIMA,45,1,1,2025-01-01,2025-02-14,2025-02-15,2025-03-16,2025-03-06,7.66015625,11.809816625058662,-4.149660375058662,4.149660375058662,54.17200693600294
ARIMA,45,1,1,2025-01-01,2025-02-14,2025-02-15,2025-03-16,2025-03-07,12.19140625,11.90813381204572,0.28327243795427925,0.28327243795427925,2.3235419454115824
ARIMA,45,1,1,2025-01-01,2025-02-14,2025-02-15,2025-03-16,2025-03-08,17.12109375,11.955334406690959,5.165759343309041,5.165759343309041,30.17190033965582
ARIMA,45,1,1,2025-01-01,2025-02-14,2025-02-15,2025-03-16,2025-03-09,14.265625,11.935778913516874,2.3298460864831263,2.3298460864831263,16.331889324744804
ARIMA,45,1,1,2025-01-01,2025-02-14,2025-02-15,2025-03-16,2025-03-10,9.5625,11.879841942001997,-2.317341942001997,2.317341942001997,24.233641223550297
ARIMA,45,1,1,2025-01-01,2025-02-14,2025-02-15,2025-03-16,2025-03-11,11.87109375,11.83240529154286,0.03868845845713942,0.03868845845713942,0.3259047504122307
ARIMA,45,1,1,2025-01-01,2025-02-14,2025-02-15,2025-03-16,2025-03-12,12.1171875,11.82083663004767,0.2963508699523292,0.2963508699523292,2.445706728168803
ARIMA,45,1,1,2025-01-01,2025-02-14,2025-02-15,2025-03-16,2025-03-13,12.9140625,11.842626875746213,1.0714356242537875,1.0714356242537875,8.296658191438887
ARIMA,45,1,1,2025-01-01,2025-02-14,2025-02-15,2025-03-16,2025-03-14,18.45703125,11.875078609482397,6.581952640517603,6.581952640517603,35.660949756031876
ARIMA,45,1,1,2025-01-01,2025-02-14,2025-02-15,2025-03-16,2025-03-15,18.71484375,11.894992090371513,6.819851659628487,6.819851659628487,36.44086881371097
ARIMA,45,1,1,2025-01-01,2025-02-14,2025-02-15,2025-03-16,2025-03-16,20.37109375,11.893316083991227,8.477777666008773,8.477777666008773,41.6167034036097
ARIMA,45,2,2,2025-01-01,2025-03-16,2025-03-17,2025-04-15,2025-03-17,11.1328125,13.226740547373101,-2.093928047373101,2.093928047373101,18.808616846579433
ARIMA,45,2,2,2025-01-01,2025-03-16,2025-03-17,2025-04-15,2025-03-18,15.32421875,8.582519451353368,6.7416992986466315,6.7416992986466315,43.99375530088039
ARIMA,45,2,2,2025-01-01,2025-03-16,2025-03-17,2025-04-15,2025-03-19,11.4296875,8.003889840731901,3.425797659268099,3.425797659268099,29.972802487102985
ARIMA,45,2,2,2025-01-01,2025-03-16,2025-03-17,2025-04-15,2025-03-20,11.41796875,10.110437587771205,1.3075311622287948,1.3075311622287948,11.45152163977323
ARIMA,45,2,2,2025-01-01,2025-03-16,2025-03-17,2025-04-15,2025-03-21,17.328125,12.589316392035332,4.738808607964668,4.738808607964668,27.347497827749205
ARIMA,45,2,2,2025-01-01,2025-03-16,2025-03-17,2025-04-15,2025-03-22,19.71875,13.888676235734994,5.830073764265006,5.830073764265006,29.566142703087188
ARIMA,45,2,2,2025-01-01,2025-03-16,2025-03-17,2025-04-15,2025-03-23,18.00390625,13.771984913620441,4.231921336379559,4.231921336379559,23.50557305517828
ARIMA,45,2,2,2025-01-01,2025-03-16,2025-03-17,2025-04-15,2025-03-24,9.1953125,12.899203813387427,-3.7038913133874267,3.7038913133874267,40.28021139452767
ARIMA,45,2,2,2025-01-01,2025-03-16,2025-03-17,2025-04-15,2025-03-25,12.94140625,12.079007473481877,0.8623987765181234,0.8623987765181234,6.663872224226972
ARIMA,45,2,2,2025-01-01,2025-03-16,2025-03-17,2025-04-15,2025-03-26,13.65234375,11.751094420040985,1.9012493299590147,1.9012493299590147,13.926175349628261
ARIMA,45,2,2,2025-01-01,2025-03-16,2025-03-17,2025-04-15,2025-03-27,14.77734375,11.893484808842926,2.883858941157074,2.883858941157074,19.51540811356624
ARIMA,45,2,2,2025-01-01,2025-03-16,2025-03-17,2025-04-15,2025-03-28,15.93359375,12.228644453284442,3.704949296715558,3.704949296715558,23.252439812679157
ARIMA,45,2,2,2025-01-01,2025-03-16,2025-03-17,2025-04-15,2025-03-29,21.890625,12.486981966665555,9.403643033334445,9.403643033334445,42.95739858197034
ARIMA,45,2,2,2025-01-01,2025-03-16,2025-03-17,2025-04-15,2025-03-30,19.109375,12.555294057699664,6.554080942300336,6.554080942300336,34.297725290860306
ARIMA,45,2,2,2025-01-01,2025-03-16,2025-03-17,2025-04-15,2025-03-31,11.83203125,12.474868065102115,-0.6428368151021147,0.6428368151021147,5.433021613276373
ARIMA,45,2,2,2025-01-01,2025-03-16,2025-03-17,2025-04-15,2025-04-01,11.05859375,12.353403339660241,-1.2948095896602414,1.2948095896602414,11.708627868351176
ARIMA,45,2,2,2025-01-01,2025-03-16,2025-03-17,2025-04-15,2025-04-02,12.88671875,12.276506363690519,0.610212386309481,0.610212386309481,4.735203725226649
ARIMA,45,2,2,2025-01-01,2025-03-16,2025-03-17,2025-04-15,2025-04-03,15.1796875,12.268766298147185,2.9109212018528154,2.9109212018528154,19.17642376928257
ARIMA,45,2,2,2025-01-01,2025-03-16,2025-03-17,2025-04-15,2025-04-04,15.9609375,12.30551814119864,3.6554193588013604,3.6554193588013604,22.90228477369428
ARIMA,45,2,2,2025-01-01,2025-03-16,2025-03-17,2025-04-15,2025-04-05,22.37890625,12.34739916681448,10.03150708318552,10.03150708318552,44.82572548953558
ARIMA,45,2,2,2025-01-01,2025-03-16,2025-03-17,2025-04-15,2025-04-06,18.0703125,12.368678037928738,5.701634462071262,5.701634462071262,31.552495077610093
ARIMA,45,2,2,2025-01-01,2025-03-16,2025-03-17,2025-04-15,2025-04-07,10.953125,12.366020825847995,-1.4128958258479951,1.4128958258479951,12.899476869368288
ARIMA,45,2,2,2025-01-01,2025-03-16,2025-03-17,2025-04-15,2025-04-08,12.00390625,12.350968624208818,-0.3470623742088179,0.3470623742088179,2.8912452911635986
ARIMA,45,2,2,2025-01-01,2025-03-16,2025-03-17,2025-04-15,2025-04-09,12.2734375,12.337197469669077,-0.06375996966907671,0.06375996966907671,0.5194956153814015
ARIMA,45,2,2,2025-01-01,2025-03-16,2025-03-17,2025-04-15,2025-04-10,11.3203125,12.33192284460495,-1.01161034460495,1.01161034460495,8.936240449236275
ARIMA,45,2,2,2025-01-01,2025-03-16,2025-03-17,2025-04-15,2025-04-11,16.63671875,12.334548654528604,4.302170095471396,4.302170095471396,25.85948683824084
ARIMA,45,2,2,2025-01-01,2025-03-16,2025-03-17,2025-04-15,2025-04-12,23.734375,12.340281058714845,11.394093941285155,11.394093941285155,48.006715749983535
ARIMA,45,2,2,2025-01-01,2025-03-16,2025-03-17,2025-04-15,2025-04-13,25.21484375,12.344589018663822,12.870254731336178,12.870254731336178,51.042373527839835
ARIMA,45,2,2,2025-01-01,2025-03-16,2025-03-17,2025-04-15,2025-04-14,14.3359375,12.345644961572624,1.9902925384273757,1.9902925384273757,13.88323950510649
ARIMA,45,2,2,2025-01-01,2025-03-16,2025-03-17,2025-04-15,2025-04-15,10.921875,12.344219149210666,-1.4223441492106659,1.4223441492106659,13.02289349778006
ARIMA,45,3,3,2025-01-01,2025-04-15,2025-04-16,2025-05-15,2025-04-16,13.640625,11.167636093563964,2.4729889064360364,2.4729889064360364,18.129586484754448
ARIMA,45,3,3,2025-01-01,2025-04-15,2025-04-16,2025-05-15,2025-04-17,15.99609375,14.595246603384831,1.4008471466151686,1.4008471466151686,8.75743271144037
ARIMA,45,3,3,2025-01-01,2025-04-15,2025-04-16,2025-05-15,2025-04-18,20.17578125,18.009213697378073,2.1665675526219275,2.1665675526219275,10.738456795183222
ARIMA,45,3,3,2025-01-01,2025-04-15,2025-04-16,2025-05-15,2025-04-19,22.23046875,19.20828062350152,3.022188126498481,3.022188126498481,13.594801623328257
ARIMA,45,3,3,2025-01-01,2025-04-15,2025-04-16,2025-05-15,2025-04-20,11.9765625,18.100863896473097,-6.124301396473097,6.124301396473097,51.13571942260642
ARIMA,45,3,3,2025-01-01,2025-04-15,2025-04-16,2025-05-15,2025-04-21,13.4609375,16.113638812798506,-2.6527013127985057,2.6527013127985057,19.706660942438113
ARIMA,45,3,3,2025-01-01,2025-04-15,2025-04-16,2025-05-15,2025-04-22,11.8984375,14.801691097240765,-2.9032535972407647,2.9032535972407647,24.40029287241089
ARIMA,45,3,3,2025-01-01,2025-04-15,2025-04-16,2025-05-15,2025-04-23,16.4921875,14.80431363487717,1.68787386512283,1.68787386512283,10.234384402450129
ARIMA,45,3,3,2025-01-01,2025-04-15,2025-04-16,2025-05-15,2025-04-24,15.3671875,15.714426627889583,-0.34723912788958344,0.34723912788958344,2.259614050323675
ARIMA,45,3,3,2025-01-01,2025-04-15,2025-04-16,2025-05-15,2025-04-25,15.66015625,16.664235235366117,-1.0040789853661174,1.0040789853661174,6.411679228079971
ARIMA,45,3,3,2025-01-01,2025-04-15,2025-04-16,2025-05-15,2025-04-26,21.859375,17.027910306649673,4.831464693350327,4.831464693350327,22.10248322905082
ARIMA,45,3,3,2025-01-01,2025-04-15,2025-04-16,2025-05-15,2025-04-27,20.3125,16.751264501682577,3.561235498317423,3.561235498317423,17.53223629940885
ARIMA,45,3,3,2025-01-01,2025-04-15,2025-04-16,2025-05-15,2025-04-28,14.96875,16.210475749262088,-1.2417257492620877,1.2417257492620877,8.295453857283258
ARIMA,45,3,3,2025-01-01,2025-04-15,2025-04-16,2025-05-15,2025-04-29,15.859375,15.836356220512386,0.023018779487614438,0.023018779487614438,0.1451430430746132
ARIMA,45,3,3,2025-01-01,2025-04-15,2025-04-16,2025-05-15,2025-04-30,28.22265625,15.81919440590073,12.40346184409927,12.40346184409927,43.94859836801956
ARIMA,45,3,3,2025-01-01,2025-04-15,2025-04-16,2025-05-15,2025-05-01,21.9921875,16.059998851399815,5.932188648600185,5.932188648600185,26.97407271832411
ARIMA,45,3,3,2025-01-01,2025-04-15,2025-04-16,2025-05-15,2025-05-02,20.91796875,16.323655641011673,4.594313108988327,4.594313108988327,21.96347630067249
ARIMA,45,3,3,2025-01-01,2025-04-15,2025-04-16,2025-05-15,2025-05-03,20.4921875,16.432792116642187,4.059395383357813,4.059395383357813,19.809478043072822
ARIMA,45,3,3,2025-01-01,2025-04-15,2025-04-16,2025-05-15,2025-05-04,16.3203125,16.364555583307343,-0.044243083307343056,0.044243083307343056,0.27109213323790865
ARIMA,45,3,3,2025-01-01,2025-04-15,2025-04-16,2025-05-15,2025-05-05,14.921875,16.21772574496048,-1.2958507449604788,1.2958507449604788,8.68423535889745
ARIMA,45,3,3,2025-01-01,2025-04-15,2025-04-16,2025-05-15,2025-05-06,10.0546875,16.111392965220073,-6.056705465220073,6.056705465220073,60.237630112522865
ARIMA,45,3,3,2025-01-01,2025-04-15,2025-04-16,2025-05-15,2025-05-07,10.64453125,16.101761073059595,-5.4572298230595955,5.4572298230595955,51.26792053956905
ARIMA,45,3,3,2025-01-01,2025-04-15,2025-04-16,2025-05-15,2025-05-08,16.6484375,16.165231883102216,0.4832056168977843,0.4832056168977843,2.9024082103667945
ARIMA,45,3,3,2025-01-01,2025-04-15,2025-04-16,2025-05-15,2025-05-09,14.73828125,16.238259159195437,-1.4999779091954366,1.4999779091954366,10.177427637265618
ARIMA,45,3,3,2025-01-01,2025-04-15,2025-04-16,2025-05-15,2025-05-10,22.3515625,16.270719384881776,6.080843115118224,6.080843115118224,27.205449798501668
ARIMA,45,3,3,2025-01-01,2025-04-15,2025-04-16,2025-05-15,2025-05-11,21.41015625,16.254152879831484,5.156003370168516,5.156003370168516,24.082044567836896
ARIMA,45,3,3,2025-01-01,2025-04-15,2025-04-16,2025-05-15,2025-05-12,13.95703125,16.214380611707355,-2.2573493617073552,2.2573493617073552,16.17356385662141
ARIMA,45,3,3,2025-01-01,2025-04-15,2025-04-16,2025-05-15,2025-05-13,11.1953125,16.184252112973542,-4.988939612973542,4.988939612973542,44.56275439362271
ARIMA,45,3,3,2025-01-01,2025-04-15,2025-04-16,2025-05-15,2025-05-14,11.15234375,16.180256824623314,-5.027913074623314,5.027913074623314,45.08391408418803
ARIMA,45,3,3,2025-01-01,2025-04-15,2025-04-16,2025-05-15,2025-05-15,14.74609375,16.196916823073447,-1.4508230730734475,1.4508230730734475,9.838694217398743
ARIMA,45,4,4,2025-01-01,2025-05-15,2025-05-16,2025-06-14,2025-05-16,18.07421875,14.669611633541535,3.4046071164584646,3.4046071164584646,18.836814821987616
ARIMA,45,4,4,2025-01-01,2025-05-15,2025-05-16,2025-06-14,2025-05-17,18.09375,14.056204072647388,4.037545927352612,4.037545927352612,22.31458889037713
ARIMA,45,4,4,2025-01-01,2025-05-15,2025-05-16,2025-06-14,2025-05-18,17.8125,14.250972029174669,3.561527970825331,3.561527970825331,19.99454299410712
ARIMA,45,4,4,2025-01-01,2025-05-15,2025-05-16,2025-06-14,2025-05-19,10.21484375,13.904289175241091,-3.6894454252410913,3.6894454252410913,36.11847146698736
ARIMA,45,4,4,2025-01-01,2025-05-15,2025-05-16,2025-06-14,2025-05-20,12.2578125,14.120672885669615,-1.8628603856696149,1.8628603856696149,15.197331380861105
ARIMA,45,4,4,2025-01-01,2025-05-15,2025-05-16,2025-06-14,2025-05-21,10.76171875,13.885061814916819,-3.123343064916819,3.123343064916819,29.022715957121804
ARIMA,45,4,4,2025-01-01,2025-05-15,2025-05-16,2025-06-14,2025-05-22,12.37109375,14.069647495730765,-1.6985537457307647,1.6985537457307647,13.730020805401825
ARIMA,45,4,4,2025-01-01,2025-05-15,2025-05-16,2025-06-14,2025-05-23,11.80078125,13.895516694918548,-2.0947354449185482,2.0947354449185482,17.750820056244564
ARIMA,45,4,4,2025-01-01,2025-05-15,2025-05-16,2025-06-14,2025-05-24,16.109375,14.042953896898673,2.0664211031013267,2.0664211031013267,12.82744428695295
ARIMA,45,4,4,2025-01-01,2025-05-15,2025-05-16,2025-06-14,2025-05-25,15.21484375,13.910148967830558,1.3046947821694417,1.3046947821694417,8.57514413954755
ARIMA,45,4,4,2025-01-01,2025-05-15,2025-05-16,2025-06-14,2025-05-26,14.57421875,14.025569629825643,0.5486491201743569,0.5486491201743569,3.7645182193684095
ARIMA,45,4,4,2025-01-01,2025-05-15,2025-05-16,2025-06-14,2025-05-27,10.80859375,13.923172827669537,-3.1145790776695375,3.1145790776695375,28.81576595169503
ARIMA,45,4,4,2025-01-01,2025-05-15,2025-05-16,2025-06-14,2025-05-28,7.69921875,14.012943877998696,-6.313725127998696,6.313725127998696,82.0047505209369
ARIMA,45,4,4,2025-01-01,2025-05-15,2025-05-16,2025-06-14,2025-05-29,12.7890625,13.933702320090164,-1.1446398200901644,1.1446398200901644,8.950146424651255
ARIMA,45,4,4,2025-01-01,2025-05-15,2025-05-16,2025-06-14,2025-05-30,13.609375,14.003374557498,-0.39399955749800064,0.39399955749800064,2.8950598943595915
ARIMA,45,4,4,2025-01-01,2025-05-15,2025-05-16,2025-06-14,2025-05-31,16.671875,13.941976948905479,2.729898051094521,2.729898051094521,16.37427134677126
ARIMA,45,4,4,2025-01-01,2025-05-15,2025-05-16,2025-06-14,2025-06-01,17.265625,13.996012005996025,3.2696129940039746,3.2696129940039746,18.93712503314519
ARIMA,45,4,4,2025-01-01,2025-05-15,2025-05-16,2025-06-14,2025-06-02,11.390625,13.948420797720743,-2.5577957977207433,2.5577957977207433,22.45527174953739
ARIMA,45,4,4,2025-01-01,2025-05-15,2025-05-16,2025-06-14,2025-06-03,11.7265625,13.990318428593167,-2.2637559285931665,2.2637559285931665,19.3045142478298
ARIMA,45,4,4,2025-01-01,2025-05-15,2025-05-16,2025-06-14,2025-06-04,11.234375,13.953424004757219,-2.7190490047572187,2.7190490047572187,24.20293968073185
ARIMA,45,4,4,2025-01-01,2025-05-15,2025-05-16,2025-06-14,2025-06-05,10.44921875,13.985908002294032,-3.536689252294032,3.536689252294032,33.84644667615971
ARIMA,45,4,4,2025-01-01,2025-05-15,2025-05-16,2025-06-14,2025-06-06,13.23046875,13.957304828103213,-0.7268360781032133,0.7268360781032133,5.493653262309495
ARIMA,45,4,4,2025-01-01,2025-05-15,2025-05-16,2025-06-14,2025-06-07,17.609375,13.982489612486399,3.6268853875136013,3.6268853875136013,20.596332280467657
ARIMA,45,4,4,2025-01-01,2025-05-15,2025-05-16,2025-06-14,2025-06-08,15.859375,13.960314072627812,1.8990609273721883,1.8990609273721883,11.974374320376361
ARIMA,45,4,4,2025-01-01,2025-05-15,2025-05-16,2025-06-14,2025-06-09,11.43359375,13.979839622634861,-2.546245872634861,2.546245872634861,22.26986482386486
ARIMA,45,4,4,2025-01-01,2025-05-15,2025-05-16,2025-06-14,2025-06-10,9.70703125,13.962647230022482,-4.2556159800224815,4.2556159800224815,43.84055094107667
ARIMA,45,4,4,2025-01-01,2025-05-15,2025-05-16,2025-06-14,2025-06-11,11.69921875,13.977785180408903,-2.278566430408903,2.278566430408903,19.476227251575263
ARIMA,45,4,4,2025-01-01,2025-05-15,2025-05-16,2025-06-14,2025-06-12,11.1328125,13.964456131782542,-2.8316436317825424,2.8316436317825424,25.43511472759056
ARIMA,45,4,4,2025-01-01,2025-05-15,2025-05-16,2025-06-14,2025-06-13,12.66796875,13.976192411939799,-1.3082236619397989,1.3082236619397989,10.327019964742167
ARIMA,45,4,4,2025-01-01,2025-05-15,2025-05-16,2025-06-14,2025-06-14,17.33203125,13.965858560327286,3.366172689672714,3.366172689672714,19.421686016592627
ARIMA,45,5,5,2025-01-01,2025-06-14,2025-06-15,2025-07-14,2025-06-15,13.140625,15.7167176524942,-2.5760926524942,2.5760926524942,19.60403445417703
ARIMA,45,5,5,2025-01-01,2025-06-14,2025-06-15,2025-07-14,2025-06-16,10.5859375,13.239351596297574,-2.653414096297574,2.653414096297574,25.065461573881144
ARIMA,45,5,5,2025-01-01,2025-06-14,2025-06-15,2025-07-14,2025-06-17,10.41796875,11.690559397202112,-1.2725906472021116,1.2725906472021116,12.215343295228367
ARIMA,45,5,5,2025-01-01,2025-06-14,2025-06-15,2025-07-14,2025-06-18,10.4921875,11.617632553641192,-1.125445053641192,1.125445053641192,10.726505351159537
ARIMA,45,5,5,2025-01-01,2025-06-14,2025-06-15,2025-07-14,2025-06-19,15.37890625,12.487963348077685,2.8909429019223154,2.8909429019223154,18.798104721669105
ARIMA,45,5,5,2025-01-01,2025-06-14,2025-06-15,2025-07-14,2025-06-20,13.1015625,13.422793242022502,-0.321230742022502,0.321230742022502,2.4518506248586918
ARIMA,45,5,5,2025-01-01,2025-06-14,2025-06-15,2025-07-14,2025-06-21,13.66796875,13.848113701885124,-0.18014495188512392,0.18014495188512392,1.3180082218517213
ARIMA,45,5,5,2025-01-01,2025-06-14,2025-06-15,2025-07-14,2025-06-22,15.90234375,13.712861429782123,2.189482320217877,2.189482320217877,13.768299532689179
ARIMA,45,5,5,2025-01-01,2025-06-14,2025-06-15,2025-07-14,2025-06-23,11.78515625,13.315007846791111,-1.5298515967911115,1.5298515967911115,12.981173641979602
ARIMA,45,5,5,2025-01-01,2025-06-14,2025-06-15,2025-07-14,2025-06-24,11.30078125,12.990527875244759,-1.6897466252447586,1.6897466252447586,14.952476186058009
ARIMA,45,5,5,2025-01-01,2025-06-14,2025-06-15,2025-07-14,2025-06-25,11.765625,12.901323847912547,-1.135698847912547,1.135698847912547,9.652686091155777
ARIMA,45,5,5,2025-01-01,2025-06-14,2025-06-15,2025-07-14,2025-06-26,10.85546875,13.008037898176077,-2.1525691481760774,2.1525691481760774,19.829352354554725
ARIMA,45,5,5,2025-01-01,2025-06-14,2025-06-15,2025-07-14,2025-06-27,13.60546875,13.171629198993049,0.43383955100695104,0.43383955100695104,3.1887144719431375
ARIMA,45,5,5,2025-01-01,2025-06-14,2025-06-15,2025-07-14,2025-06-28,15.6328125,13.273873525703383,2.358938974296617,2.358938974296617,15.08966460319675
ARIMA,45,5,5,2025-01-01,2025-06-14,2025-06-15,2025-07-14,2025-06-29,17.41796875,13.278659346114708,4.139309403885292,4.139309403885292,23.764593123898518
ARIMA,45,5,5,2025-01-01,2025-06-14,2025-06-15,2025-07-14,2025-06-30,14.37890625,13.2211748657061,1.1577313842938999,1.1577313842938999,8.051595609324595
ARIMA,45,5,5,2025-01-01,2025-06-14,2025-06-15,2025-07-14,2025-07-01,11.33984375,13.159449151696322,-1.8196054016963217,1.8196054016963217,16.046124107277244
ARIMA,45,5,5,2025-01-01,2025-06-14,2025-06-15,2025-07-14,2025-07-02,9.7421875,13.13137646102788,-3.3891889610278803,3.3891889610278803,34.788788052250894
ARIMA,45,5,5,2025-01-01,2025-06-14,2025-06-15,2025-07-14,2025-07-03,13.31640625,13.140317972248274,0.17608827775172564,0.17608827775172564,1.3223408361525892
ARIMA,45,5,5,2025-01-01,2025-06-14,2025-06-15,2025-07-14,2025-07-04,13.86328125,13.166592451356188,0.6966887986438124,0.6966887986438124,5.025424977537785
ARIMA,45,5,5,2025-01-01,2025-06-14,2025-06-15,2025-07-14,2025-07-05,14.7578125,13.188015576160485,1.5697969238395153,1.5697969238395153,10.637056974666912
ARIMA,45,5,5,2025-01-01,2025-06-14,2025-06-15,2025-07-14,2025-07-06,9.4765625,13.193900811034412,-3.7173383110344123,3.7173383110344123,39.226653240923724
ARIMA,45,5,5,2025-01-01,2025-06-14,2025-06-15,2025-07-14,2025-07-07,8.96484375,13.186850858209217,-4.222007108209217,4.222007108209217,47.095155542551616
ARIMA,45,5,5,2025-01-01,2025-06-14,2025-06-15,2025-07-14,2025-07-08,9.6875,13.176048211067512,-3.4885482110675117,3.4885482110675117,36.01082024327754
ARIMA,45,5,5,2025-01-01,2025-06-14,2025-06-15,2025-07-14,2025-07-09,12.1484375,13.169298499316323,-1.020860999316323,1.020860999316323,8.403228804661692
ARIMA,45,5,5,2025-01-01,2025-06-14,2025-06-15,2025-07-14,2025-07-10,11.09765625,13.168984442125419,-2.071328192125419,2.071328192125419,18.66455533910972
ARIMA,45,5,5,2025-01-01,2025-06-14,2025-06-15,2025-07-14,2025-07-11,12.33203125,13.172781234073575,-0.8407499840735753,0.8407499840735753,6.817611527489238
ARIMA,45,5,5,2025-01-01,2025-06-14,2025-06-15,2025-07-14,2025-07-12,18.7734375,13.176856909731901,5.596580590268099,5.596580590268099,29.81116585744139
ARIMA,45,5,5,2025-01-01,2025-06-14,2025-06-15,2025-07-14,2025-07-13,14.00390625,13.178709808514068,0.8251964414859323,0.8251964414859323,5.8926161511966155
ARIMA,45,5,5,2025-01-01,2025-06-14,2025-06-15,2025-07-14,2025-07-14,9.69921875,13.178118687196156,-3.4788999371961555,3.4788999371961555,35.86783664608199
ARIMA,45,6,6,2025-01-01,2025-07-14,2025-07-15,2025-08-13,2025-07-15,11.79296875,11.59714301424765,0.19582573575235074,0.19582573575235074,1.6605295910103277
ARIMA,45,6,6,2025-01-01,2025-07-14,2025-07-15,2025-08-13,2025-07-16,11.625,12.576663391259675,-0.9516633912596753,0.9516633912596753,8.1863517527714
ARIMA,45,6,6,2025-01-01,2025-07-14,2025-07-15,2025-08-13,2025-07-17,11.20703125,13.092898282495625,-1.885867032495625,1.885867032495625,16.827534343634717
ARIMA,45,6,6,2025-01-01,2025-07-14,2025-07-15,2025-08-13,2025-07-18,12.76953125,13.354187985625591,-0.5846567356255914,0.5846567356255914,4.578529345981995
ARIMA,45,6,6,2025-01-01,2025-07-14,2025-07-15,2025-08-13,2025-07-19,16.83984375,13.497071630300576,3.342772119699424,3.342772119699424,19.850374916331536
ARIMA,45,6,6,2025-01-01,2025-07-14,2025-07-15,2025-08-13,2025-07-20,15.55859375,13.56428569590524,1.9943080540947609,1.9943080540947609,12.818048251274385
ARIMA,45,6,6,2025-01-01,2025-07-14,2025-07-15,2025-08-13,2025-07-21,10.421875,13.606284734853618,-3.1844097348536184,3.1844097348536184,30.555055926631418
ARIMA,45,6,6,2025-01-01,2025-07-14,2025-07-15,2025-08-13,2025-07-22,12.03125,13.621056964418507,-1.589806964418507,1.589806964418507,13.213979963997982
ARIMA,45,6,6,2025-01-01,2025-07-14,2025-07-15,2025-08-13,2025-07-23,12.75390625,13.635795580263546,-0.8818893302635455,0.8818893302635455,6.914660598697325
ARIMA,45,6,6,2025-01-01,2025-07-14,2025-07-15,2025-08-13,2025-07-24,10.875,13.636397348347115,-2.7613973483471153,2.7613973483471153,25.392159525030944
ARIMA,45,6,6,2025-01-01,2025-07-14,2025-07-15,2025-08-13,2025-07-25,12.4609375,13.64376979401612,-1.1828322940161193,1.1828322940161193,9.492321857935002
ARIMA,45,6,6,2025-01-01,2025-07-14,2025-07-15,2025-08-13,2025-07-26,17.00390625,13.64054254521137,3.3633637047886307,3.3633637047886307,19.77994735644129
ARIMA,45,6,6,2025-01-01,2025-07-14,2025-07-15,2025-08-13,2025-07-27,14.58203125,13.645924517730128,0.936106732269872,0.936106732269872,6.419590770455056
ARIMA,45,6,6,2025-01-01,2025-07-14,2025-07-15,2025-08-13,2025-07-28,12.27734375,13.641662650657292,-1.3643189006572918,1.3643189006572918,11.112492477514053
ARIMA,45,6,6,2025-01-01,2025-07-14,2025-07-15,2025-08-13,2025-07-29,11.1640625,13.646506736288963,-2.4824442362889627,2.4824442362889627,22.23602954828462
ARIMA,45,6,6,2025-01-01,2025-07-14,2025-07-15,2025-08-13,2025-07-30,11.828125,13.641965335363562,-1.8138403353635617,1.8138403353635617,15.334977736230904
ARIMA,45,6,6,2025-01-01,2025-07-14,2025-07-15,2025-08-13,2025-07-31,12.734375,13.64666404262251,-0.9122890426225094,0.9122890426225094,7.163987573968172
ARIMA,45,6,6,2025-01-01,2025-07-14,2025-07-15,2025-08-13,2025-08-01,14.0546875,13.642047141896716,0.4126403581032836,0.4126403581032836,2.9359625256931796
ARIMA,45,6,6,2025-01-01,2025-07-14,2025-07-15,2025-08-13,2025-08-02,18.59375,13.646706531908617,4.947043468091383,4.947043468091383,26.60594806368475
ARIMA,45,6,6,2025-01-01,2025-07-14,2025-07-15,2025-08-13,2025-08-03,15.4609375,13.642069264150901,1.8188682358490986,1.8188682358490986,11.764281666937071
ARIMA,45,6,6,2025-01-01,2025-07-14,2025-07-15,2025-08-13,2025-08-04,13.875,13.646717996071072,0.2282820039289284,0.2282820039289284,1.6452757039922767
ARIMA,45,6,6,2025-01-01,2025-07-14,2025-07-15,2025-08-13,2025-08-05,12.921875,13.642075258903064,-0.7202002589030645,0.7202002589030645,5.573496562248625
ARIMA,45,6,6,2025-01-01,2025-07-14,2025-07-15,2025-08-13,2025-08-06,11.60546875,13.646721076824404,-2.041252326824404,2.041252326824404,17.588710725918798
ARIMA,45,6,6,2025-01-01,2025-07-14,2025-07-15,2025-08-13,2025-08-07,13.20703125,13.642076895785225,-0.435045645785225,0.435045645785225,3.2940457060342383
ARIMA,45,6,6,2025-01-01,2025-07-14,2025-07-15,2025-08-13,2025-08-08,14.25390625,13.646721892267031,0.6071843577329687,0.6071843577329687,4.2597751597599345
ARIMA,45,6,6,2025-01-01,2025-07-14,2025-07-15,2025-08-13,2025-08-09,16.66015625,13.64207735511162,3.0180788948883794,3.0180788948883794,18.115549755953698
ARIMA,45,6,6,2025-01-01,2025-07-14,2025-07-15,2025-08-13,2025-08-10,12.44921875,13.646722095592146,-1.1975033455921462,1.1975033455921462,9.61910437626575
ARIMA,45,6,6,2025-01-01,2025-07-14,2025-07-15,2025-08-13,2025-08-11,12.37890625,13.642077496246303,-1.2631712462463032,1.2631712462463032,10.204223384002955
ARIMA,45,6,6,2025-01-01,2025-07-14,2025-07-15,2025-08-13,2025-08-12,10.80859375,13.646722133514976,-2.8381283835149755,2.8381283835149755,26.258072503788714
ARIMA,45,6,6,2025-01-01,2025-07-14,2025-07-15,2025-08-13,2025-08-13,11.75,13.642077551401098,-1.8920775514010977,1.8920775514010977,16.102787671498703
ARIMA,45,7,7,2025-01-01,2025-08-13,2025-08-14,2025-09-12,2025-08-14,11.91796875,13.71452018980023,-1.7965514398002291,1.7965514398002291,15.07430903273873
ARIMA,45,7,7,2025-01-01,2025-08-13,2025-08-14,2025-09-12,2025-08-15,14.9765625,14.61334428467285,0.3632182153271497,0.3632182153271497,2.4252442129303686
ARIMA,45,7,7,2025-01-01,2025-08-13,2025-08-14,2025-09-12,2025-08-16,15.7109375,14.33792362512313,1.3730138748768699,1.3730138748768699,8.739223072314239
ARIMA,45,7,7,2025-01-01,2025-08-13,2025-08-14,2025-09-12,2025-08-17,17.4296875,13.518579757027899,3.911107742972101,3.911107742972101,22.439345186034465
ARIMA,45,7,7,2025-01-01,2025-08-13,2025-08-14,2025-09-12,2025-08-18,13.48046875,12.857124433398846,0.6233443166011536,0.6233443166011536,4.624055202836724
ARIMA,45,7,7,2025-01-01,2025-08-13,2025-08-14,2025-09-12,2025-08-19,13.83984375,12.682627325105997,1.1572164248940027,1.1572164248940027,8.361484752268266
ARIMA,45,7,7,2025-01-01,2025-08-13,2025-08-14,2025-09-12,2025-08-20,13.26953125,12.904744442469855,0.3647868075301446,0.3647868075301446,2.7490557176248753
ARIMA,45,7,7,2025-01-01,2025-08-13,2025-08-14,2025-09-12,2025-08-21,13.02734375,13.234097299075586,-0.20675354907558585,0.20675354907558585,1.587073720040479
ARIMA,45,7,7,2025-01-01,2025-08-13,2025-08-14,2025-09-12,2025-08-22,16.01953125,13.43289796139289,2.5866332886071106,2.5866332886071106,16.14674766845697
ARIMA,45,7,7,2025-01-01,2025-08-13,2025-08-14,2025-09-12,2025-08-23,26.41015625,13.435303403006541,12.974852846993459,12.974852846993459,49.12826991318334
ARIMA,45,7,7,2025-01-01,2025-08-13,2025-08-14,2025-09-12,2025-08-24,25.89453125,13.318020012384128,12.576511237615872,12.576511237615872,48.5682135590536
ARIMA,45,7,7,2025-01-01,2025-08-13,2025-08-14,2025-09-12,2025-08-25,15.6796875,13.19814841465544,2.4815390853445596,2.4815390853445596,15.826457544798386
ARIMA,45,7,7,2025-01-01,2025-08-13,2025-08-14,2025-09-12,2025-08-26,12.02734375,13.147736731089546,-1.1203929810895463,1.1203929810895463,9.315381720004021
ARIMA,45,7,7,2025-01-01,2025-08-13,2025-08-14,2025-09-12,2025-08-27,11.4609375,13.169018493916633,-1.7080809939166333,1.7080809939166333,14.903501514746356
ARIMA,45,7,7,2025-01-01,2025-08-13,2025-08-14,2025-09-12,2025-08-28,13.8359375,13.220863573298725,0.6150739267012746,0.6150739267012746,4.445480667293233
ARIMA,45,7,7,2025-01-01,2025-08-13,2025-08-14,2025-09-12,2025-08-29,16.3984375,13.260397181015216,3.1380403189847836,3.1380403189847836,19.13621538018353
ARIMA,45,7,7,2025-01-01,2025-08-13,2025-08-14,2025-09-12,2025-08-30,20.38671875,13.269095302897032,7.117623447102968,7.117623447102968,34.91304085952021
ARIMA,45,7,7,2025-01-01,2025-08-13,2025-08-14,2025-09-12,2025-08-31,19.58203125,13.254071915352487,6.327959334647513,6.327959334647513,32.31513244902779
ARIMA,45,7,7,2025-01-01,2025-08-13,2025-08-14,2025-09-12,2025-09-01,23.41015625,13.233664769884667,10.176491480115333,10.176491480115333,43.47041246303229
ARIMA,45,7,7,2025-01-01,2025-08-13,2025-08-14,2025-09-12,2025-09-02,11.5625,13.222105979657803,-1.6596059796578029,1.6596059796578029,14.353349013256675
ARIMA,45,7,7,2025-01-01,2025-08-13,2025-08-14,2025-09-12,2025-09-03,13.06640625,13.222723478452986,-0.1563172284529859,0.1563172284529859,1.1963291624503554
ARIMA,45,7,7,2025-01-01,2025-08-13,2025-08-14,2025-09-12,2025-09-04,11.08984375,13.230307358578333,-2.140463608578333,2.140463608578333,19.301116019586235
ARIMA,45,7,7,2025-01-01,2025-08-13,2025-08-14,2025-09-12,2025-09-05,13.89453125,13.237593095561556,0.6569381544384445,0.6569381544384445,4.728033948165359
ARIMA,45,7,7,2025-01-01,2025-08-13,2025-08-14,2025-09-12,2025-09-06,19.28515625,13.240382831851559,6.044773418148441,6.044773418148441,31.344176525136742
ARIMA,45,7,7,2025-01-01,2025-08-13,2025-08-14,2025-09-12,2025-09-07,19.7109375,13.238812410423376,6.472125089576624,6.472125089576624,32.8351966494573
ARIMA,45,7,7,2025-01-01,2025-08-13,2025-08-14,2025-09-12,2025-09-08,8.5859375,13.235546826918963,-4.649609326918963,4.649609326918963,54.153775600148066
ARIMA,45,7,7,2025-01-01,2025-08-13,2025-08-14,2025-09-12,2025-09-09,11.88671875,13.233195173592513,-1.346476423592513,1.346476423592513,11.327570306923542
ARIMA,45,7,7,2025-01-01,2025-08-13,2025-08-14,2025-09-12,2025-09-10,9.19921875,13.232787110950914,-4.033568360950914,4.033568360950914,43.84685776660017
ARIMA,45,7,7,2025-01-01,2025-08-13,2025-08-14,2025-09-12,2025-09-11,12.69921875,13.233791182869464,-0.5345724328694637,0.5345724328694637,4.209490704847207
ARIMA,45,7,7,2025-01-01,2025-08-13,2025-08-14,2025-09-12,2025-09-12,13.2421875,13.235050735921599,0.00713676407840147,0.00713676407840147,0.053894147612707256
ARIMA,45,8,8,2025-01-01,2025-09-12,2025-09-13,2025-10-12,2025-09-13,18.23046875,14.878609575805363,3.3518591741946366,3.3518591741946366,18.386028467834304
ARIMA,45,8,8,2025-01-01,2025-09-12,2025-09-13,2025-10-12,2025-09-14,15.44140625,14.812365050694945,0.6290411993050551,0.6290411993050551,4.073730003088644
ARIMA,45,8,8,2025-01-01,2025-09-12,2025-09-13,2025-10-12,2025-09-15,10.828125,13.724140793115913,-2.8960157931159127,2.8960157931159127,26.745311797895877
ARIMA,45,8,8,2025-01-01,2025-09-12,2025-09-13,2025-10-12,2025-09-16,11.87890625,12.650140523962326,-0.7712342739623264,0.7712342739623264,6.492468731810443
ARIMA,45,8,8,2025-01-01,2025-09-12,2025-09-13,2025-10-12,2025-09-17,9.30859375,12.227936357894285,-2.9193426078942846,2.9193426078942846,31.361800571587782
ARIMA,45,8,8,2025-01-01,2025-09-12,2025-09-13,2025-10-12,2025-09-18,12.50390625,12.464879336008039,0.03902691399196101,0.03902691399196101,0.3121177751309597
ARIMA,45,8,8,2025-01-01,2025-09-12,2025-09-13,2025-10-12,2025-09-19,16.0859375,12.970968613690891,3.114968886309109,3.114968886309109,19.364546743446624
ARIMA,45,8,8,2025-01-01,2025-09-12,2025-09-13,2025-10-12,2025-09-20,18.859375,13.341914735653763,5.517460264346237,5.517460264346237,29.255795933567452
ARIMA,45,8,8,2025-01-01,2025-09-12,2025-09-13,2025-10-12,2025-09-21,18.55859375,13.406538326972512,5.1520554230274875,5.1520554230274875,27.761022696170002
ARIMA,45,8,8,2025-01-01,2025-09-12,2025-09-13,2025-10-12,2025-09-22,10.22265625,13.241480158867796,-3.0188239088677964,3.0188239088677964,29.53071916966587
ARIMA,45,8,8,2025-01-01,2025-09-12,2025-09-13,2025-10-12,2025-09-23,9.7109375,13.032020851389241,-3.321083351389241,3.321083351389241,34.199410215432245
ARIMA,45,8,8,2025-01-01,2025-09-12,2025-09-13,2025-10-12,2025-09-24,9.390625,12.920265161923847,-3.5296401619238473,3.5296401619238473,37.586850310004365
ARIMA,45,8,8,2025-01-01,2025-09-12,2025-09-13,2025-10-12,2025-09-25,9.78515625,12.936329146044631,-3.1511728960446312,3.1511728960446312,32.20360324899902
ARIMA,45,8,8,2025-01-01,2025-09-12,2025-09-13,2025-10-12,2025-09-26,15.32421875,13.02247406123463,2.3017446887653694,2.3017446887653694,15.020306916235906
ARIMA,45,8,8,2025-01-01,2025-09-12,2025-09-13,2025-10-12,2025-09-27,18.71484375,13.100746574369488,5.614097175630512,5.614097175630512,29.998098037182448
ARIMA,45,8,8,2025-01-01,2025-09-12,2025-09-13,2025-10-12,2025-09-28,17.06640625,13.1272543753366,3.9391518746634,3.9391518746634,23.081320208602207
ARIMA,45,8,8,2025-01-01,2025-09-12,2025-09-13,2025-10-12,2025-09-29,11.71484375,13.105617852636918,-1.390774102636918,1.390774102636918,11.871896307937678
ARIMA,45,8,8,2025-01-01,2025-09-12,2025-09-13,2025-10-12,2025-09-30,11.19140625,13.066914935385338,-1.8755086853853378,1.8755086853853378,16.758472022989405
ARIMA,45,8,8,2025-01-01,2025-09-12,2025-09-13,2025-10-12,2025-10-01,9.77734375,13.040739563204257,-3.263395813204257,3.263395813204257,33.377120582512575
ARIMA,45,8,8,2025-01-01,2025-09-12,2025-09-13,2025-10-12,2025-10-02,10.85546875,13.03804461023804,-2.1825758602380407,2.1825758602380407,20.105772588015057
ARIMA,45,8,8,2025-01-01,2025-09-12,2025-09-13,2025-10-12,2025-10-03,14.015625,13.05160329131767,0.9640217086823295,0.9640217086823295,6.878192793274146
ARIMA,45,8,8,2025-01-01,2025-09-12,2025-09-13,2025-10-12,2025-10-04,20.60546875,13.06717971854145,7.53828903145855,7.53828903145855,36.58392401996945
ARIMA,45,8,8,2025-01-01,2025-09-12,2025-09-13,2025-10-12,2025-10-05,18.5234375,13.074689743223448,5.448747756776552,5.448747756776552,29.415424414483283
ARIMA,45,8,8,2025-01-01,2025-09-12,2025-09-13,2025-10-12,2025-10-06,10.6640625,13.072674541687652,-2.408612041687652,2.408612041687652,22.5862521125289
ARIMA,45,8,8,2025-01-01,2025-09-12,2025-09-13,2025-10-12,2025-10-07,11.9296875,13.065926590319618,-1.1362390903196182,1.1362390903196182,9.524466506935896
ARIMA,45,8,8,2025-01-01,2025-09-12,2025-09-13,2025-10-12,2025-10-08,12.04296875,13.060267222111007,-1.0172984721110065,1.0172984721110065,8.447239988985327
ARIMA,45,8,8,2025-01-01,2025-09-12,2025-09-13,2025-10-12,2025-10-09,12.76171875,13.058674459735368,-0.2969557097353679,0.2969557097353679,2.326925671633125
ARIMA,45,8,8,2025-01-01,2025-09-12,2025-09-13,2025-10-12,2025-10-10,15.87890625,13.060570754040747,2.8183354959592535,2.8183354959592535,17.74892710862408
ARIMA,45,8,8,2025-01-01,2025-09-12,2025-09-13,2025-10-12,2025-10-11,21.76171875,13.06350734629737,8.69821140370263,8.69821140370263,39.97024087861916
ARIMA,45,8,8,2025-01-01,2025-09-12,2025-09-13,2025-10-12,2025-10-12,16.6328125,13.065334650314389,3.567477849685611,3.567477849685611,21.448434230143647
ARIMA,45,9,9,2025-01-01,2025-10-12,2025-10-13,2025-11-11,2025-10-13,11.2578125,13.098597982588586,-1.8407854825885863,1.8407854825885863,16.351182635068636
ARIMA,45,9,9,2025-01-01,2025-10-12,2025-10-13,2025-11-11,2025-10-14,11.03515625,11.892512785970117,-0.8573565359701174,0.8573565359701174,7.769319405605311
ARIMA,45,9,9,2025-01-01,2025-10-12,2025-10-13,2025-11-11,2025-10-15,10.23828125,12.947739922763754,-2.7094586727637537,2.7094586727637537,26.463999245613163
ARIMA,45,9,9,2025-01-01,2025-10-12,2025-10-13,2025-11-11,2025-10-16,13.40625,14.828703736310272,-1.4224537363102723,1.4224537363102723,10.610377520263103
ARIMA,45,9,9,2025-01-01,2025-10-12,2025-10-13,2025-11-11,2025-10-17,17.51171875,16.09052966638763,1.4211890836123686,1.4211890836123686,8.115645893481293
ARIMA,45,9,9,2025-01-01,2025-10-12,2025-10-13,2025-11-11,2025-10-18,18.5390625,16.171690065210726,2.3673724347892744,2.3673724347892744,12.769644823136414
ARIMA,45,9,9,2025-01-01,2025-10-12,2025-10-13,2025-11-11,2025-10-19,15.17578125,15.432615956273917,-0.25683470627391713,0.25683470627391713,1.6923985793081797
ARIMA,45,9,9,2025-01-01,2025-10-12,2025-10-13,2025-11-11,2025-10-20,10.79296875,14.613362542525367,-3.8203937925253673,3.8203937925253673,35.39706155940984
ARIMA,45,9,9,2025-01-01,2025-10-12,2025-10-13,2025-11-11,2025-10-21,13.44921875,14.246102924409849,-0.7968841744098487,0.7968841744098487,5.925133565173432
ARIMA,45,9,9,2025-01-01,2025-10-12,2025-10-13,2025-11-11,2025-10-22,11.66796875,14.399799455064798,-2.731830705064798,2.731830705064798,23.41307869088009
ARIMA,45,9,9,2025-01-01,2025-10-12,2025-10-13,2025-11-11,2025-10-23,12.23828125,14.798761543047721,-2.5604802930477213,2.5604802930477213,20.92189451069954
ARIMA,45,9,9,2025-01-01,2025-10-12,2025-10-13,2025-11-11,2025-10-24,14.52734375,15.112149792935805,-0.5848060429358046,0.5848060429358046,4.025553831448399
ARIMA,45,9,9,2025-01-01,2025-10-12,2025-10-13,2025-11-11,2025-10-25,19.265625,15.176798326300728,4.0888266736992716,4.0888266736992716,21.223431234124362
ARIMA,45,9,9,2025-01-01,2025-10-12,2025-10-13,2025-11-11,2025-10-26,19.89453125,15.03937185766132,4.855159392338679,4.855159392338679,24.404492527757743
ARIMA,45,9,9,2025-01-01,2025-10-12,2025-10-13,2025-11-11,2025-10-27,9.4921875,14.854705008165727,-5.362517508165727,5.362517508165727,56.49401160865951
ARIMA,45,9,9,2025-01-01,2025-10-12,2025-10-13,2025-11-11,2025-10-28,12.7578125,14.752892549861281,-1.995080049861281,1.995080049861281,15.63810449370753
ARIMA,45,9,9,2025-01-01,2025-10-12,2025-10-13,2025-11-11,2025-10-29,9.73828125,14.767807059449401,-5.029525809449401,5.029525809449401,51.6469557649036
ARIMA,45,9,9,2025-01-01,2025-10-12,2025-10-13,2025-11-11,2025-10-30,9.109375,14.849694274094409,-5.740319274094409,5.740319274094409,63.01551175678254
ARIMA,45,9,9,2025-01-01,2025-10-12,2025-10-13,2025-11-11,2025-10-31,13.49609375,14.924868115444873,-1.4287743654448732,1.4287743654448732,10.586577063788353
ARIMA,45,9,9,2025-01-01,2025-10-12,2025-10-13,2025-11-11,2025-11-01,21.05078125,14.949387748443067,6.101393501556933,6.101393501556933,28.984166568910275
ARIMA,45,9,9,2025-01-01,2025-10-12,2025-10-13,2025-11-11,2025-11-02,19.015625,14.925766778920474,4.089858221079526,4.089858221079526,21.50788218151928
ARIMA,45,9,9,2025-01-01,2025-10-12,2025-10-13,2025-11-11,2025-11-03,12.2890625,14.885278751433201,-2.5962162514332014,2.5962162514332014,21.126235230988545
ARIMA,45,9,9,2025-01-01,2025-10-12,2025-10-13,2025-11-11,2025-11-04,15.23046875,14.858709524124556,0.37175922587544363,0.37175922587544363,2.4408915574278938
ARIMA,45,9,9,2025-01-01,2025-10-12,2025-10-13,2025-11-11,2025-11-05,10.9765625,14.857576101348522,-3.8810136013485224,3.8810136013485224,35.35727693755237
ARIMA,45,9,9,2025-01-01,2025-10-12,2025-10-13,2025-11-11,2025-11-06,12.0625,14.87373488299661,-2.81123488299661,2.81123488299661,23.305574159557388
ARIMA,45,9,9,2025-01-01,2025-10-12,2025-10-13,2025-11-11,2025-11-07,13.328125,14.89122845494689,-1.5631034549468907,1.5631034549468907,11.727857106283823
ARIMA,45,9,9,2025-01-01,2025-10-12,2025-10-13,2025-11-11,2025-11-08,19.1171875,14.898824431006016,4.218363068993984,4.218363068993984,22.065814173732324
ARIMA,45,9,9,2025-01-01,2025-10-12,2025-10-13,2025-11-11,2025-11-09,17.85546875,14.895287327588672,2.9601814224113276,2.9601814224113276,16.57857020646029
ARIMA,45,9,9,2025-01-01,2025-10-12,2025-10-13,2025-11-11,2025-11-10,11.03515625,14.886664235220213,-3.8515079852202128,3.8515079852202128,34.9021608572168
ARIMA,45,9,9,2025-01-01,2025-10-12,2025-10-13,2025-11-11,2025-11-11,10.47265625,14.880031075682666,-4.407374825682666,4.407374825682666,42.08459363576137
ARIMA,45,10,10,2025-01-01,2025-10-13,2025-10-14,2025-11-12,2025-10-14,11.03515625,10.821777343528257,0.21337890647174262,0.21337890647174262,1.9336283205934908
ARIMA,45,10,10,2025-01-01,2025-10-13,2025-10-14,2025-11-12,2025-10-15,10.23828125,12.84003940191439,-2.6017581519143906,2.6017581519143906,25.412059782147423
ARIMA,45,10,10,2025-01-01,2025-10-13,2025-10-14,2025-11-12,2025-10-16,13.40625,15.213107876140349,-1.8068578761403487,1.8068578761403487,13.477727747433836
ARIMA,45,10,10,2025-01-01,2025-10-13,2025-10-14,2025-11-12,2025-10-17,17.51171875,16.349769602662178,1.1619491473378218,1.1619491473378218,6.635266154773197
ARIMA,45,10,10,2025-01-01,2025-10-13,2025-10-14,2025-11-12,2025-10-18,18.5390625,15.975376735020987,2.563685764979013,2.563685764979013,13.82856206984044
ARIMA,45,10,10,2025-01-01,2025-10-13,2025-10-14,2025-11-12,2025-10-19,15.17578125,14.845379073651582,0.33040217634841795,0.33040217634841795,2.1771674940848134
ARIMA,45,10,10,2025-01-01,2025-10-13,2025-10-14,2025-11-12,2025-10-20,10.79296875,13.920839782882346,-3.1278710328823465,3.1278710328823465,28.980636424823768
ARIMA,45,10,10,2025-01-01,2025-10-13,2025-10-14,2025-11-12,2025-10-21,13.44921875,13.702548671027055,-0.25332992102705454,0.25332992102705454,1.8836032466722614
ARIMA,45,10,10,2025-01-01,2025-10-13,2025-10-14,2025-11-12,2025-10-22,11.66796875,14.08073889658759,-2.41277014658759,2.41277014658759,20.67857909361979
ARIMA,45,10,10,2025-01-01,2025-10-13,2025-10-14,2025-11-12,2025-10-23,12.23828125,14.614651530460131,-2.376370280460131,2.376370280460131,19.417516495301424
ARIMA,45,10,10,2025-01-01,2025-10-13,2025-10-14,2025-11-12,2025-10-24,14.52734375,14.919972902342039,-0.3926291523420389,0.3926291523420389,2.7026905888561967
ARIMA,45,10,10,2025-01-01,2025-10-13,2025-10-14,2025-11-12,2025-10-25,19.265625,14.887042619094013,4.378582380905987,4.378582380905987,22.72743490494592
ARIMA,45,10,10,2025-01-01,2025-10-13,2025-10-14,2025-11-12,2025-10-26,19.89453125,14.6534908794527,5.241040370547299,5.241040370547299,26.344125954449417
ARIMA,45,10,10,2025-01-01,2025-10-13,2025-10-14,2025-11-12,2025-10-27,9.4921875,14.433362404998293,-4.941174904998293,4.941174904998293,52.055175953891485
ARIMA,45,10,10,2025-01-01,2025-10-13,2025-10-14,2025-11-12,2025-10-28,12.7578125,14.358197522349831,-1.6003850223498315,1.6003850223498315,12.54435290023138
ARIMA,45,10,10,2025-01-01,2025-10-13,2025-10-14,2025-11-12,2025-10-29,9.73828125,14.424248586301845,-4.685967336301845,4.685967336301845,48.11903883246178
ARIMA,45,10,10,2025-01-01,2025-10-13,2025-10-14,2025-11-12,2025-10-30,9.109375,14.541696738993666,-5.432321738993666,5.432321738993666,59.63440674023922
ARIMA,45,10,10,2025-01-01,2025-10-13,2025-10-14,2025-11-12,2025-10-31,13.49609375,14.620059777171672,-1.1239660271716723,1.1239660271716723,8.32808402187983
ARIMA,45,10,10,2025-01-01,2025-10-13,2025-10-14,2025-11-12,2025-11-01,21.05078125,14.624403469429145,6.426377780570855,6.426377780570855,30.527977580741116
ARIMA,45,10,10,2025-01-01,2025-10-13,2025-10-14,2025-11-12,2025-11-02,19.015625,14.57769945985339,4.43792554014661,4.43792554014661,23.33831015360584
ARIMA,45,10,10,2025-01-01,2025-10-13,2025-10-14,2025-11-12,2025-11-03,12.2890625,14.52653941303309,-2.23747691303309,2.23747691303309,18.207059432182803
ARIMA,45,10,10,2025-01-01,2025-10-13,2025-10-14,2025-11-12,2025-11-04,15.23046875,14.504120767394571,0.7263479826054287,0.7263479826054287,4.769045487227231
ARIMA,45,10,10,2025-01-01,2025-10-13,2025-10-14,2025-11-12,2025-11-05,10.9765625,14.51435062962482,-3.53778812962482,3.53778812962482,32.23038296028306
ARIMA,45,10,10,2025-01-01,2025-10-13,2025-10-14,2025-11-12,2025-11-06,12.0625,14.53958205149934,-2.4770820514993392,2.4770820514993392,20.535395245590376
ARIMA,45,10,10,2025-01-01,2025-10-13,2025-10-14,2025-11-12,2025-11-07,13.328125,14.559003997102364,-1.230878997102364,1.230878997102364,9.235199978259237
ARIMA,45,10,10,2025-01-01,2025-10-13,2025-10-14,2025-11-12,2025-11-08,19.1171875,14.56261397996319,4.55457352003681,4.55457352003681,23.82449573210918
ARIMA,45,10,10,2025-01-01,2025-10-13,2025-10-14,2025-11-12,2025-11-09,17.85546875,14.553659779634712,3.301808970365288,3.301808970365288,18.491863846281202
ARIMA,45,10,10,2025-01-01,2025-10-13,2025-10-14,2025-11-12,2025-11-10,11.03515625,14.5420367844079,-3.5068805344079,3.5068805344079,31.779165196758314
ARIMA,45,10,10,2025-01-01,2025-10-13,2025-10-14,2025-11-12,2025-11-11,10.47265625,14.535861292784542,-4.063205042784542,4.063205042784542,38.79822793557787
ARIMA,45,10,10,2025-01-01,2025-10-13,2025-10-14,2025-11-12,2025-11-12,9.6953125,14.537065685424468,-4.8417531854244675,4.8417531854244675,49.93911424128379
Prophet,45,1,1,2025-01-01,2025-02-14,2025-02-15,2025-03-16,2025-02-15,13.20703125,18.02841506506872,-4.821383815068721,4.821383815068721,36.50618919425
Prophet,45,1,1,2025-01-01,2025-02-14,2025-02-15,2025-03-16,2025-02-16,13.00390625,15.525231212848784,-2.5213249628487837,2.5213249628487837,19.38898139048629
Prophet,45,1,1,2025-01-01,2025-02-14,2025-02-15,2025-03-16,2025-02-17,9.2421875,11.713446941603403,-2.4712594416034026,2.4712594416034026,26.738901819546534
Prophet,45,1,1,2025-01-01,2025-02-14,2025-02-15,2025-03-16,2025-02-18,9.37890625,10.125866126525805,-0.7469598765258052,0.7469598765258052,7.964253577284721
Prophet,45,1,1,2025-01-01,2025-02-14,2025-02-15,2025-03-16,2025-02-19,9.0703125,11.178315133059487,-2.1080026330594865,2.1080026330594865,23.24068363752061
Prophet,45,1,1,2025-01-01,2025-02-14,2025-02-15,2025-03-16,2025-02-20,10.89453125,10.781344740997207,0.11318650900279259,0.11318650900279259,1.0389295914203982
Prophet,45,1,1,2025-01-01,2025-02-14,2025-02-15,2025-03-16,2025-02-21,10.4609375,14.594234768232864,-4.133297268232864,4.133297268232864,39.51172892709534
Prophet,45,1,1,2025-01-01,2025-02-14,2025-02-15,2025-03-16,2025-02-22,17.296875,18.342753378928773,-1.045878378928773,1.045878378928773,6.046632001033556
Prophet,45,1,1,2025-01-01,2025-02-14,2025-02-15,2025-03-16,2025-02-23,19.20703125,15.795252152897225,3.411779097102775,3.411779097102775,17.76317772744174
Prophet,45,1,1,2025-01-01,2025-02-14,2025-02-15,2025-03-16,2025-02-24,8.99609375,11.916666901360617,-2.9205731513606175,2.9205731513606175,32.46490346280148
Prophet,45,1,1,2025-01-01,2025-02-14,2025-02-15,2025-03-16,2025-02-25,10.953125,10.301108357587495,0.6520166424125051,0.6520166424125051,5.952791029158392
Prophet,45,1,1,2025-01-01,2025-02-14,2025-02-15,2025-03-16,2025-02-26,9.31640625,11.371294350899394,-2.0548881008993938,2.0548881008993938,22.056660537955757
Prophet,45,1,1,2025-01-01,2025-02-14,2025-02-15,2025-03-16,2025-02-27,11.63671875,10.967012873106196,0.6697058768938042,0.6697058768938042,5.75510924756005
Prophet,45,1,1,2025-01-01,2025-02-14,2025-02-15,2025-03-16,2025-02-28,14.5390625,14.844948796068621,-0.3058862960686213,0.3058862960686213,2.103892847758384
Prophet,45,1,1,2025-01-01,2025-02-14,2025-02-15,2025-03-16,2025-03-01,15.1796875,18.65709169278337,-3.4774041927833714,3.4774041927833714,22.908272602999048
Prophet,45,1,1,2025-01-01,2025-02-14,2025-02-15,2025-03-16,2025-03-02,12.4921875,16.06527309294775,-3.5730855929477485,3.5730855929477485,28.60256134442225
Prophet,45,1,1,2025-01-01,2025-02-14,2025-02-15,2025-03-16,2025-03-03,8.95703125,12.119886861132422,-3.1628556111324215,3.1628556111324215,35.31142766898822
Prophet,45,1,1,2025-01-01,2025-02-14,2025-02-15,2025-03-16,2025-03-04,11.60546875,10.47635058864703,1.1291181613529702,1.1291181613529702,9.729190484899371
Prophet,45,1,1,2025-01-01,2025-02-14,2025-02-15,2025-03-16,2025-03-05,8.8046875,11.56427356873669,-2.7595860687366898,2.7595860687366898,31.34223751537678
Prophet,45,1,1,2025-01-01,2025-02-14,2025-02-15,2025-03-16,2025-03-06,7.66015625,11.152681005223343,-3.492524755223343,3.492524755223343,45.5933879315235
Prophet,45,1,1,2025-01-01,2025-02-14,2025-02-15,2025-03-16,2025-03-07,12.19140625,15.095662823907343,-2.904256573907343,2.904256573907343,23.822162221091954
Prophet,45,1,1,2025-01-01,2025-02-14,2025-02-15,2025-03-16,2025-03-08,17.12109375,18.971430006640773,-1.850336256640773,1.850336256640773,10.807348430299747
Prophet,45,1,1,2025-01-01,2025-02-14,2025-02-15,2025-03-16,2025-03-09,14.265625,16.33529403299821,-2.0696690329982097,2.0696690329982097,14.5080852258363
Prophet,45,1,1,2025-01-01,2025-02-14,2025-02-15,2025-03-16,2025-03-10,9.5625,12.323106820889672,-2.760606820889672,2.760606820889672,28.86909093740833
Prophet,45,1,1,2025-01-01,2025-02-14,2025-02-15,2025-03-16,2025-03-11,11.87109375,10.651592819708709,1.2195009302912911,1.2195009302912911,10.27286074875191
Prophet,45,1,1,2025-01-01,2025-02-14,2025-02-15,2025-03-16,2025-03-12,12.1171875,11.757252786576613,0.359934713423387,0.359934713423387,2.970447667194941
Prophet,45,1,1,2025-01-01,2025-02-14,2025-02-15,2025-03-16,2025-03-13,12.9140625,11.338349137338184,1.5757133626618156,1.5757133626618156,12.20153118092634
Prophet,45,1,1,2025-01-01,2025-02-14,2025-02-15,2025-03-16,2025-03-14,18.45703125,15.346376851743353,3.1106543982566475,3.1106543982566475,16.85349261277676
Prophet,45,1,1,2025-01-01,2025-02-14,2025-02-15,2025-03-16,2025-03-15,18.71484375,19.28576832049346,-0.5709245704934602,0.5709245704934602,3.050651013281691
Prophet,45,1,1,2025-01-01,2025-02-14,2025-02-15,2025-03-16,2025-03-16,20.37109375,16.605314973044024,3.765778776955976,3.765778776955976,18.48589390030163
Prophet,45,2,2,2025-01-01,2025-03-16,2025-03-17,2025-04-15,2025-03-17,11.1328125,10.837001663477,0.29581083652299967,0.29581083652299967,2.657107864908348
Prophet,45,2,2,2025-01-01,2025-03-16,2025-03-17,2025-04-15,2025-03-18,15.32421875,10.675183511618068,4.6490352383819324,4.6490352383819324,30.33782872867129
Prophet,45,2,2,2025-01-01,2025-03-16,2025-03-17,2025-04-15,2025-03-19,11.4296875,10.831682556314723,0.598004943685277,0.598004943685277,5.232032316590257
Prophet,45,2,2,2025-01-01,2025-03-16,2025-03-17,2025-04-15,2025-03-20,11.41796875,10.951018816934802,0.46694993306519805,0.46694993306519805,4.089605982370534
Prophet,45,2,2,2025-01-01,2025-03-16,2025-03-17,2025-04-15,2025-03-21,17.328125,14.555763947564438,2.7723610524355617,2.7723610524355617,15.999198138491971
Prophet,45,2,2,2025-01-01,2025-03-16,2025-03-17,2025-04-15,2025-03-22,19.71875,17.649237502209488,2.0695124977905124,2.0695124977905124,10.49515054347011
Prophet,45,2,2,2025-01-01,2025-03-16,2025-03-17,2025-04-15,2025-03-23,18.00390625,16.11294946936194,1.89095678063806,1.89095678063806,10.50303614327063
Prophet,45,2,2,2025-01-01,2025-03-16,2025-03-17,2025-04-15,2025-03-24,9.1953125,10.942896999698021,-1.7475844996980214,1.7475844996980214,19.005167031550275
Prophet,45,2,2,2025-01-01,2025-03-16,2025-03-17,2025-04-15,2025-03-25,12.94140625,10.779352204045233,2.1620540459547666,2.1620540459547666,16.706484629170546
Prophet,45,2,2,2025-01-01,2025-03-16,2025-03-17,2025-04-15,2025-03-26,13.65234375,10.937231234897908,2.715112515102092,2.715112515102092,19.887519423923763
Prophet,45,2,2,2025-01-01,2025-03-16,2025-03-17,2025-04-15,2025-03-27,14.77734375,11.057582017853639,3.7197617321463614,3.7197617321463614,25.17205930292013
Prophet,45,2,2,2025-01-01,2025-03-16,2025-03-17,2025-04-15,2025-03-28,15.93359375,14.697207915293275,1.2363858347067254,1.2363858347067254,7.759616908186362
Prophet,45,2,2,2025-01-01,2025-03-16,2025-03-17,2025-04-15,2025-03-29,21.890625,17.82050419255361,4.07012080744639,4.07012080744639,18.59298584415196
Prophet,45,2,2,2025-01-01,2025-03-16,2025-03-17,2025-04-15,2025-03-30,19.109375,16.26909169627215,2.840283303727851,2.840283303727851,14.863297746409032
Prophet,45,2,2,2025-01-01,2025-03-16,2025-03-17,2025-04-15,2025-03-31,11.83203125,11.048792335931997,0.7832389140680025,0.7832389140680025,6.619648795028348
Prophet,45,2,2,2025-01-01,2025-03-16,2025-03-17,2025-04-15,2025-04-01,11.05859375,10.88352089647447,0.17507285352552948,0.17507285352552948,1.5831384847239685
Prophet,45,2,2,2025-01-01,2025-03-16,2025-03-17,2025-04-15,2025-04-02,12.88671875,11.042779913480382,1.8439388365196177,1.8439388365196177,14.308831226099489
Prophet,45,2,2,2025-01-01,2025-03-16,2025-03-17,2025-04-15,2025-04-03,15.1796875,11.164145218772479,4.015542281227521,4.015542281227521,26.453392279831327
Prophet,45,2,2,2025-01-01,2025-03-16,2025-03-17,2025-04-15,2025-04-04,15.9609375,14.838651883017954,1.1222856169820457,1.1222856169820457,7.031451736353492
Prophet,45,2,2,2025-01-01,2025-03-16,2025-03-17,2025-04-15,2025-04-05,22.37890625,17.991770882896546,4.387135367103454,4.387135367103454,19.603886437048075
Prophet,45,2,2,2025-01-01,2025-03-16,2025-03-17,2025-04-15,2025-04-06,18.0703125,16.425233923202125,1.645078576797875,1.645078576797875,9.10376384911924
Prophet,45,2,2,2025-01-01,2025-03-16,2025-03-17,2025-04-15,2025-04-07,10.953125,11.154687672154163,-0.20156267215416257,0.20156267215416257,1.8402298170993445
Prophet,45,2,2,2025-01-01,2025-03-16,2025-03-17,2025-04-15,2025-04-08,12.00390625,10.987689588899569,1.0162166611004313,1.0162166611004313,8.465716408776778
Prophet,45,2,2,2025-01-01,2025-03-16,2025-03-17,2025-04-15,2025-04-09,12.2734375,11.14832859206023,1.1251089079397705,1.1251089079397705,9.167023565645488
Prophet,45,2,2,2025-01-01,2025-03-16,2025-03-17,2025-04-15,2025-04-10,11.3203125,11.270708419693989,0.049604080306011156,0.049604080306011156,0.43818649269630283
Prophet,45,2,2,2025-01-01,2025-03-16,2025-03-17,2025-04-15,2025-04-11,16.63671875,14.980095850724991,1.6566228992750087,1.6566228992750087,9.957630012078004
Prophet,45,2,2,2025-01-01,2025-03-16,2025-03-17,2025-04-15,2025-04-12,23.734375,18.163037573240718,5.571337426759282,5.571337426759282,23.473706077195132
Prophet,45,2,2,2025-01-01,2025-03-16,2025-03-17,2025-04-15,2025-04-13,25.21484375,16.58137615011238,8.63346759988762,8.63346759988762,34.23962363394625
Prophet,45,2,2,2025-01-01,2025-03-16,2025-03-17,2025-04-15,2025-04-14,14.3359375,11.26058300837629,3.0753544916237097,3.0753544916237097,21.45206402876484
Prophet,45,2,2,2025-01-01,2025-03-16,2025-03-17,2025-04-15,2025-04-15,10.921875,11.09185828132885,-0.1699832813288502,0.1699832813288502,1.5563562238979134
Prophet,45,3,3,2025-01-01,2025-04-15,2025-04-16,2025-05-15,2025-04-16,13.640625,13.54711815587168,0.09350684412832067,0.09350684412832067,0.685502637366841
Prophet,45,3,3,2025-01-01,2025-04-15,2025-04-16,2025-05-15,2025-04-17,15.99609375,13.893775324225235,2.102318425774765,2.102318425774765,13.142698827798288
Prophet,45,3,3,2025-01-01,2025-04-15,2025-04-16,2025-05-15,2025-04-18,20.17578125,18.100617528539455,2.0751637214605445,2.0751637214605445,10.285419413241033
Prophet,45,3,3,2025-01-01,2025-04-15,2025-04-16,2025-05-15,2025-04-19,22.23046875,22.735555165469503,-0.5050864154695027,0.5050864154695027,2.2720457276435195
Prophet,45,3,3,2025-01-01,2025-04-15,2025-04-16,2025-05-15,2025-04-20,11.9765625,20.83893145202297,-8.862368952022969,8.862368952022969,73.99760116496672
Prophet,45,3,3,2025-01-01,2025-04-15,2025-04-16,2025-05-15,2025-04-21,13.4609375,13.368756476524048,0.09218102347595192,0.09218102347595192,0.6848038888521094
Prophet,45,3,3,2025-01-01,2025-04-15,2025-04-16,2025-05-15,2025-04-22,11.8984375,13.678619776980524,-1.7801822769805238,1.7801822769805238,14.961479412574331
Prophet,45,3,3,2025-01-01,2025-04-15,2025-04-16,2025-05-15,2025-04-23,16.4921875,13.986404126432772,2.505783373567228,2.505783373567228,15.193759915518957
Prophet,45,3,3,2025-01-01,2025-04-15,2025-04-16,2025-05-15,2025-04-24,15.3671875,14.342224802484083,1.0249626975159174,1.0249626975159174,6.669813181598243
Prophet,45,3,3,2025-01-01,2025-04-15,2025-04-16,2025-05-15,2025-04-25,15.66015625,18.68216974271474,-3.0220134927147413,3.0220134927147413,19.297467052506207
Prophet,45,3,3,2025-01-01,2025-04-15,2025-04-16,2025-05-15,2025-04-26,21.859375,23.462685235408753,-1.6033102354087525,1.6033102354087525,7.334657259911377
Prophet,45,3,3,2025-01-01,2025-04-15,2025-04-16,2025-05-15,2025-04-27,20.3125,21.50237240016959,-1.189872400169591,1.189872400169591,5.8578333546810635
Prophet,45,3,3,2025-01-01,2025-04-15,2025-04-16,2025-05-15,2025-04-28,14.96875,13.792445397880496,1.1763046021195045,1.1763046021195045,7.858402352364122
Prophet,45,3,3,2025-01-01,2025-04-15,2025-04-16,2025-05-15,2025-04-29,15.859375,14.110175166662234,1.7491998333377659,1.7491998333377659,11.02943737277015
Prophet,45,3,3,2025-01-01,2025-04-15,2025-04-16,2025-05-15,2025-04-30,28.22265625,14.425690097001064,13.796966152998936,13.796966152998936,48.886136126888964
Prophet,45,3,3,2025-01-01,2025-04-15,2025-04-16,2025-05-15,2025-05-01,21.9921875,14.790674280742927,7.201513219257073,7.201513219257073,32.74577946944602
Prophet,45,3,3,2025-01-01,2025-04-15,2025-04-16,2025-05-15,2025-05-02,20.91796875,19.26372195688612,1.654246793113881,1.654246793113881,7.908257311618179
Prophet,45,3,3,2025-01-01,2025-04-15,2025-04-16,2025-05-15,2025-05-03,20.4921875,24.18981530533374,-3.6976278053337417,3.6976278053337417,18.044085363428096
Prophet,45,3,3,2025-01-01,2025-04-15,2025-04-16,2025-05-15,2025-05-04,16.3203125,22.165813348287042,-5.845500848287042,5.845500848287042,35.81733406322362
Prophet,45,3,3,2025-01-01,2025-04-15,2025-04-16,2025-05-15,2025-05-05,14.921875,14.2161343192371,0.7057406807629008,0.7057406807629008,4.729571054327293
Prophet,45,3,3,2025-01-01,2025-04-15,2025-04-16,2025-05-15,2025-05-06,10.0546875,14.541730556343978,-4.487043056343978,4.487043056343978,44.62638004755472
Prophet,45,3,3,2025-01-01,2025-04-15,2025-04-16,2025-05-15,2025-05-07,10.64453125,14.864976067562031,-4.220444817562031,4.220444817562031,39.64894947874789
Prophet,45,3,3,2025-01-01,2025-04-15,2025-04-16,2025-05-15,2025-05-08,16.6484375,15.23912375899649,1.4093137410035101,1.4093137410035101,8.46514119420222
Prophet,45,3,3,2025-01-01,2025-04-15,2025-04-16,2025-05-15,2025-05-09,14.73828125,19.845274171057593,-5.106992921057593,5.106992921057593,34.651210914146404
Prophet,45,3,3,2025-01-01,2025-04-15,2025-04-16,2025-05-15,2025-05-10,22.3515625,24.916945375273038,-2.5653828752730377,2.5653828752730377,11.477420763192898
Prophet,45,3,3,2025-01-01,2025-04-15,2025-04-16,2025-05-15,2025-05-11,21.41015625,22.82925429640744,-1.4190980464074414,1.4190980464074414,6.6281536194180815
Prophet,45,3,3,2025-01-01,2025-04-15,2025-04-16,2025-05-15,2025-05-12,13.95703125,14.639823240593518,-0.6827919905935182,0.6827919905935182,4.892100464370016
Prophet,45,3,3,2025-01-01,2025-04-15,2025-04-16,2025-05-15,2025-05-13,11.1953125,14.973285946028138,-3.7779734460281382,3.7779734460281382,33.746029385317634
Prophet,45,3,3,2025-01-01,2025-04-15,2025-04-16,2025-05-15,2025-05-14,11.15234375,15.304262038126728,-4.151918288126728,4.151918288126728,37.229109693885896
Prophet,45,3,3,2025-01-01,2025-04-15,2025-04-16,2025-05-15,2025-05-15,14.74609375,15.687573237259851,-0.9414794872598513,0.9414794872598513,6.384602615589985
Prophet,45,4,4,2025-01-01,2025-05-15,2025-05-16,2025-06-14,2025-05-16,18.07421875,18.941137367484746,-0.8669186174847461,0.8669186174847461,4.796437563779879
Prophet,45,4,4,2025-01-01,2025-05-15,2025-05-16,2025-06-14,2025-05-17,18.09375,23.54762184121766,-5.453871841217659,5.453871841217659,30.14229687719604
Prophet,45,4,4,2025-01-01,2025-05-15,2025-05-16,2025-06-14,2025-05-18,17.8125,20.84204500268141,-3.0295450026814095,3.0295450026814095,17.00797194487809
Prophet,45,4,4,2025-01-01,2025-05-15,2025-05-16,2025-06-14,2025-05-19,10.21484375,14.297523506958491,-4.082679756958491,4.082679756958491,39.96810775454584
Prophet,45,4,4,2025-01-01,2025-05-15,2025-05-16,2025-06-14,2025-05-20,12.2578125,13.89043961392529,-1.63262711392529,1.63262711392529,13.319073969562595
Prophet,45,4,4,2025-01-01,2025-05-15,2025-05-16,2025-06-14,2025-05-21,10.76171875,15.394369221208759,-4.632650471208759,4.632650471208759,43.047496211595
Prophet,45,4,4,2025-01-01,2025-05-15,2025-05-16,2025-06-14,2025-05-22,12.37109375,15.986992637465391,-3.6158988874653915,3.6158988874653915,29.22861115223051
Prophet,45,4,4,2025-01-01,2025-05-15,2025-05-16,2025-06-14,2025-05-23,11.80078125,19.346394962288944,-7.545613712288944,7.545613712288944,63.941645493080756
Prophet,45,4,4,2025-01-01,2025-05-15,2025-05-16,2025-06-14,2025-05-24,16.109375,24.049902848865486,-7.940527848865486,7.940527848865486,49.29134649150253
Prophet,45,4,4,2025-01-01,2025-05-15,2025-05-16,2025-06-14,2025-05-25,15.21484375,21.285264300487476,-6.070420550487476,6.070420550487476,39.898014401150036
Prophet,45,4,4,2025-01-01,2025-05-15,2025-05-16,2025-06-14,2025-05-26,14.57421875,14.600648528922804,-0.026429778922803848,0.026429778922803848,0.18134611107579163
Prophet,45,4,4,2025-01-01,2025-05-15,2025-05-16,2025-06-14,2025-05-27,10.80859375,14.184044703031015,-3.375450953031015,3.375450953031015,31.229325767110222
Prophet,45,4,4,2025-01-01,2025-05-15,2025-05-16,2025-06-14,2025-05-28,7.69921875,15.718783578942618,-8.019564828942618,8.019564828942618,104.16076084268444
Prophet,45,4,4,2025-01-01,2025-05-15,2025-05-16,2025-06-14,2025-05-29,12.7890625,16.322884481916883,-3.5338219819168835,3.5338219819168835,27.63159521596586
Prophet,45,4,4,2025-01-01,2025-05-15,2025-05-16,2025-06-14,2025-05-30,13.609375,19.751652557071356,-6.142277557071356,6.142277557071356,45.13269387515118
Prophet,45,4,4,2025-01-01,2025-05-15,2025-05-16,2025-06-14,2025-05-31,16.671875,24.552183856519928,-7.880308856519928,7.880308856519928,47.26708217593959
Prophet,45,4,4,2025-01-01,2025-05-15,2025-05-16,2025-06-14,2025-06-01,17.265625,21.728483598292296,-4.462858598292296,4.462858598292296,25.84823079553909
Prophet,45,4,4,2025-01-01,2025-05-15,2025-05-16,2025-06-14,2025-06-02,11.390625,14.903773550885676,-3.513148550885676,3.513148550885676,30.84245641381115
Prophet,45,4,4,2025-01-01,2025-05-15,2025-05-16,2025-06-14,2025-06-03,11.7265625,14.477649792137093,-2.7510872921370932,2.7510872921370932,23.460304689776677
Prophet,45,4,4,2025-01-01,2025-05-15,2025-05-16,2025-06-14,2025-06-04,11.234375,16.04319793667343,-4.80882293667343,4.80882293667343,42.80454352532677
Prophet,45,4,4,2025-01-01,2025-05-15,2025-05-16,2025-06-14,2025-06-05,10.44921875,16.658776326367562,-6.209557576367562,6.209557576367562,59.426046338321335
Prophet,45,4,4,2025-01-01,2025-05-15,2025-05-16,2025-06-14,2025-06-06,13.23046875,20.156910151874285,-6.9264414018742855,6.9264414018742855,52.35219955358185
Prophet,45,4,4,2025-01-01,2025-05-15,2025-05-16,2025-06-14,2025-06-07,17.609375,25.05446486417566,-7.44508986417566,7.44508986417566,42.27912611421848
Prophet,45,4,4,2025-01-01,2025-05-15,2025-05-16,2025-06-14,2025-06-08,15.859375,22.171702896097948,-6.312327896097948,6.312327896097948,39.801870477858984
Prophet,45,4,4,2025-01-01,2025-05-15,2025-05-16,2025-06-14,2025-06-09,11.43359375,15.206898572849742,-3.7733048228497417,3.7733048228497417,33.001914405518754
Prophet,45,4,4,2025-01-01,2025-05-15,2025-05-16,2025-06-14,2025-06-10,9.70703125,14.771254881242935,-5.064223631242935,5.064223631242935,52.17067402809623
Prophet,45,4,4,2025-01-01,2025-05-15,2025-05-16,2025-06-14,2025-06-11,11.69921875,16.367612294407277,-4.668393544407277,4.668393544407277,39.903464018973715
Prophet,45,4,4,2025-01-01,2025-05-15,2025-05-16,2025-06-14,2025-06-12,11.1328125,16.994668170819157,-5.861855670819157,5.861855670819157,52.65386146420015
Prophet,45,4,4,2025-01-01,2025-05-15,2025-05-16,2025-06-14,2025-06-13,12.66796875,20.562167746678558,-7.894198996678558,7.894198996678558,62.31621779678418
Prophet,45,4,4,2025-01-01,2025-05-15,2025-05-16,2025-06-14,2025-06-14,17.33203125,25.556745871828937,-8.224714621828937,8.224714621828937,47.45384140608988
Prophet,45,5,5,2025-01-01,2025-06-14,2025-06-15,2025-07-14,2025-06-15,13.140625,16.053813861489566,-2.913188861489566,2.913188861489566,22.169332596353414
Prophet,45,5,5,2025-01-01,2025-06-14,2025-06-15,2025-07-14,2025-06-16,10.5859375,11.022330177795306,-0.4363926777953058,0.4363926777953058,4.12238101533573
Prophet,45,5,5,2025-01-01,2025-06-14,2025-06-15,2025-07-14,2025-06-17,10.41796875,10.634973204232757,-0.21700445423275738,0.21700445423275738,2.082982387835991
Prophet,45,5,5,2025-01-01,2025-06-14,2025-06-15,2025-07-14,2025-06-18,10.4921875,11.367605759145148,-0.8754182591451478,0.8754182591451478,8.34352473347572
Prophet,45,5,5,2025-01-01,2025-06-14,2025-06-15,2025-07-14,2025-06-19,15.37890625,11.89530346043138,3.4836027895686197,3.4836027895686197,22.651824082539157
Prophet,45,5,5,2025-01-01,2025-06-14,2025-06-15,2025-07-14,2025-06-20,13.1015625,14.137858882562181,-1.0362963825621812,1.0362963825621812,7.909715979007704
Prophet,45,5,5,2025-01-01,2025-06-14,2025-06-15,2025-07-14,2025-06-21,13.66796875,17.478543939797007,-3.8105751897970066,3.8105751897970066,27.87960127430791
Prophet,45,5,5,2025-01-01,2025-06-14,2025-06-15,2025-07-14,2025-06-22,15.90234375,15.658166397321196,0.24417735267880403,0.24417735267880403,1.5354802821364244
Prophet,45,5,5,2025-01-01,2025-06-14,2025-06-15,2025-07-14,2025-06-23,11.78515625,10.74972424128469,1.0354320087153095,1.0354320087153095,8.785899709350986
Prophet,45,5,5,2025-01-01,2025-06-14,2025-06-15,2025-07-14,2025-06-24,11.30078125,10.371014830618655,0.9297664193813446,0.9297664193813446,8.227452587681446
Prophet,45,5,5,2025-01-01,2025-06-14,2025-06-15,2025-07-14,2025-06-25,11.765625,11.084459610940552,0.6811653890594478,0.6811653890594478,5.789453505950154
Prophet,45,5,5,2025-01-01,2025-06-14,2025-06-15,2025-07-14,2025-06-26,10.85546875,11.597955276598743,-0.7424865265987428,0.7424865265987428,6.839746340744086
Prophet,45,5,5,2025-01-01,2025-06-14,2025-06-15,2025-07-14,2025-06-27,13.60546875,13.783186759311786,-0.1777180093117856,0.1777180093117856,1.306224817221278
Prophet,45,5,5,2025-01-01,2025-06-14,2025-06-15,2025-07-14,2025-06-28,15.6328125,17.038487998305804,-1.4056754983058042,1.4056754983058042,8.991827275519388
Prophet,45,5,5,2025-01-01,2025-06-14,2025-06-15,2025-07-14,2025-06-29,17.41796875,15.26251893315173,2.15544981684827,2.15544981684827,12.374863267843846
Prophet,45,5,5,2025-01-01,2025-06-14,2025-06-15,2025-07-14,2025-06-30,14.37890625,10.477118304773391,3.9017879452266087,3.9017879452266087,27.135498885574894
Prophet,45,5,5,2025-01-01,2025-06-14,2025-06-15,2025-07-14,2025-07-01,11.33984375,10.107056456999796,1.2327872930002037,1.2327872930002037,10.871289941717263
Prophet,45,5,5,2025-01-01,2025-06-14,2025-06-15,2025-07-14,2025-07-02,9.7421875,10.801313462734896,-1.0591259627348961,1.0591259627348961,10.871541558144884
Prophet,45,5,5,2025-01-01,2025-06-14,2025-06-15,2025-07-14,2025-07-03,13.31640625,11.300607092768166,2.015799157231834,2.015799157231834,15.137711477012306
Prophet,45,5,5,2025-01-01,2025-06-14,2025-06-15,2025-07-14,2025-07-04,13.86328125,13.428514636058384,0.43476661394161553,0.43476661394161553,3.1361018080882945
Prophet,45,5,5,2025-01-01,2025-06-14,2025-06-15,2025-07-14,2025-07-05,14.7578125,16.598432056813046,-1.8406195568130457,1.8406195568130457,12.472170633778182
Prophet,45,5,5,2025-01-01,2025-06-14,2025-06-15,2025-07-14,2025-07-06,9.4765625,14.866871468984924,-5.3903089689849235,5.3903089689849235,56.88042440478732
Prophet,45,5,5,2025-01-01,2025-06-14,2025-06-15,2025-07-14,2025-07-07,8.96484375,10.204512368262217,-1.2396686182622165,1.2396686182622165,13.828111820266992
Prophet,45,5,5,2025-01-01,2025-06-14,2025-06-15,2025-07-14,2025-07-08,9.6875,9.843098083385872,-0.1555980833858719,0.1555980833858719,1.6061737639831937
Prophet,45,5,5,2025-01-01,2025-06-14,2025-06-15,2025-07-14,2025-07-09,12.1484375,10.518167314529242,1.6302701854707582,1.6302701854707582,13.419587378794665
Prophet,45,5,5,2025-01-01,2025-06-14,2025-06-15,2025-07-14,2025-07-10,11.09765625,11.003258908939678,0.09439734106032205,0.09439734106032205,0.8506061003675622
Prophet,45,5,5,2025-01-01,2025-06-14,2025-06-15,2025-07-14,2025-07-11,12.33203125,13.07384251280624,-0.7418112628062392,0.7418112628062392,6.015320978093039
Prophet,45,5,5,2025-01-01,2025-06-14,2025-06-15,2025-07-14,2025-07-12,18.7734375,16.15837611531667,2.6150613846833295,2.6150613846833295,13.929582074051858
Prophet,45,5,5,2025-01-01,2025-06-14,2025-06-15,2025-07-14,2025-07-13,14.00390625,14.471224004832983,-0.4673177548329832,0.4673177548329832,3.3370528657529626
Prophet,45,5,5,2025-01-01,2025-06-14,2025-06-15,2025-07-14,2025-07-14,9.69921875,9.931906431751173,-0.23268768175117316,0.23268768175117316,2.3990353011800374
Prophet,45,6,6,2025-01-01,2025-07-14,2025-07-15,2025-08-13,2025-07-15,11.79296875,9.498608810481349,2.2943599395186514,2.2943599395186514,19.455321116819302
Prophet,45,6,6,2025-01-01,2025-07-14,2025-07-15,2025-08-13,2025-07-16,11.625,10.102505805643837,1.5224941943561632,1.5224941943561632,13.096724252526135
Prophet,45,6,6,2025-01-01,2025-07-14,2025-07-15,2025-08-13,2025-07-17,11.20703125,10.692506401651665,0.5145248483483353,0.5145248483483353,4.591089619281068
Prophet,45,6,6,2025-01-01,2025-07-14,2025-07-15,2025-08-13,2025-07-18,12.76953125,12.490608471215186,0.2789227787848141,0.2789227787848141,2.184283614833662
Prophet,45,6,6,2025-01-01,2025-07-14,2025-07-15,2025-08-13,2025-07-19,16.83984375,15.348779366508975,1.4910643834910253,1.4910643834910253,8.854383720104442
Prophet,45,6,6,2025-01-01,2025-07-14,2025-07-15,2025-08-13,2025-07-20,15.55859375,13.679159833057744,1.879433916942256,1.879433916942256,12.079715860839006
Prophet,45,6,6,2025-01-01,2025-07-14,2025-07-15,2025-08-13,2025-07-21,10.421875,9.591590006067115,0.8302849939328851,0.8302849939328851,7.9667525654729605
Prophet,45,6,6,2025-01-01,2025-07-14,2025-07-15,2025-08-13,2025-07-22,12.03125,9.213630036627228,2.8176199633727723,2.8176199633727723,23.41917891634512
Prophet,45,6,6,2025-01-01,2025-07-14,2025-07-15,2025-08-13,2025-07-23,12.75390625,9.798104145549994,2.9558021044500062,2.9558021044500062,23.175661217127157
Prophet,45,6,6,2025-01-01,2025-07-14,2025-07-15,2025-08-13,2025-07-24,10.875,10.368934448680639,0.5060655513193613,0.5060655513193613,4.653476333971138
Prophet,45,6,6,2025-01-01,2025-07-14,2025-07-15,2025-08-13,2025-07-25,12.4609375,12.110981983891852,0.3499555161081478,0.3499555161081478,2.8084204427487722
Prophet,45,6,6,2025-01-01,2025-07-14,2025-07-15,2025-08-13,2025-07-26,17.00390625,14.88025033993947,2.1236559100605295,2.1236559100605295,12.489223822088112
Prophet,45,6,6,2025-01-01,2025-07-14,2025-07-15,2025-08-13,2025-07-27,14.58203125,13.259767884663022,1.322263365336978,1.322263365336978,9.067758412168935
Prophet,45,6,6,2025-01-01,2025-07-14,2025-07-15,2025-08-13,2025-07-28,12.27734375,9.296225973824834,2.981117776175166,2.981117776175166,24.281455637952355
Prophet,45,6,6,2025-01-01,2025-07-14,2025-07-15,2025-08-13,2025-07-29,11.1640625,8.928651262773059,2.2354112372269412,2.2354112372269412,20.02327770224272
Prophet,45,6,6,2025-01-01,2025-07-14,2025-07-15,2025-08-13,2025-07-30,11.828125,9.493702485458405,2.334422514541595,2.334422514541595,19.736200915543208
Prophet,45,6,6,2025-01-01,2025-07-14,2025-07-15,2025-08-13,2025-07-31,12.734375,10.045362495708254,2.689012504291746,2.689012504291746,21.11617181284316
Prophet,45,6,6,2025-01-01,2025-07-14,2025-07-15,2025-08-13,2025-08-01,14.0546875,11.731355496567266,2.323332003432734,2.323332003432734,16.530655722033906
Prophet,45,6,6,2025-01-01,2025-07-14,2025-07-15,2025-08-13,2025-08-02,18.59375,14.41172131336855,4.182028686631449,4.182028686631449,22.491582852471662
Prophet,45,6,6,2025-01-01,2025-07-14,2025-07-15,2025-08-13,2025-08-03,15.4609375,12.840375936268535,2.6205615637314654,2.6205615637314654,16.949564434443033
Prophet,45,6,6,2025-01-01,2025-07-14,2025-07-15,2025-08-13,2025-08-04,13.875,9.000861941572806,4.874138058427194,4.874138058427194,35.128922943619415
Prophet,45,6,6,2025-01-01,2025-07-14,2025-07-15,2025-08-13,2025-08-05,12.921875,8.643672488918837,4.2782025110811635,4.2782025110811635,33.10821773992678
Prophet,45,6,6,2025-01-01,2025-07-14,2025-07-15,2025-08-13,2025-08-06,11.60546875,9.189300825366553,2.416167924633447,2.416167924633447,20.81921873800614
Prophet,45,6,6,2025-01-01,2025-07-14,2025-07-15,2025-08-13,2025-08-07,13.20703125,9.72179054273714,3.485240707262861,3.485240707262861,26.389281900600185
Prophet,45,6,6,2025-01-01,2025-07-14,2025-07-15,2025-08-13,2025-08-08,14.25390625,11.351729009231306,2.902177240768694,2.902177240768694,20.360574777659238
Prophet,45,6,6,2025-01-01,2025-07-14,2025-07-15,2025-08-13,2025-08-09,16.66015625,13.943192286797606,2.716963963202394,2.716963963202394,16.308154151929962
Prophet,45,6,6,2025-01-01,2025-07-14,2025-07-15,2025-08-13,2025-08-10,12.44921875,12.42098398787673,0.028234762123270585,0.028234762123270585,0.22679946983235863
Prophet,45,6,6,2025-01-01,2025-07-14,2025-07-15,2025-08-13,2025-08-11,12.37890625,8.705497909318971,3.6734083406810285,3.6734083406810285,29.67474077672273
Prophet,45,6,6,2025-01-01,2025-07-14,2025-07-15,2025-08-13,2025-08-12,10.80859375,8.358693715064087,2.4499000349359132,2.4499000349359132,22.666223669808232
Prophet,45,6,6,2025-01-01,2025-07-14,2025-07-15,2025-08-13,2025-08-13,11.75,8.88489916527297,2.8651008347270306,2.8651008347270306,24.38383689129388
Prophet,45,7,7,2025-01-01,2025-08-13,2025-08-14,2025-09-12,2025-08-14,11.91796875,11.11427278073227,0.8036959692677303,0.8036959692677303,6.743564999427695
Prophet,45,7,7,2025-01-01,2025-08-13,2025-08-14,2025-09-12,2025-08-15,14.9765625,12.929643366542868,2.0469191334571324,2.0469191334571324,13.667482998566141
Prophet,45,7,7,2025-01-01,2025-08-13,2025-08-14,2025-09-12,2025-08-16,15.7109375,15.993650296306736,-0.2827127963067362,0.2827127963067362,1.7994648397445165
Prophet,45,7,7,2025-01-01,2025-08-13,2025-08-14,2025-09-12,2025-08-17,17.4296875,14.189288949719872,3.240398550280128,3.240398550280128,18.591260171934394
Prophet,45,7,7,2025-01-01,2025-08-13,2025-08-14,2025-09-12,2025-08-18,13.48046875,10.189854229608413,3.2906145203915873,3.2906145203915873,24.410238111279234
Prophet,45,7,7,2025-01-01,2025-08-13,2025-08-14,2025-09-12,2025-08-19,13.83984375,9.856751750416025,3.9830919995839746,3.9830919995839746,28.77989138847015
Prophet,45,7,7,2025-01-01,2025-08-13,2025-08-14,2025-09-12,2025-08-20,13.26953125,10.405887832099191,2.863643417900809,2.863643417900809,21.58059213961163
Prophet,45,7,7,2025-01-01,2025-08-13,2025-08-14,2025-09-12,2025-08-21,13.02734375,10.93199055401152,2.09535319598848,2.09535319598848,16.08427040998653
Prophet,45,7,7,2025-01-01,2025-08-13,2025-08-14,2025-09-12,2025-08-22,16.01953125,12.71708972542273,3.3024415245772705,3.3024415245772705,20.61509461818535
Prophet,45,7,7,2025-01-01,2025-08-13,2025-08-14,2025-09-12,2025-08-23,26.41015625,15.730107758687566,10.680048491312434,10.680048491312434,40.43917192391633
Prophet,45,7,7,2025-01-01,2025-08-13,2025-08-14,2025-09-12,2025-08-24,25.89453125,13.954926897994428,11.939604352005572,11.939604352005572,46.10859426932307
Prophet,45,7,7,2025-01-01,2025-08-13,2025-08-14,2025-09-12,2025-08-25,15.6796875,10.021152094526537,5.658535405473463,5.658535405473463,36.08831748383673
Prophet,45,7,7,2025-01-01,2025-08-13,2025-08-14,2025-09-12,2025-08-26,12.02734375,9.693177550451802,2.334166199548198,2.334166199548198,19.407162945252963
Prophet,45,7,7,2025-01-01,2025-08-13,2025-08-14,2025-09-12,2025-08-27,11.4609375,10.232790272220369,1.2281472277796315,1.2281472277796315,10.71594036508472
Prophet,45,7,7,2025-01-01,2025-08-13,2025-08-14,2025-09-12,2025-08-28,13.8359375,10.749708327291497,3.086229172708503,3.086229172708503,22.30589125390674
Prophet,45,7,7,2025-01-01,2025-08-13,2025-08-14,2025-09-12,2025-08-29,16.3984375,12.504536084300597,3.8939014156994034,3.8939014156994034,23.745563659338906
Prophet,45,7,7,2025-01-01,2025-08-13,2025-08-14,2025-09-12,2025-08-30,20.38671875,15.466565221068379,4.920153528931621,4.920153528931621,24.134111964102225
Prophet,45,7,7,2025-01-01,2025-08-13,2025-08-14,2025-09-12,2025-08-31,19.58203125,13.72056484625165,5.86146640374835,5.86146640374835,29.932882492710505
Prophet,45,7,7,2025-01-01,2025-08-13,2025-08-14,2025-09-12,2025-09-01,23.41015625,9.852449959442144,13.557706290557856,13.557706290557856,57.91377958255984
Prophet,45,7,7,2025-01-01,2025-08-13,2025-08-14,2025-09-12,2025-09-02,11.5625,9.529603350488404,2.0328966495115957,2.0328966495115957,17.581808860640827
Prophet,45,7,7,2025-01-01,2025-08-13,2025-08-14,2025-09-12,2025-09-03,13.06640625,10.05969271234154,3.0067135376584595,3.0067135376584595,23.01102139433679
Prophet,45,7,7,2025-01-01,2025-08-13,2025-08-14,2025-09-12,2025-09-04,11.08984375,10.567426100568419,0.5224176494315813,0.5224176494315813,4.710775563736696
Prophet,45,7,7,2025-01-01,2025-08-13,2025-08-14,2025-09-12,2025-09-05,13.89453125,12.291982443178403,1.6025488068215967,1.6025488068215967,11.533665857360944
Prophet,45,7,7,2025-01-01,2025-08-13,2025-08-14,2025-09-12,2025-09-06,19.28515625,15.203022683450472,4.082133566549528,4.082133566549528,21.167230970967776
Prophet,45,7,7,2025-01-01,2025-08-13,2025-08-14,2025-09-12,2025-09-07,19.7109375,13.486202794510413,6.2247347054895865,6.2247347054895865,31.58010472860353
Prophet,45,7,7,2025-01-01,2025-08-13,2025-08-14,2025-09-12,2025-09-08,8.5859375,9.68374782436037,-1.0978103243603705,1.0978103243603705,12.786143905198127
Prophet,45,7,7,2025-01-01,2025-08-13,2025-08-14,2025-09-12,2025-09-09,11.88671875,9.366029150519449,2.5206895994805514,2.5206895994805514,21.205932877654327
Prophet,45,7,7,2025-01-01,2025-08-13,2025-08-14,2025-09-12,2025-09-10,9.19921875,9.886595152462709,-0.6873764024627089,0.6873764024627089,7.472117156282526
Prophet,45,7,7,2025-01-01,2025-08-13,2025-08-14,2025-09-12,2025-09-11,12.69921875,10.385143873848396,2.3140748761516043,2.3140748761516043,18.222182968157817
Prophet,45,7,7,2025-01-01,2025-08-13,2025-08-14,2025-09-12,2025-09-12,13.2421875,12.079428802044802,1.1627586979551978,1.1627586979551978,8.780714651225093
Prophet,45,8,8,2025-01-01,2025-09-12,2025-09-13,2025-10-12,2025-09-13,18.23046875,18.742201915146985,-0.5117331651469854,0.5117331651469854,2.807021432989678
Prophet,45,8,8,2025-01-01,2025-09-12,2025-09-13,2025-10-12,2025-09-14,15.44140625,16.93400701002947,-1.4926007600294717,1.4926007600294717,9.666222984253599
Prophet,45,8,8,2025-01-01,2025-09-12,2025-09-13,2025-10-12,2025-09-15,10.828125,12.265920029498519,-1.4377950294985187,1.4377950294985187,13.278337934762655
Prophet,45,8,8,2025-01-01,2025-09-12,2025-09-13,2025-10-12,2025-09-16,11.87890625,11.597555273244101,0.28135097675589904,0.28135097675589904,2.3684922739069436
Prophet,45,8,8,2025-01-01,2025-09-12,2025-09-13,2025-10-12,2025-09-17,9.30859375,12.102940432065719,-2.7943466820657186,2.7943466820657186,30.018999186270413
Prophet,45,8,8,2025-01-01,2025-09-12,2025-09-13,2025-10-12,2025-09-18,12.50390625,12.792200501792818,-0.2882942517928182,0.2882942517928182,2.3056335038725853
Prophet,45,8,8,2025-01-01,2025-09-12,2025-09-13,2025-10-12,2025-09-19,16.0859375,14.957675547798678,1.1282619522013224,1.1282619522013224,7.013964540153923
Prophet,45,8,8,2025-01-01,2025-09-12,2025-09-13,2025-10-12,2025-09-20,18.859375,18.783878331354646,0.07549666864535354,0.07549666864535354,0.4003137359819906
Prophet,45,8,8,2025-01-01,2025-09-12,2025-09-13,2025-10-12,2025-09-21,18.55859375,16.971650644738723,1.5869431052612768,1.5869431052612768,8.550987896166847
Prophet,45,8,8,2025-01-01,2025-09-12,2025-09-13,2025-10-12,2025-09-22,10.22265625,12.293178033370294,-2.0705217833702942,2.0705217833702942,20.25424442272814
Prophet,45,8,8,2025-01-01,2025-09-12,2025-09-13,2025-10-12,2025-09-23,9.7109375,11.623319820757033,-1.9123823207570325,1.9123823207570325,19.69307619122286
Prophet,45,8,8,2025-01-01,2025-09-12,2025-09-13,2025-10-12,2025-09-24,9.390625,12.129819187560479,-2.7391941875604786,2.7391941875604786,29.16945557468729
Prophet,45,8,8,2025-01-01,2025-09-12,2025-09-13,2025-10-12,2025-09-25,9.78515625,12.820600986671135,-3.035444736671135,3.035444736671135,31.02091227895451
Prophet,45,8,8,2025-01-01,2025-09-12,2025-09-13,2025-10-12,2025-09-26,15.32421875,14.99087316289491,0.33334558710508944,0.33334558710508944,2.175286013227196
Prophet,45,8,8,2025-01-01,2025-09-12,2025-09-13,2025-10-12,2025-09-27,18.71484375,18.8255547475669,-0.11071099756690117,0.11071099756690117,0.591567843396508
Prophet,45,8,8,2025-01-01,2025-09-12,2025-09-13,2025-10-12,2025-09-28,17.06640625,17.009294279446152,0.05711197055384787,0.05711197055384787,0.334645558749944
Prophet,45,8,8,2025-01-01,2025-09-12,2025-09-13,2025-10-12,2025-09-29,11.71484375,12.320436037238803,-0.6055922872388031,0.6055922872388031,5.169443999104154
Prophet,45,8,8,2025-01-01,2025-09-12,2025-09-13,2025-10-12,2025-09-30,11.19140625,11.649084368269959,-0.45767811826995874,0.45767811826995874,4.089549678084099
Prophet,45,8,8,2025-01-01,2025-09-12,2025-09-13,2025-10-12,2025-10-01,9.77734375,12.156697943054509,-2.3793541930545086,2.3793541930545086,24.33538447550756
Prophet,45,8,8,2025-01-01,2025-09-12,2025-09-13,2025-10-12,2025-10-02,10.85546875,12.849001471549457,-1.9935327215494567,1.9935327215494567,18.364317262204423
Prophet,45,8,8,2025-01-01,2025-09-12,2025-09-13,2025-10-12,2025-10-03,14.015625,15.024070777988902,-1.0084457779889018,1.0084457779889018,7.195153822886256
Prophet,45,8,8,2025-01-01,2025-09-12,2025-09-13,2025-10-12,2025-10-04,20.60546875,18.867231163780794,1.7382375862192063,1.7382375862192063,8.435807053499845
Prophet,45,8,8,2025-01-01,2025-09-12,2025-09-13,2025-10-12,2025-10-05,18.5234375,17.046937914157187,1.476499585842813,1.476499585842813,7.970980471863351
Prophet,45,8,8,2025-01-01,2025-09-12,2025-09-13,2025-10-12,2025-10-06,10.6640625,12.347694041122397,-1.6836315411223968,1.6836315411223968,15.787900165836394
Prophet,45,8,8,2025-01-01,2025-09-12,2025-09-13,2025-10-12,2025-10-07,11.9296875,11.674848915785155,0.25483858421484484,0.25483858421484484,2.136171498330068
Prophet,45,8,8,2025-01-01,2025-09-12,2025-09-13,2025-10-12,2025-10-08,12.04296875,12.183576698549672,-0.14060794854967185,0.14060794854967185,1.1675522163060652
Prophet,45,8,8,2025-01-01,2025-09-12,2025-09-13,2025-10-12,2025-10-09,12.76171875,12.877401956424372,-0.11568320642437158,0.11568320642437158,0.9064860987033707
Prophet,45,8,8,2025-01-01,2025-09-12,2025-09-13,2025-10-12,2025-10-10,15.87890625,15.05726839308404,0.8216378569159595,0.8216378569159595,5.174398311697064
Prophet,45,8,8,2025-01-01,2025-09-12,2025-09-13,2025-10-12,2025-10-11,21.76171875,18.90890757999469,2.8528111700053103,2.8528111700053103,13.109309989613344
Prophet,45,8,8,2025-01-01,2025-09-12,2025-09-13,2025-10-12,2025-10-12,16.6328125,17.084581548882728,-0.45176904888272773,0.45176904888272773,2.716131435274267
Prophet,45,9,9,2025-01-01,2025-10-12,2025-10-13,2025-11-11,2025-10-13,11.2578125,12.10474458394167,-0.8469320839416703,0.8469320839416703,7.523060842785136
Prophet,45,9,9,2025-01-01,2025-10-12,2025-10-13,2025-11-11,2025-10-14,11.03515625,11.5448275444525,-0.5096712944525006,0.5096712944525006,4.618614208135934
Prophet,45,9,9,2025-01-01,2025-10-12,2025-10-13,2025-11-11,2025-10-15,10.23828125,11.885913424887189,-1.647632174887189,1.647632174887189,16.09285909084778
Prophet,45,9,9,2025-01-01,2025-10-12,2025-10-13,2025-11-11,2025-10-16,13.40625,12.635073860710401,0.771176139289599,0.771176139289599,5.752362810551788
Prophet,45,9,9,2025-01-01,2025-10-12,2025-10-13,2025-11-11,2025-10-17,17.51171875,14.952281467786282,2.559437282213718,2.559437282213718,14.615568687189645
Prophet,45,9,9,2025-01-01,2025-10-12,2025-10-13,2025-11-11,2025-10-18,18.5390625,18.819073117859226,-0.2800106178592259,0.2800106178592259,1.5103817566785045
Prophet,45,9,9,2025-01-01,2025-10-12,2025-10-13,2025-11-11,2025-10-19,15.17578125,16.945535221984095,-1.7697539719840947,1.7697539719840947,11.661699274850147
Prophet,45,9,9,2025-01-01,2025-10-12,2025-10-13,2025-11-11,2025-10-20,10.79296875,12.122623831002024,-1.3296550810020236,1.3296550810020236,12.319641720467537
Prophet,45,9,9,2025-01-01,2025-10-12,2025-10-13,2025-11-11,2025-10-21,13.44921875,11.561876171732258,1.8873425782677415,1.8873425782677415,14.03310194703868
Prophet,45,9,9,2025-01-01,2025-10-12,2025-10-13,2025-11-11,2025-10-22,11.66796875,11.903462042837178,-0.23549329283717846,0.23549329283717846,2.018288683170997
Prophet,45,9,9,2025-01-01,2025-10-12,2025-10-13,2025-11-11,2025-10-23,12.23828125,12.653724621455362,-0.41544337145536225,0.41544337145536225,3.394621866982851
Prophet,45,9,9,2025-01-01,2025-10-12,2025-10-13,2025-11-11,2025-10-24,14.52734375,14.974348028957534,-0.44700427895753414,0.44700427895753414,3.076985625521074
Prophet,45,9,9,2025-01-01,2025-10-12,2025-10-13,2025-11-11,2025-10-25,19.265625,18.846840431915968,0.41878456808403186,0.41878456808403186,2.17373985055783
Prophet,45,9,9,2025-01-01,2025-10-12,2025-10-13,2025-11-11,2025-10-26,19.89453125,16.970532884494727,2.9239983655052733,2.9239983655052733,14.697498165508541
Prophet,45,9,9,2025-01-01,2025-10-12,2025-10-13,2025-11-11,2025-10-27,9.4921875,12.140503078060666,-2.648315578060666,2.648315578060666,27.899950122779032
Prophet,45,9,9,2025-01-01,2025-10-12,2025-10-13,2025-11-11,2025-10-28,12.7578125,11.578924799008592,1.1788877009914085,1.1788877009914085,9.240515966129841
Prophet,45,9,9,2025-01-01,2025-10-12,2025-10-13,2025-11-11,2025-10-29,9.73828125,11.921010660786827,-2.182729410786827,2.182729410786827,22.413908109162765
Prophet,45,9,9,2025-01-01,2025-10-12,2025-10-13,2025-11-11,2025-10-30,9.109375,12.672375382198856,-3.5630003821988563,3.5630003821988563,39.113554796008025
Prophet,45,9,9,2025-01-01,2025-10-12,2025-10-13,2025-11-11,2025-10-31,13.49609375,14.996414590127296,-1.500320840127296,1.500320840127296,11.116704343634957
Prophet,45,9,9,2025-01-01,2025-10-12,2025-10-13,2025-11-11,2025-11-01,21.05078125,18.874607745970756,2.1761735040292436,2.1761735040292436,10.337732733929975
Prophet,45,9,9,2025-01-01,2025-10-12,2025-10-13,2025-11-11,2025-11-02,19.015625,16.995530547023936,2.020094452976064,2.020094452976064,10.623339769142818
Prophet,45,9,9,2025-01-01,2025-10-12,2025-10-13,2025-11-11,2025-11-03,12.2890625,12.158382325121012,0.13068017487898764,0.13068017487898764,1.0633860384304143
Prophet,45,9,9,2025-01-01,2025-10-12,2025-10-13,2025-11-11,2025-11-04,15.23046875,11.595973426288355,3.6344953237116453,3.6344953237116453,23.863318873305495
Prophet,45,9,9,2025-01-01,2025-10-12,2025-10-13,2025-11-11,2025-11-05,10.9765625,11.93855927873682,-0.96199677873682,0.96199677873682,8.764098767139712
Prophet,45,9,9,2025-01-01,2025-10-12,2025-10-13,2025-11-11,2025-11-06,12.0625,12.691026142943821,-0.6285261429438211,0.6285261429438211,5.210579423368465
Prophet,45,9,9,2025-01-01,2025-10-12,2025-10-13,2025-11-11,2025-11-07,13.328125,15.018481151298566,-1.690356151298566,1.690356151298566,12.682625285241292
Prophet,45,9,9,2025-01-01,2025-10-12,2025-10-13,2025-11-11,2025-11-08,19.1171875,18.90237506001954,0.2148124399804594,0.2148124399804594,1.1236613125254926
Prophet,45,9,9,2025-01-01,2025-10-12,2025-10-13,2025-11-11,2025-11-09,17.85546875,17.020528209534575,0.8349405404654249,0.8349405404654249,4.676105411488706
Prophet,45,9,9,2025-01-01,2025-10-12,2025-10-13,2025-11-11,2025-11-10,11.03515625,12.176261572177927,-1.1411053221779266,1.1411053221779266,10.340635839913247
Prophet,45,9,9,2025-01-01,2025-10-12,2025-10-13,2025-11-11,2025-11-11,10.47265625,11.613022053567068,-1.140365803567068,1.140365803567068,10.888983428316651
Prophet,45,10,10,2025-01-01,2025-10-13,2025-10-14,2025-11-12,2025-10-14,11.03515625,11.512497951837421,-0.4773417018374211,0.4773417018374211,4.325645156473621
Prophet,45,10,10,2025-01-01,2025-10-13,2025-10-14,2025-11-12,2025-10-15,10.23828125,11.863293612878344,-1.6250123628783442,1.6250123628783442,15.87192540621351
Prophet,45,10,10,2025-01-01,2025-10-13,2025-10-14,2025-11-12,2025-10-16,13.40625,12.61786771067135,0.7883822893286503,0.7883822893286503,5.880707053267321
Prophet,45,10,10,2025-01-01,2025-10-13,2025-10-14,2025-11-12,2025-10-17,17.51171875,14.949889939813458,2.561828810186542,2.561828810186542,14.629225416189042
Prophet,45,10,10,2025-01-01,2025-10-13,2025-10-14,2025-11-12,2025-10-18,18.5390625,18.84011310197849,-0.30105060197848843,0.30105060197848843,1.6238717679412775
Prophet,45,10,10,2025-01-01,2025-10-13,2025-10-14,2025-11-12,2025-10-19,15.17578125,16.955256551386057,-1.7794753013860571,1.7794753013860571,11.725757455722796
Prophet,45,10,10,2025-01-01,2025-10-13,2025-10-14,2025-11-12,2025-10-20,10.79296875,12.076020610564225,-1.2830518605642247,1.2830518605642247,11.887849305263899
Prophet,45,10,10,2025-01-01,2025-10-13,2025-10-14,2025-11-12,2025-10-21,13.44921875,11.530739370362827,1.9184793796371729,1.9184793796371729,14.264615776564515
Prophet,45,10,10,2025-01-01,2025-10-13,2025-10-14,2025-11-12,2025-10-22,11.66796875,11.882086609132822,-0.21411785913282166,0.21411785913282166,1.835091126146714
Prophet,45,10,10,2025-01-01,2025-10-13,2025-10-14,2025-11-12,2025-10-23,12.23828125,12.637851527775185,-0.39957027777518483,0.39957027777518483,3.2649215164521967
Prophet,45,10,10,2025-01-01,2025-10-13,2025-10-14,2025-11-12,2025-10-24,14.52734375,14.973561791034195,-0.4462180410341947,0.4462180410341947,3.071573501068939
Prophet,45,10,10,2025-01-01,2025-10-13,2025-10-14,2025-11-12,2025-10-25,19.265625,18.869938036966296,0.3956869630337039,0.3956869630337039,2.053849605365535
Prophet,45,10,10,2025-01-01,2025-10-13,2025-10-14,2025-11-12,2025-10-26,19.89453125,16.98209158604554,2.9124396639544585,2.9124396639544585,14.639398271595159
Prophet,45,10,10,2025-01-01,2025-10-13,2025-10-14,2025-11-12,2025-10-27,9.4921875,12.09512897246213,-2.6029414724621294,2.6029414724621294,27.42193485392202
Prophet,45,10,10,2025-01-01,2025-10-13,2025-10-14,2025-11-12,2025-10-28,12.7578125,11.54898078888471,1.2088317111152893,1.2088317111152893,9.475227129378876
Prophet,45,10,10,2025-01-01,2025-10-13,2025-10-14,2025-11-12,2025-10-29,9.73828125,11.90087960538703,-2.162598355387029,2.162598355387029,22.20718728355714
Prophet,45,10,10,2025-01-01,2025-10-13,2025-10-14,2025-11-12,2025-10-30,9.109375,12.65783534487746,-3.5484603448774603,3.5484603448774603,38.95393860585891
Prophet,45,10,10,2025-01-01,2025-10-13,2025-10-14,2025-11-12,2025-10-31,13.49609375,14.997233642253402,-1.501139892253402,1.501139892253402,11.122773152441995
Prophet,45,10,10,2025-01-01,2025-10-13,2025-10-14,2025-11-12,2025-11-01,21.05078125,18.899762971952104,2.1510182780478964,2.1510182780478964,10.21823490777995
Prophet,45,10,10,2025-01-01,2025-10-13,2025-10-14,2025-11-12,2025-11-02,19.015625,17.00892662072381,2.006698379276191,2.006698379276191,10.552892052068712
Prophet,45,10,10,2025-01-01,2025-10-13,2025-10-14,2025-11-12,2025-11-03,12.2890625,12.114237334361738,0.17482516563826245,0.17482516563826245,1.422607832275753
Prophet,45,10,10,2025-01-01,2025-10-13,2025-10-14,2025-11-12,2025-11-04,15.23046875,11.567222207410113,3.663246542589887,3.663246542589887,24.05209322654555
Prophet,45,10,10,2025-01-01,2025-10-13,2025-10-14,2025-11-12,2025-11-05,10.9765625,11.919672601641508,-0.9431101016415084,0.9431101016415084,8.592035089687764
Prophet,45,10,10,2025-01-01,2025-10-13,2025-10-14,2025-11-12,2025-11-06,12.0625,12.677819161981303,-0.6153191619813025,0.6153191619813025,5.10109149829059
Prophet,45,10,10,2025-01-01,2025-10-13,2025-10-14,2025-11-12,2025-11-07,13.328125,15.020905493474164,-1.6927804934741637,1.6927804934741637,12.700814956898768
Prophet,45,10,10,2025-01-01,2025-10-13,2025-10-14,2025-11-12,2025-11-08,19.1171875,18.92958790693187,0.18759959306812846,0.18759959306812846,0.9813137683988739
Prophet,45,10,10,2025-01-01,2025-10-13,2025-10-14,2025-11-12,2025-11-09,17.85546875,17.035761655383315,0.8197070946166853,0.8197070946166853,4.590790116426853
Prophet,45,10,10,2025-01-01,2025-10-13,2025-10-14,2025-11-12,2025-11-10,11.03515625,12.133345696257912,-1.098189446257912,1.098189446257912,9.95173445104515
Prophet,45,10,10,2025-01-01,2025-10-13,2025-10-14,2025-11-12,2025-11-11,10.47265625,11.585463625934494,-1.1128073759344943,1.1128073759344943,10.625836935443138
Prophet,45,10,10,2025-01-01,2025-10-13,2025-10-14,2025-11-12,2025-11-12,9.6953125,11.938465597894481,-2.2431530978944814,2.2431530978944814,23.136470308661856
Ensemble_InverseRMSE,45,1,1,2025-01-01,2025-02-14,2025-02-15,2025-03-16,2025-02-15,13.20703125,16.03613144160028,-2.829100191600279,2.829100191600279,21.421166786443997
Ensemble_InverseRMSE,45,1,1,2025-01-01,2025-02-14,2025-02-15,2025-03-16,2025-02-16,13.00390625,15.827981121526218,-2.824074871526218,2.824074871526218,21.71712727878377
Ensemble_InverseRMSE,45,1,1,2025-01-01,2025-02-14,2025-02-15,2025-03-16,2025-02-17,9.2421875,10.135645274987006,-0.8934577749870058,0.8934577749870058,9.667167810510291
Ensemble_InverseRMSE,45,1,1,2025-01-01,2025-02-14,2025-02-15,2025-03-16,2025-02-18,9.37890625,9.550919338859423,-0.17201308885942268,0.17201308885942268,1.8340420969601086
Ensemble_InverseRMSE,45,1,1,2025-01-01,2025-02-14,2025-02-15,2025-03-16,2025-02-19,9.0703125,9.918937316457512,-0.8486248164575123,0.8486248164575123,9.356070327869215
Ensemble_InverseRMSE,45,1,1,2025-01-01,2025-02-14,2025-02-15,2025-03-16,2025-02-20,10.89453125,10.724173018653932,0.17035823134606787,0.17035823134606787,1.5637040955393824
Ensemble_InverseRMSE,45,1,1,2025-01-01,2025-02-14,2025-02-15,2025-03-16,2025-02-21,10.4609375,13.90909934162272,-3.4481618416227207,3.4481618416227207,32.962264057334444
Ensemble_InverseRMSE,45,1,1,2025-01-01,2025-02-14,2025-02-15,2025-03-16,2025-02-22,17.296875,16.34812455940396,0.9487504405960401,0.9487504405960401,5.485097398206555
Ensemble_InverseRMSE,45,1,1,2025-01-01,2025-02-14,2025-02-15,2025-03-16,2025-02-23,19.20703125,15.539430529202079,3.667600720797921,3.667600720797921,19.095094255120355
Ensemble_InverseRMSE,45,1,1,2025-01-01,2025-02-14,2025-02-15,2025-03-16,2025-02-24,8.99609375,10.362034833268202,-1.3659410832682024,1.3659410832682024,15.183713300766819
Ensemble_InverseRMSE,45,1,1,2025-01-01,2025-02-14,2025-02-15,2025-03-16,2025-02-25,10.953125,9.873281909427373,1.079843090572627,1.079843090572627,9.858767160720133
Ensemble_InverseRMSE,45,1,1,2025-01-01,2025-02-14,2025-02-15,2025-03-16,2025-02-26,9.31640625,10.031219557654785,-0.7148133076547847,0.7148133076547847,7.672629214240037
Ensemble_InverseRMSE,45,1,1,2025-01-01,2025-02-14,2025-02-15,2025-03-16,2025-02-27,11.63671875,10.570198905772092,1.0665198442279085,1.0665198442279085,9.165125213908848
Ensemble_InverseRMSE,45,1,1,2025-01-01,2025-02-14,2025-02-15,2025-03-16,2025-02-28,14.5390625,13.438456536519663,1.1006059634803371,1.1006059634803371,7.569992655856161
Ensemble_InverseRMSE,45,1,1,2025-01-01,2025-02-14,2025-02-15,2025-03-16,2025-03-01,15.1796875,16.755154799177784,-1.5754672991777845,1.5754672991777845,10.378786119133114
Ensemble_InverseRMSE,45,1,1,2025-01-01,2025-02-14,2025-02-15,2025-03-16,2025-03-02,12.4921875,15.138794955784535,-2.646607455784535,2.646607455784535,21.18610095937589
Ensemble_InverseRMSE,45,1,1,2025-01-01,2025-02-14,2025-02-15,2025-03-16,2025-03-03,8.95703125,10.739474742566884,-1.782443492566884,1.782443492566884,19.899936070524305
Ensemble_InverseRMSE,45,1,1,2025-01-01,2025-02-14,2025-02-15,2025-03-16,2025-03-04,11.60546875,10.241876800143848,1.3635919498561524,1.3635919498561524,11.749563755071526
Ensemble_InverseRMSE,45,1,1,2025-01-01,2025-02-14,2025-02-15,2025-03-16,2025-03-05,8.8046875,9.794033879271181,-0.989346379271181,0.989346379271181,11.236587093763191
Ensemble_InverseRMSE,45,1,1,2025-01-01,2025-02-14,2025-02-15,2025-03-16,2025-03-06,7.66015625,10.346066469475968,-2.685910219475968,2.685910219475968,35.06338685292442
Ensemble_InverseRMSE,45,1,1,2025-01-01,2025-02-14,2025-02-15,2025-03-16,2025-03-07,12.19140625,12.762632898437182,-0.5712266484371824,0.5712266484371824,4.685486126238985
Ensemble_InverseRMSE,45,1,1,2025-01-01,2025-02-14,2025-02-15,2025-03-16,2025-03-08,17.12109375,16.25914438825606,0.8619493617439389,0.8619493617439389,5.0344293088397984
Ensemble_InverseRMSE,45,1,1,2025-01-01,2025-02-14,2025-02-15,2025-03-16,2025-03-09,14.265625,15.462240664829832,-1.1966156648298316,1.1966156648298316,8.388105427065632
Ensemble_InverseRMSE,45,1,1,2025-01-01,2025-02-14,2025-02-15,2025-03-16,2025-03-10,9.5625,10.657512445407185,-1.0950124454071855,1.0950124454071855,11.45111054020586
Ensemble_InverseRMSE,45,1,1,2025-01-01,2025-02-14,2025-02-15,2025-03-16,2025-03-11,11.87109375,10.389990601159967,1.4811031488400328,1.4811031488400328,12.47655169802726
Ensemble_InverseRMSE,45,1,1,2025-01-01,2025-02-14,2025-02-15,2025-03-16,2025-03-12,12.1171875,10.091368734865563,2.025818765134437,2.025818765134437,16.71855589537124
Ensemble_InverseRMSE,45,1,1,2025-01-01,2025-02-14,2025-02-15,2025-03-16,2025-03-13,12.9140625,10.525660884868001,2.3884016151319987,2.3884016151319987,18.494579959884806
Ensemble_InverseRMSE,45,1,1,2025-01-01,2025-02-14,2025-02-15,2025-03-16,2025-03-14,18.45703125,12.978181798748743,5.478849451251257,5.478849451251257,29.68434834963644
Ensemble_InverseRMSE,45,1,1,2025-01-01,2025-02-14,2025-02-15,2025-03-16,2025-03-15,18.71484375,16.031109934597506,2.683733815402494,2.683733815402494,14.340134768170287
Ensemble_InverseRMSE,45,1,1,2025-01-01,2025-02-14,2025-02-15,2025-03-16,2025-03-16,20.37109375,15.287420071606277,5.083673678393723,5.083673678393723,24.955330041587594
Ensemble_InverseRMSE,45,2,2,2025-01-01,2025-03-16,2025-03-17,2025-04-15,2025-03-17,11.1328125,11.997130199384134,-0.8643176993841344,0.8643176993841344,7.763695826046961
Ensemble_InverseRMSE,45,2,2,2025-01-01,2025-03-16,2025-03-17,2025-04-15,2025-03-18,15.32421875,12.34410669735405,2.98011205264595,2.98011205264595,19.447073297919022
Ensemble_InverseRMSE,45,2,2,2025-01-01,2025-03-16,2025-03-17,2025-04-15,2025-03-19,11.4296875,12.82481462227322,-1.3951271222732196,1.3951271222732196,12.206170311071231
Ensemble_InverseRMSE,45,2,2,2025-01-01,2025-03-16,2025-03-17,2025-04-15,2025-03-20,11.41796875,14.808168750448512,-3.3902000004485124,3.3902000004485124,29.691796103825496
Ensemble_InverseRMSE,45,2,2,2025-01-01,2025-03-16,2025-03-17,2025-04-15,2025-03-21,17.328125,20.67494189700784,-3.346816897007841,3.346816897007841,19.31436261573506
Ensemble_InverseRMSE,45,2,2,2025-01-01,2025-03-16,2025-03-17,2025-04-15,2025-03-22,19.71875,27.980858218741833,-8.262108218741833,8.262108218741833,41.8997564183421
Ensemble_InverseRMSE,45,2,2,2025-01-01,2025-03-16,2025-03-17,2025-04-15,2025-03-23,18.00390625,39.02858350139447,-21.024677251394472,21.024677251394472,116.77841996869137
Ensemble_InverseRMSE,45,2,2,2025-01-01,2025-03-16,2025-03-17,2025-04-15,2025-03-24,9.1953125,66.30193189369174,-57.106619393691744,57.106619393691744,621.0405507555262
Ensemble_InverseRMSE,45,2,2,2025-01-01,2025-03-16,2025-03-17,2025-04-15,2025-03-25,12.94140625,157.6577629193535,-144.7163566693535,144.7163566693535,1118.2429009162238
Ensemble_InverseRMSE,45,2,2,2025-01-01,2025-03-16,2025-03-17,2025-04-15,2025-03-26,13.65234375,417.8782676681115,-404.2259239181115,404.2259239181115,2960.853691646253
Ensemble_InverseRMSE,45,2,2,2025-01-01,2025-03-16,2025-03-17,2025-04-15,2025-03-27,14.77734375,1172.0244363529093,-1157.2470926029093,1157.2470926029093,7831.225368922675
Ensemble_InverseRMSE,45,2,2,2025-01-01,2025-03-16,2025-03-17,2025-04-15,2025-03-28,15.93359375,3348.8356159281966,-3332.9020221781966,3332.9020221781966,20917.453240441733
Ensemble_InverseRMSE,45,2,2,2025-01-01,2025-03-16,2025-03-17,2025-04-15,2025-03-29,21.890625,9619.696138378604,-9597.805513378604,9597.805513378604,43844.364943342654
Ensemble_InverseRMSE,45,2,2,2025-01-01,2025-03-16,2025-03-17,2025-04-15,2025-03-30,19.109375,27700.58627998363,-27681.47690498363,27681.47690498363,144858.09664096092
Ensemble_InverseRMSE,45,2,2,2025-01-01,2025-03-16,2025-03-17,2025-04-15,2025-03-31,11.83203125,79860.12553736045,-79848.29350611045,79848.29350611045,674848.5684240435
Ensemble_InverseRMSE,45,2,2,2025-01-01,2025-03-16,2025-03-17,2025-04-15,2025-04-01,11.05859375,230363.46662577047,-230352.40803202047,230352.40803202047,2083017.1831931206
Ensemble_InverseRMSE,45,2,2,2025-01-01,2025-03-16,2025-03-17,2025-04-15,2025-04-02,12.88671875,664586.7007162354,-664573.8139974854,664573.8139974854,5157044.449328775
Ensemble_InverseRMSE,45,2,2,2025-01-01,2025-03-16,2025-03-17,2025-04-15,2025-04-03,15.1796875,1917394.2003692489,-1917379.0206817489,1917379.0206817489,12631215.370420167
Ensemble_InverseRMSE,45,2,2,2025-01-01,2025-03-16,2025-03-17,2025-04-15,2025-04-04,15.9609375,5531943.502395343,-5531927.541457843,5531927.541457843,34659164.234292895
Ensemble_InverseRMSE,45,2,2,2025-01-01,2025-03-16,2025-03-17,2025-04-15,2025-04-05,22.37890625,15960485.290606443,-15960462.911700193,15960462.911700193,71319226.83531593
Ensemble_InverseRMSE,45,2,2,2025-01-01,2025-03-16,2025-03-17,2025-04-15,2025-04-06,18.0703125,46048476.372124724,-46048458.301812224,46048458.301812224,254829341.22922456
Ensemble_InverseRMSE,45,2,2,2025-01-01,2025-03-16,2025-03-17,2025-04-15,2025-04-07,10.953125,132857130.90932964,-132857119.95620464,132857119.95620464,1212960866.9325387
Ensemble_InverseRMSE,45,2,2,2025-01-01,2025-03-16,2025-03-17,2025-04-15,2025-04-08,12.00390625,383313970.4795287,-383313958.4756225,383313958.4756225,3193243520.0051856
Ensemble_InverseRMSE,45,2,2,2025-01-01,2025-03-16,2025-03-17,2025-04-15,2025-04-09,12.2734375,1105921918.34852,-1105921906.0750825,1105921906.0750825,9010694078.778522
Ensemble_InverseRMSE,45,2,2,2025-01-01,2025-03-16,2025-03-17,2025-04-15,2025-04-10,11.3203125,3190761170.1650047,-3190761158.844692,3190761158.844692,28186157924.922054
Ensemble_InverseRMSE,45,2,2,2025-01-01,2025-03-16,2025-03-17,2025-04-15,2025-04-11,16.63671875,9205855119.413803,-9205855102.777084,9205855102.777084,55334559903.98998
Ensemble_InverseRMSE,45,2,2,2025-01-01,2025-03-16,2025-03-17,2025-04-15,2025-04-12,23.734375,26560361082.87891,-26560361059.144535,26560361059.144535,111906722039.8453
Ensemble_InverseRMSE,45,2,2,2025-01-01,2025-03-16,2025-03-17,2025-04-15,2025-04-13,25.21484375,76630880323.03345,-76630880297.8186,76630880297.8186,303911779337.592
Ensemble_InverseRMSE,45,2,2,2025-01-01,2025-03-16,2025-03-17,2025-04-15,2025-04-14,14.3359375,221092318920.31244,-221092318905.9765,221092318905.9765,1542224349861.8525
Ensemble_InverseRMSE,45,2,2,2025-01-01,2025-03-16,2025-03-17,2025-04-15,2025-04-15,10.921875,637886623424.5902,-637886623413.6683,637886623413.6683,5840449770883.372
Ensemble_InverseRMSE,45,3,3,2025-01-01,2025-04-15,2025-04-16,2025-05-15,2025-04-16,13.640625,12.554881556639668,1.0857434433603323,1.0857434433603323,7.959631199892471
Ensemble_InverseRMSE,45,3,3,2025-01-01,2025-04-15,2025-04-16,2025-05-15,2025-04-17,15.99609375,13.601008764061392,2.395084985938608,2.395084985938608,14.97293666423159
Ensemble_InverseRMSE,45,3,3,2025-01-01,2025-04-15,2025-04-16,2025-05-15,2025-04-18,20.17578125,18.094263649328106,2.0815176006718943,2.0815176006718943,10.31691201881907
Ensemble_InverseRMSE,45,3,3,2025-01-01,2025-04-15,2025-04-16,2025-05-15,2025-04-19,22.23046875,21.84621308775838,0.3842556622416211,0.3842556622416211,1.7285090411852926
Ensemble_InverseRMSE,45,3,3,2025-01-01,2025-04-15,2025-04-16,2025-05-15,2025-04-20,11.9765625,20.407363446389148,-8.430800946389148,8.430800946389148,70.3941631531514
Ensemble_InverseRMSE,45,3,3,2025-01-01,2025-04-15,2025-04-16,2025-05-15,2025-04-21,13.4609375,13.346185729364192,0.11475177063580766,0.11475177063580766,0.8524797818562613
Ensemble_InverseRMSE,45,3,3,2025-01-01,2025-04-15,2025-04-16,2025-05-15,2025-04-22,11.8984375,13.74160801845555,-1.8431705184555494,1.8431705184555494,15.490861875397922
Ensemble_InverseRMSE,45,3,3,2025-01-01,2025-04-15,2025-04-16,2025-05-15,2025-04-23,16.4921875,13.86785641945917,2.6243310805408306,2.6243310805408306,15.912571213132464
Ensemble_InverseRMSE,45,3,3,2025-01-01,2025-04-15,2025-04-16,2025-05-15,2025-04-24,15.3671875,14.022510661242364,1.3446768387576356,1.3446768387576356,8.750311914640434
Ensemble_InverseRMSE,45,3,3,2025-01-01,2025-04-15,2025-04-16,2025-05-15,2025-04-25,15.66015625,18.49570886609036,-2.835552616090361,2.835552616090361,18.106796450963643
Ensemble_InverseRMSE,45,3,3,2025-01-01,2025-04-15,2025-04-16,2025-05-15,2025-04-26,21.859375,21.524569027867173,0.3348059721328269,0.3348059721328269,1.5316356123303019
Ensemble_InverseRMSE,45,3,3,2025-01-01,2025-04-15,2025-04-16,2025-05-15,2025-04-27,20.3125,20.965557688100876,-0.6530576881008763,0.6530576881008763,3.2150532337273905
Ensemble_InverseRMSE,45,3,3,2025-01-01,2025-04-15,2025-04-16,2025-05-15,2025-04-28,14.96875,14.091233542093526,0.8775164579064736,0.8775164579064736,5.862322892068299
Ensemble_InverseRMSE,45,3,3,2025-01-01,2025-04-15,2025-04-16,2025-05-15,2025-04-29,15.859375,13.468555186023258,2.3908198139767425,2.3908198139767425,15.07512000931148
Ensemble_InverseRMSE,45,3,3,2025-01-01,2025-04-15,2025-04-16,2025-05-15,2025-04-30,28.22265625,14.238774672347956,13.983881577652044,13.983881577652044,49.548424690365714
Ensemble_InverseRMSE,45,3,3,2025-01-01,2025-04-15,2025-04-16,2025-05-15,2025-05-01,21.9921875,14.595494769715938,7.396692730284062,7.396692730284062,33.63327422651368
Ensemble_InverseRMSE,45,3,3,2025-01-01,2025-04-15,2025-04-16,2025-05-15,2025-05-02,20.91796875,18.753501263795236,2.1644674862047637,2.1644674862047637,10.347407590446677
Ensemble_InverseRMSE,45,3,3,2025-01-01,2025-04-15,2025-04-16,2025-05-15,2025-05-03,20.4921875,21.610048050074177,-1.1178605500741767,1.1178605500741767,5.455057202039444
Ensemble_InverseRMSE,45,3,3,2025-01-01,2025-04-15,2025-04-16,2025-05-15,2025-05-04,16.3203125,20.96745584437213,-4.647143344372129,4.647143344372129,28.47459780180146
Ensemble_InverseRMSE,45,3,3,2025-01-01,2025-04-15,2025-04-16,2025-05-15,2025-05-05,14.921875,14.566235808015513,0.355639191984487,0.355639191984487,2.383341181885567
Ensemble_InverseRMSE,45,3,3,2025-01-01,2025-04-15,2025-04-16,2025-05-15,2025-05-06,10.0546875,13.985681897192903,-3.9309943971929027,3.9309943971929027,39.09613697285871
Ensemble_InverseRMSE,45,3,3,2025-01-01,2025-04-15,2025-04-16,2025-05-15,2025-05-07,10.64453125,14.063317790200479,-3.418786540200479,3.418786540200479,32.117774469406335
Ensemble_InverseRMSE,45,3,3,2025-01-01,2025-04-15,2025-04-16,2025-05-15,2025-05-08,16.6484375,14.593804186827176,2.0546333131728236,2.0546333131728236,12.34129817391466
Ensemble_InverseRMSE,45,3,3,2025-01-01,2025-04-15,2025-04-16,2025-05-15,2025-05-09,14.73828125,19.3456658684445,-4.607384618444499,4.607384618444499,31.261342759655225
Ensemble_InverseRMSE,45,3,3,2025-01-01,2025-04-15,2025-04-16,2025-05-15,2025-05-10,22.3515625,21.927842341596495,0.42372015840350485,0.42372015840350485,1.8957071050558765
Ensemble_InverseRMSE,45,3,3,2025-01-01,2025-04-15,2025-04-16,2025-05-15,2025-05-11,21.41015625,21.184119132530636,0.22603711746936384,0.22603711746936384,1.0557471642429692
Ensemble_InverseRMSE,45,3,3,2025-01-01,2025-04-15,2025-04-16,2025-05-15,2025-05-12,13.95703125,14.343426714972345,-0.38639546497234534,0.38639546497234534,2.7684645685116265
Ensemble_InverseRMSE,45,3,3,2025-01-01,2025-04-15,2025-04-16,2025-05-15,2025-05-13,11.1953125,13.841161232609082,-2.645848732609082,2.645848732609082,23.633540668106242
Ensemble_InverseRMSE,45,3,3,2025-01-01,2025-04-15,2025-04-16,2025-05-15,2025-05-14,11.15234375,14.259060846346788,-3.106717096346788,3.106717096346788,27.85707799176104
Ensemble_InverseRMSE,45,3,3,2025-01-01,2025-04-15,2025-04-16,2025-05-15,2025-05-15,14.74609375,14.480440515229306,0.2656532347706939,0.2656532347706939,1.801515976193315
Ensemble_InverseRMSE,45,4,4,2025-01-01,2025-05-15,2025-05-16,2025-06-14,2025-05-16,18.07421875,16.861028807907417,1.2131899420925834,1.2131899420925834,6.71226767183275
Ensemble_InverseRMSE,45,4,4,2025-01-01,2025-05-15,2025-05-16,2025-06-14,2025-05-17,18.09375,20.411671591350025,-2.317921591350025,2.317921591350025,12.810620193989774
Ensemble_InverseRMSE,45,4,4,2025-01-01,2025-05-15,2025-05-16,2025-06-14,2025-05-18,17.8125,18.287847766754293,-0.47534776675429313,0.47534776675429313,2.6686190414276103
Ensemble_InverseRMSE,45,4,4,2025-01-01,2025-05-15,2025-05-16,2025-06-14,2025-05-19,10.21484375,14.048405095601542,-3.8335613456015416,3.8335613456015416,37.529319482753145
Ensemble_InverseRMSE,45,4,4,2025-01-01,2025-05-15,2025-05-16,2025-06-14,2025-05-20,12.2578125,12.972533278520718,-0.7147207785207179,0.7147207785207179,5.83073675275028
Ensemble_InverseRMSE,45,4,4,2025-01-01,2025-05-15,2025-05-16,2025-06-14,2025-05-21,10.76171875,13.767232729973863,-3.0055139799738626,3.0055139799738626,27.92782500447582
Ensemble_InverseRMSE,45,4,4,2025-01-01,2025-05-15,2025-05-16,2025-06-14,2025-05-22,12.37109375,14.902499520182408,-2.531405770182408,2.531405770182408,20.46226325123765
Ensemble_InverseRMSE,45,4,4,2025-01-01,2025-05-15,2025-05-16,2025-06-14,2025-05-23,11.80078125,16.565402847765206,-4.764621597765206,4.764621597765206,40.37547596914574
Ensemble_InverseRMSE,45,4,4,2025-01-01,2025-05-15,2025-05-16,2025-06-14,2025-05-24,16.109375,20.859665488843707,-4.7502904888437065,4.7502904888437065,29.48773921299682
Ensemble_InverseRMSE,45,4,4,2025-01-01,2025-05-15,2025-05-16,2025-06-14,2025-05-25,15.21484375,19.115630739553286,-3.9007869895532856,3.9007869895532856,25.63803515598565
Ensemble_InverseRMSE,45,4,4,2025-01-01,2025-05-15,2025-05-16,2025-06-14,2025-05-26,14.57421875,14.28604003933407,0.2881787106659299,0.2881787106659299,1.9773184114306637
Ensemble_InverseRMSE,45,4,4,2025-01-01,2025-05-15,2025-05-16,2025-06-14,2025-05-27,10.80859375,13.37870281231665,-2.57010906231665,2.57010906231665,23.778385253092242
Ensemble_InverseRMSE,45,4,4,2025-01-01,2025-05-15,2025-05-16,2025-06-14,2025-05-28,7.69921875,14.299420672965272,-6.600201922965272,6.600201922965272,85.72560589949822
Ensemble_InverseRMSE,45,4,4,2025-01-01,2025-05-15,2025-05-16,2025-06-14,2025-05-29,12.7890625,15.152403356585282,-2.363340856585282,2.363340856585282,18.47939093725816
Ensemble_InverseRMSE,45,4,4,2025-01-01,2025-05-15,2025-05-16,2025-06-14,2025-05-30,13.609375,17.12607462008379,-3.5166996200837914,3.5166996200837914,25.84027275377298
Ensemble_InverseRMSE,45,4,4,2025-01-01,2025-05-15,2025-05-16,2025-06-14,2025-05-31,16.671875,20.406441354811527,-3.734566354811527,3.734566354811527,22.400398004492757
Ensemble_InverseRMSE,45,4,4,2025-01-01,2025-05-15,2025-05-16,2025-06-14,2025-06-01,17.265625,19.295136231338912,-2.029511231338912,2.029511231338912,11.754635186035326
Ensemble_InverseRMSE,45,4,4,2025-01-01,2025-05-15,2025-05-16,2025-06-14,2025-06-02,11.390625,14.22257294920574,-2.8319479492057393,2.8319479492057393,24.862094478623774
Ensemble_InverseRMSE,45,4,4,2025-01-01,2025-05-15,2025-05-16,2025-06-14,2025-06-03,11.7265625,13.34885635735554,-1.6222938573555403,1.6222938573555403,13.83435134853492
Ensemble_InverseRMSE,45,4,4,2025-01-01,2025-05-15,2025-05-16,2025-06-14,2025-06-04,11.234375,14.1936748358722,-2.9592998358721996,2.9592998358721996,26.341472808876325
Ensemble_InverseRMSE,45,4,4,2025-01-01,2025-05-15,2025-05-16,2025-06-14,2025-06-05,10.44921875,14.792575012043402,-4.343356262043402,4.343356262043402,41.566325348901344
Ensemble_InverseRMSE,45,4,4,2025-01-01,2025-05-15,2025-05-16,2025-06-14,2025-06-06,13.23046875,17.11148265025692,-3.881013900256921,3.881013900256921,29.333910790250123
Ensemble_InverseRMSE,45,4,4,2025-01-01,2025-05-15,2025-05-16,2025-06-14,2025-06-07,17.609375,21.052835123076147,-3.4434601230761466,3.4434601230761466,19.554698125720797
Ensemble_InverseRMSE,45,4,4,2025-01-01,2025-05-15,2025-05-16,2025-06-14,2025-06-08,15.859375,19.805652419713702,-3.9462774197137023,3.9462774197137023,24.88293151346571
Ensemble_InverseRMSE,45,4,4,2025-01-01,2025-05-15,2025-05-16,2025-06-14,2025-06-09,11.43359375,14.500832994256296,-3.067239244256296,3.067239244256296,26.826554374089913
Ensemble_InverseRMSE,45,4,4,2025-01-01,2025-05-15,2025-05-16,2025-06-14,2025-06-10,9.70703125,13.424489968805386,-3.7174587188053856,3.7174587188053856,38.29655662028888
Ensemble_InverseRMSE,45,4,4,2025-01-01,2025-05-15,2025-05-16,2025-06-14,2025-06-11,11.69921875,14.194484517719573,-2.495265767719573,2.495265767719573,21.32848202124243
Ensemble_InverseRMSE,45,4,4,2025-01-01,2025-05-15,2025-05-16,2025-06-14,2025-06-12,11.1328125,14.940352010431988,-3.8075395104319885,3.8075395104319885,34.20105665510839
Ensemble_InverseRMSE,45,4,4,2025-01-01,2025-05-15,2025-05-16,2025-06-14,2025-06-13,12.66796875,17.24397870098505,-4.57600995098505,4.57600995098505,36.12268108085639
Ensemble_InverseRMSE,45,4,4,2025-01-01,2025-05-15,2025-05-16,2025-06-14,2025-06-14,17.33203125,21.121238896095907,-3.7892076460959068,3.7892076460959068,21.862455654734102
Ensemble_InverseRMSE,45,5,5,2025-01-01,2025-06-14,2025-06-15,2025-07-14,2025-06-15,13.140625,16.381057901534227,-3.240432901534227,3.240432901534227,24.6596558499632
Ensemble_InverseRMSE,45,5,5,2025-01-01,2025-06-14,2025-06-15,2025-07-14,2025-06-16,10.5859375,11.681860796771103,-1.0959232967711028,1.0959232967711028,10.352633356952115
Ensemble_InverseRMSE,45,5,5,2025-01-01,2025-06-14,2025-06-15,2025-07-14,2025-06-17,10.41796875,11.115426420374215,-0.6974576703742148,0.6974576703742148,6.694756790993588
Ensemble_InverseRMSE,45,5,5,2025-01-01,2025-06-14,2025-06-15,2025-07-14,2025-06-18,10.4921875,11.237838784753926,-0.7456512847539258,0.7456512847539258,7.10672855163831
Ensemble_InverseRMSE,45,5,5,2025-01-01,2025-06-14,2025-06-15,2025-07-14,2025-06-19,15.37890625,11.720572063282159,3.658334186717841,3.658334186717841,23.787999791713673
Ensemble_InverseRMSE,45,5,5,2025-01-01,2025-06-14,2025-06-15,2025-07-14,2025-06-20,13.1015625,13.596013654689262,-0.49445115468926204,0.49445115468926204,3.7739861538596027
Ensemble_InverseRMSE,45,5,5,2025-01-01,2025-06-14,2025-06-15,2025-07-14,2025-06-21,13.66796875,16.30970814478857,-2.6417393947885692,2.6417393947885692,19.327958990165012
Ensemble_InverseRMSE,45,5,5,2025-01-01,2025-06-14,2025-06-15,2025-07-14,2025-06-22,15.90234375,15.379211258758438,0.5231324912415616,0.5231324912415616,3.2896565403546982
Ensemble_InverseRMSE,45,5,5,2025-01-01,2025-06-14,2025-06-15,2025-07-14,2025-06-23,11.78515625,11.653047521783506,0.1321087282164939,0.1321087282164939,1.1209756189400872
Ensemble_InverseRMSE,45,5,5,2025-01-01,2025-06-14,2025-06-15,2025-07-14,2025-06-24,11.30078125,11.428674097657176,-0.12789284765717568,0.12789284765717568,1.131716868310991
Ensemble_InverseRMSE,45,5,5,2025-01-01,2025-06-14,2025-06-15,2025-07-14,2025-06-25,11.765625,11.711670460732025,0.05395453926797522,0.05395453926797522,0.4585777573904932
Ensemble_InverseRMSE,45,5,5,2025-01-01,2025-06-14,2025-06-15,2025-07-14,2025-06-26,10.85546875,11.769524829970809,-0.9140560799708091,0.9140560799708091,8.420235929202127
Ensemble_InverseRMSE,45,5,5,2025-01-01,2025-06-14,2025-06-15,2025-07-14,2025-06-27,13.60546875,13.387383367895907,0.21808538210409267,0.21808538210409267,1.6029244277533081
Ensemble_InverseRMSE,45,5,5,2025-01-01,2025-06-14,2025-06-15,2025-07-14,2025-06-28,15.6328125,15.90873248717702,-0.27591998717701927,0.27591998717701927,1.7650054152253107
Ensemble_InverseRMSE,45,5,5,2025-01-01,2025-06-14,2025-06-15,2025-07-14,2025-06-29,17.41796875,15.365927902585288,2.0520408474147125,2.0520408474147125,11.781171942995435
Ensemble_InverseRMSE,45,5,5,2025-01-01,2025-06-14,2025-06-15,2025-07-14,2025-06-30,14.37890625,11.271199686926224,3.1077065630737764,3.1077065630737764,21.612955179214527
Ensemble_InverseRMSE,45,5,5,2025-01-01,2025-06-14,2025-06-15,2025-07-14,2025-07-01,11.33984375,11.397938592056825,-0.0580948420568248,0.0580948420568248,0.5123072534118894
Ensemble_InverseRMSE,45,5,5,2025-01-01,2025-06-14,2025-06-15,2025-07-14,2025-07-02,9.7421875,11.622894743726409,-1.880707243726409,1.880707243726409,19.304773632476373
Ensemble_InverseRMSE,45,5,5,2025-01-01,2025-06-14,2025-06-15,2025-07-14,2025-07-03,13.31640625,11.80135086507024,1.5150553849297594,1.5150553849297594,11.37735930014721
Ensemble_InverseRMSE,45,5,5,2025-01-01,2025-06-14,2025-06-15,2025-07-14,2025-07-04,13.86328125,13.241360652061253,0.6219205979387468,0.6219205979387468,4.486099551206514
Ensemble_InverseRMSE,45,5,5,2025-01-01,2025-06-14,2025-06-15,2025-07-14,2025-07-05,14.7578125,15.86976809382778,-1.1119555938277799,1.1119555938277799,7.53469115987061
Ensemble_InverseRMSE,45,5,5,2025-01-01,2025-06-14,2025-06-15,2025-07-14,2025-07-06,9.4765625,15.172458200083458,-5.695895700083458,5.695895700083458,60.105082408135424
Ensemble_InverseRMSE,45,5,5,2025-01-01,2025-06-14,2025-06-15,2025-07-14,2025-07-07,8.96484375,11.034707688351482,-2.0698639383514816,2.0698639383514816,23.088678353724585
Ensemble_InverseRMSE,45,5,5,2025-01-01,2025-06-14,2025-06-15,2025-07-14,2025-07-08,9.6875,11.232468144140672,-1.5449681441406717,1.5449681441406717,15.948058262097256
Ensemble_InverseRMSE,45,5,5,2025-01-01,2025-06-14,2025-06-15,2025-07-14,2025-07-09,12.1484375,11.490467996476022,0.6579695035239777,0.6579695035239777,5.4160833730591085
Ensemble_InverseRMSE,45,5,5,2025-01-01,2025-06-14,2025-06-15,2025-07-14,2025-07-10,11.09765625,11.57034627019543,-0.4726900201954294,0.4726900201954294,4.259368010208727
Ensemble_InverseRMSE,45,5,5,2025-01-01,2025-06-14,2025-06-15,2025-07-14,2025-07-11,12.33203125,13.196980317218868,-0.864949067218868,0.864949067218868,7.013841026545144
Ensemble_InverseRMSE,45,5,5,2025-01-01,2025-06-14,2025-06-15,2025-07-14,2025-07-12,18.7734375,15.808776546749534,2.9646609532504655,2.9646609532504655,15.791785352312093
Ensemble_InverseRMSE,45,5,5,2025-01-01,2025-06-14,2025-06-15,2025-07-14,2025-07-13,14.00390625,15.034831763527128,-1.0309255135271282,1.0309255135271282,7.361699622397346
Ensemble_InverseRMSE,45,5,5,2025-01-01,2025-06-14,2025-06-15,2025-07-14,2025-07-14,9.69921875,11.010502939502587,-1.3112841895025866,1.3112841895025866,13.519482582064526
Ensemble_InverseRMSE,45,6,6,2025-01-01,2025-07-14,2025-07-15,2025-08-13,2025-07-15,11.79296875,10.734465430761285,1.0585033192387154,1.0585033192387154,8.97571545959295
Ensemble_InverseRMSE,45,6,6,2025-01-01,2025-07-14,2025-07-15,2025-08-13,2025-07-16,11.625,11.444239067054129,0.18076093294587103,0.18076093294587103,1.5549327565236217
Ensemble_InverseRMSE,45,6,6,2025-01-01,2025-07-14,2025-07-15,2025-08-13,2025-07-17,11.20703125,12.175655439943347,-0.9686241899433465,0.9686241899433465,8.643004274154643
Ensemble_InverseRMSE,45,6,6,2025-01-01,2025-07-14,2025-07-15,2025-08-13,2025-07-18,12.76953125,13.760094377293518,-0.9905631272935178,0.9905631272935178,7.757239540750706
Ensemble_InverseRMSE,45,6,6,2025-01-01,2025-07-14,2025-07-15,2025-08-13,2025-07-19,16.83984375,14.922097367349672,1.9177463826503285,1.9177463826503285,11.388148317292602
Ensemble_InverseRMSE,45,6,6,2025-01-01,2025-07-14,2025-07-15,2025-08-13,2025-07-20,15.55859375,14.139569219674279,1.4190245303257214,1.4190245303257214,9.12051920068754
Ensemble_InverseRMSE,45,6,6,2025-01-01,2025-07-14,2025-07-15,2025-08-13,2025-07-21,10.421875,11.403180105056585,-0.9813051050565846,0.9813051050565846,9.415821097994215
Ensemble_InverseRMSE,45,6,6,2025-01-01,2025-07-14,2025-07-15,2025-08-13,2025-07-22,12.03125,11.416391496452547,0.6148585035474525,0.6148585035474525,5.110512237277527
Ensemble_InverseRMSE,45,6,6,2025-01-01,2025-07-14,2025-07-15,2025-08-13,2025-07-23,12.75390625,11.740176440178807,1.0137298098211929,1.0137298098211929,7.948386870267239
Ensemble_InverseRMSE,45,6,6,2025-01-01,2025-07-14,2025-07-15,2025-08-13,2025-07-24,10.875,11.812084901286694,-0.9370849012866937,0.9370849012866937,8.616872655509827
Ensemble_InverseRMSE,45,6,6,2025-01-01,2025-07-14,2025-07-15,2025-08-13,2025-07-25,12.4609375,12.933602444134515,-0.47266494413451454,0.47266494413451454,3.7931732193866994
Ensemble_InverseRMSE,45,6,6,2025-01-01,2025-07-14,2025-07-15,2025-08-13,2025-07-26,17.00390625,14.719896010876422,2.284010239123578,2.284010239123578,13.432267889171515
Ensemble_InverseRMSE,45,6,6,2025-01-01,2025-07-14,2025-07-15,2025-08-13,2025-07-27,14.58203125,13.873992094073794,0.7080391559262065,0.7080391559262065,4.855559172705836
Ensemble_InverseRMSE,45,6,6,2025-01-01,2025-07-14,2025-07-15,2025-08-13,2025-07-28,12.27734375,11.459335293959587,0.8180084560404133,0.8180084560404133,6.662747844299899
Ensemble_InverseRMSE,45,6,6,2025-01-01,2025-07-14,2025-07-15,2025-08-13,2025-07-29,11.1640625,11.141454203447106,0.022608296552894203,0.022608296552894203,0.20250958423866047
Ensemble_InverseRMSE,45,6,6,2025-01-01,2025-07-14,2025-07-15,2025-08-13,2025-07-30,11.828125,11.848967205889217,-0.020842205889216814,0.020842205889216814,0.17620887409641692
Ensemble_InverseRMSE,45,6,6,2025-01-01,2025-07-14,2025-07-15,2025-08-13,2025-07-31,12.734375,12.350794558557581,0.3835804414424189,0.3835804414424189,3.012165429731878
Ensemble_InverseRMSE,45,6,6,2025-01-01,2025-07-14,2025-07-15,2025-08-13,2025-08-01,14.0546875,13.311090448111084,0.7435970518889157,0.7435970518889157,5.290740558186838
Ensemble_InverseRMSE,45,6,6,2025-01-01,2025-07-14,2025-07-15,2025-08-13,2025-08-02,18.59375,14.251320132581306,4.342429867418694,4.342429867418694,23.354244665108943
Ensemble_InverseRMSE,45,6,6,2025-01-01,2025-07-14,2025-07-15,2025-08-13,2025-08-03,15.4609375,12.950291348386905,2.510646151613095,2.510646151613095,16.23864110189369
Ensemble_InverseRMSE,45,6,6,2025-01-01,2025-07-14,2025-07-15,2025-08-13,2025-08-04,13.875,10.77015278807023,3.104847211929769,3.104847211929769,22.37727720309744
Ensemble_InverseRMSE,45,6,6,2025-01-01,2025-07-14,2025-07-15,2025-08-13,2025-08-05,12.921875,10.991530259639626,1.9303447403603737,1.9303447403603737,14.9385808202012
Ensemble_InverseRMSE,45,6,6,2025-01-01,2025-07-14,2025-07-15,2025-08-13,2025-08-06,11.60546875,11.085498768842726,0.5199699811572742,0.5199699811572742,4.480387585872172
Ensemble_InverseRMSE,45,6,6,2025-01-01,2025-07-14,2025-07-15,2025-08-13,2025-08-07,13.20703125,11.574332037432086,1.632699212567914,1.632699212567914,12.36234837081887
Ensemble_InverseRMSE,45,6,6,2025-01-01,2025-07-14,2025-07-15,2025-08-13,2025-08-08,14.25390625,12.41042152531255,1.8434847246874497,1.8434847246874497,12.933189627842893
Ensemble_InverseRMSE,45,6,6,2025-01-01,2025-07-14,2025-07-15,2025-08-13,2025-08-09,16.66015625,14.501367745102762,2.158788504897238,2.158788504897238,12.957792667144034
Ensemble_InverseRMSE,45,6,6,2025-01-01,2025-07-14,2025-07-15,2025-08-13,2025-08-10,12.44921875,13.711250301198241,-1.2620315511982412,1.2620315511982412,10.137435742288977
Ensemble_InverseRMSE,45,6,6,2025-01-01,2025-07-14,2025-07-15,2025-08-13,2025-08-11,12.37890625,10.914078962096177,1.464827287903823,1.464827287903823,11.833252941097467
Ensemble_InverseRMSE,45,6,6,2025-01-01,2025-07-14,2025-07-15,2025-08-13,2025-08-12,10.80859375,10.984021822487552,-0.1754280724875521,0.1754280724875521,1.6230425210268642
Ensemble_InverseRMSE,45,6,6,2025-01-01,2025-07-14,2025-07-15,2025-08-13,2025-08-13,11.75,11.244604977266633,0.5053950227333672,0.5053950227333672,4.301234236028657
Ensemble_InverseRMSE,45,7,7,2025-01-01,2025-08-13,2025-08-14,2025-09-12,2025-08-14,11.91796875,12.299572816301843,-0.3816040663018434,0.3816040663018434,3.201922024689345
Ensemble_InverseRMSE,45,7,7,2025-01-01,2025-08-13,2025-08-14,2025-09-12,2025-08-15,14.9765625,13.362042731117754,1.6145197688822464,1.6145197688822464,10.780309359255478
Ensemble_InverseRMSE,45,7,7,2025-01-01,2025-08-13,2025-08-14,2025-09-12,2025-08-16,15.7109375,15.693503534965282,0.017433965034717502,0.017433965034717502,0.11096705740645652
Ensemble_InverseRMSE,45,7,7,2025-01-01,2025-08-13,2025-08-14,2025-09-12,2025-08-17,17.4296875,14.667828419173848,2.7618590808261523,2.7618590808261523,15.845717720562416
Ensemble_InverseRMSE,45,7,7,2025-01-01,2025-08-13,2025-08-14,2025-09-12,2025-08-18,13.48046875,11.912240240575105,1.5682285094248947,1.5682285094248947,11.6333381168581
Ensemble_InverseRMSE,45,7,7,2025-01-01,2025-08-13,2025-08-14,2025-09-12,2025-08-19,13.83984375,11.518907272628475,2.320936477371525,2.320936477371525,16.769961563847318
Ensemble_InverseRMSE,45,7,7,2025-01-01,2025-08-13,2025-08-14,2025-09-12,2025-08-20,13.26953125,11.660138011143655,1.6093932388563452,1.6093932388563452,12.128485991970102
Ensemble_InverseRMSE,45,7,7,2025-01-01,2025-08-13,2025-08-14,2025-09-12,2025-08-21,13.02734375,12.14872888170541,0.8786148682945907,0.8786148682945907,6.7443899935057035
Ensemble_InverseRMSE,45,7,7,2025-01-01,2025-08-13,2025-08-14,2025-09-12,2025-08-22,16.01953125,13.36606401190216,2.6534672380978392,2.6534672380978392,16.56395057188605
Ensemble_InverseRMSE,45,7,7,2025-01-01,2025-08-13,2025-08-14,2025-09-12,2025-08-23,26.41015625,15.563514829742633,10.846641420257367,10.846641420257367,41.06996307625922
Ensemble_InverseRMSE,45,7,7,2025-01-01,2025-08-13,2025-08-14,2025-09-12,2025-08-24,25.89453125,14.27387488112014,11.62065636887986,11.62065636887986,44.87687479911366
Ensemble_InverseRMSE,45,7,7,2025-01-01,2025-08-13,2025-08-14,2025-09-12,2025-08-25,15.6796875,11.99169669598857,3.687990804011431,3.687990804011431,23.52081828168725
Ensemble_InverseRMSE,45,7,7,2025-01-01,2025-08-13,2025-08-14,2025-09-12,2025-08-26,12.02734375,11.479500901231141,0.5478428487688589,0.5478428487688589,4.554977891680021
Ensemble_InverseRMSE,45,7,7,2025-01-01,2025-08-13,2025-08-14,2025-09-12,2025-08-27,11.4609375,11.628554564163633,-0.16761706416363253,0.16761706416363253,1.4625074446451918
Ensemble_InverseRMSE,45,7,7,2025-01-01,2025-08-13,2025-08-14,2025-09-12,2025-08-28,13.8359375,12.239379502481677,1.5965579975183228,1.5965579975183228,11.539210823396122
Ensemble_InverseRMSE,45,7,7,2025-01-01,2025-08-13,2025-08-14,2025-09-12,2025-08-29,16.3984375,13.254244692522178,3.144192807477822,3.144192807477822,19.173734128497436
Ensemble_InverseRMSE,45,7,7,2025-01-01,2025-08-13,2025-08-14,2025-09-12,2025-08-30,20.38671875,15.500472934137429,4.886245815862571,4.886245815862571,23.967789401433574
Ensemble_InverseRMSE,45,7,7,2025-01-01,2025-08-13,2025-08-14,2025-09-12,2025-08-31,19.58203125,14.446332913592418,5.135698336407582,5.135698336407582,26.226586357876343
Ensemble_InverseRMSE,45,7,7,2025-01-01,2025-08-13,2025-08-14,2025-09-12,2025-09-01,23.41015625,12.048711295993613,11.361444954006387,11.361444954006387,48.53211927624954
Ensemble_InverseRMSE,45,7,7,2025-01-01,2025-08-13,2025-08-14,2025-09-12,2025-09-02,11.5625,11.474101263220824,0.08839873677917609,0.08839873677917609,0.7645296153874689
Ensemble_InverseRMSE,45,7,7,2025-01-01,2025-08-13,2025-08-14,2025-09-12,2025-09-03,13.06640625,11.717036065124665,1.349370184875335,1.349370184875335,10.3270184552492
Ensemble_InverseRMSE,45,7,7,2025-01-01,2025-08-13,2025-08-14,2025-09-12,2025-09-04,11.08984375,12.130475815478768,-1.0406320654787677,1.0406320654787677,9.383649480893434
Ensemble_InverseRMSE,45,7,7,2025-01-01,2025-08-13,2025-08-14,2025-09-12,2025-09-05,13.89453125,13.065089038832832,0.8294422111671675,0.8294422111671675,5.969558787146328
Ensemble_InverseRMSE,45,7,7,2025-01-01,2025-08-13,2025-08-14,2025-09-12,2025-09-06,19.28515625,15.135187217744033,4.149969032255967,4.149969032255967,21.51898060071962
Ensemble_InverseRMSE,45,7,7,2025-01-01,2025-08-13,2025-08-14,2025-09-12,2025-09-07,19.7109375,14.305143399973073,5.405794100026927,5.405794100026927,27.42535254868992
Ensemble_InverseRMSE,45,7,7,2025-01-01,2025-08-13,2025-08-14,2025-09-12,2025-09-08,8.5859375,11.806072599724938,-3.2201350997249385,3.2201350997249385,37.50475821335688
Ensemble_InverseRMSE,45,7,7,2025-01-01,2025-08-13,2025-08-14,2025-09-12,2025-09-09,11.88671875,11.289578341579727,0.5971404084202732,0.5971404084202732,5.023593314347352
Ensemble_InverseRMSE,45,7,7,2025-01-01,2025-08-13,2025-08-14,2025-09-12,2025-09-10,9.19921875,11.489123430878687,-2.2899046808786867,2.2899046808786867,24.89238209362819
Ensemble_InverseRMSE,45,7,7,2025-01-01,2025-08-13,2025-08-14,2025-09-12,2025-09-11,12.69921875,12.015449635209453,0.6837691147905467,0.6837691147905467,5.384339999581051
Ensemble_InverseRMSE,45,7,7,2025-01-01,2025-08-13,2025-08-14,2025-09-12,2025-09-12,13.2421875,12.987414712919207,0.25477278708079254,0.25477278708079254,1.9239478906396132
Ensemble_InverseRMSE,45,8,8,2025-01-01,2025-09-12,2025-09-13,2025-10-12,2025-09-13,18.23046875,16.4256000002322,1.8048687497677989,1.8048687497677989,9.900287121074705
Ensemble_InverseRMSE,45,8,8,2025-01-01,2025-09-12,2025-09-13,2025-10-12,2025-09-14,15.44140625,15.85985509711504,-0.41844884711503916,0.41844884711503916,2.7099141123564388
Ensemble_InverseRMSE,45,8,8,2025-01-01,2025-09-12,2025-09-13,2025-10-12,2025-09-15,10.828125,12.696922084979896,-1.8687970849798958,1.8687970849798958,17.25873209793843
Ensemble_InverseRMSE,45,8,8,2025-01-01,2025-09-12,2025-09-13,2025-10-12,2025-09-16,11.87890625,11.788957399005165,0.08994885099483518,0.08994885099483518,0.7572149245208092
Ensemble_InverseRMSE,45,8,8,2025-01-01,2025-09-12,2025-09-13,2025-10-12,2025-09-17,9.30859375,11.961026097822616,-2.652432347822616,2.652432347822616,28.494447379042793
Ensemble_InverseRMSE,45,8,8,2025-01-01,2025-09-12,2025-09-13,2025-10-12,2025-09-18,12.50390625,12.141889433559932,0.3620168164400681,0.3620168164400681,2.895229772216727
Ensemble_InverseRMSE,45,8,8,2025-01-01,2025-09-12,2025-09-13,2025-10-12,2025-09-19,16.0859375,13.743997126339217,2.3419403736607833,2.3419403736607833,14.558929957677528
Ensemble_InverseRMSE,45,8,8,2025-01-01,2025-09-12,2025-09-13,2025-10-12,2025-09-20,18.859375,15.936274939464038,2.923100060535962,2.923100060535962,15.499453510712637
Ensemble_InverseRMSE,45,8,8,2025-01-01,2025-09-12,2025-09-13,2025-10-12,2025-09-21,18.55859375,15.24857110225087,3.310022647749131,3.310022647749131,17.835525106793884
Ensemble_InverseRMSE,45,8,8,2025-01-01,2025-09-12,2025-09-13,2025-10-12,2025-09-22,10.22265625,12.412293106933253,-2.1896368569332534,2.1896368569332534,21.4194511033593
Ensemble_InverseRMSE,45,8,8,2025-01-01,2025-09-12,2025-09-13,2025-10-12,2025-09-23,9.7109375,12.270696136802695,-2.5597586368026946,2.5597586368026946,26.359541875361618
Ensemble_InverseRMSE,45,8,8,2025-01-01,2025-09-12,2025-09-13,2025-10-12,2025-09-24,9.390625,12.139578537004988,-2.7489535370049882,2.7489535370049882,29.273382091234485
Ensemble_InverseRMSE,45,8,8,2025-01-01,2025-09-12,2025-09-13,2025-10-12,2025-09-25,9.78515625,12.949467478267616,-3.164311228267616,3.164311228267616,32.33787123499041
Ensemble_InverseRMSE,45,8,8,2025-01-01,2025-09-12,2025-09-13,2025-10-12,2025-09-26,15.32421875,14.17874325547281,1.14547549452719,1.14547549452719,7.474935676751484
Ensemble_InverseRMSE,45,8,8,2025-01-01,2025-09-12,2025-09-13,2025-10-12,2025-09-27,18.71484375,16.06865041626716,2.646193333732839,2.646193333732839,14.139542755909137
Ensemble_InverseRMSE,45,8,8,2025-01-01,2025-09-12,2025-09-13,2025-10-12,2025-09-28,17.06640625,14.631536628263074,2.434869621736926,2.434869621736926,14.26703188749492
Ensemble_InverseRMSE,45,8,8,2025-01-01,2025-09-12,2025-09-13,2025-10-12,2025-09-29,11.71484375,12.921480778935067,-1.2066370289350665,1.2066370289350665,10.300069336691465
Ensemble_InverseRMSE,45,8,8,2025-01-01,2025-09-12,2025-09-13,2025-10-12,2025-09-30,11.19140625,12.686687562526142,-1.4952813125261422,1.4952813125261422,13.360977871088739
Ensemble_InverseRMSE,45,8,8,2025-01-01,2025-09-12,2025-09-13,2025-10-12,2025-10-01,9.77734375,12.83712700288309,-3.05978325288309,3.05978325288309,31.29462695717423
Ensemble_InverseRMSE,45,8,8,2025-01-01,2025-09-12,2025-09-13,2025-10-12,2025-10-02,10.85546875,13.06064067522938,-2.2051719252293793,2.2051719252293793,20.313926335326414
Ensemble_InverseRMSE,45,8,8,2025-01-01,2025-09-12,2025-09-13,2025-10-12,2025-10-03,14.015625,14.231375854069743,-0.21575085406974281,0.21575085406974281,1.5393594939201272
Ensemble_InverseRMSE,45,8,8,2025-01-01,2025-09-12,2025-09-13,2025-10-12,2025-10-04,20.60546875,15.480289101261247,5.125179648738753,5.125179648738753,24.87290976449518
Ensemble_InverseRMSE,45,8,8,2025-01-01,2025-09-12,2025-09-13,2025-10-12,2025-10-05,18.5234375,14.88185051103523,3.64158698896477,3.64158698896477,19.659347726169994
Ensemble_InverseRMSE,45,8,8,2025-01-01,2025-09-12,2025-09-13,2025-10-12,2025-10-06,10.6640625,12.501610188502967,-1.8375476885029673,1.8375476885029673,17.231216419661525
Ensemble_InverseRMSE,45,8,8,2025-01-01,2025-09-12,2025-09-13,2025-10-12,2025-10-07,11.9296875,12.157228231906126,-0.22754073190612623,0.22754073190612623,1.9073486368031536
Ensemble_InverseRMSE,45,8,8,2025-01-01,2025-09-12,2025-09-13,2025-10-12,2025-10-08,12.04296875,12.212307733585664,-0.16933898358566424,0.16933898358566424,1.4061232500139489
Ensemble_InverseRMSE,45,8,8,2025-01-01,2025-09-12,2025-09-13,2025-10-12,2025-10-09,12.76171875,12.669640936515876,0.09207781348412425,0.09207781348412425,0.7215157714091157
Ensemble_InverseRMSE,45,8,8,2025-01-01,2025-09-12,2025-09-13,2025-10-12,2025-10-10,15.87890625,14.076693202803252,1.802213047196748,1.802213047196748,11.349730383330073
Ensemble_InverseRMSE,45,8,8,2025-01-01,2025-09-12,2025-09-13,2025-10-12,2025-10-11,21.76171875,16.609265635006338,5.152453114993662,5.152453114993662,23.676682775774143
Ensemble_InverseRMSE,45,8,8,2025-01-01,2025-09-12,2025-09-13,2025-10-12,2025-10-12,16.6328125,15.380300696283609,1.2525118037163914,1.2525118037163914,7.530366880023395
Ensemble_InverseRMSE,45,9,9,2025-01-01,2025-10-12,2025-10-13,2025-11-11,2025-10-13,11.2578125,12.33837381417651,-1.08056131417651,1.08056131417651,9.598323956599117
Ensemble_InverseRMSE,45,9,9,2025-01-01,2025-10-12,2025-10-13,2025-11-11,2025-10-14,11.03515625,11.746203840867498,-0.7110475908674978,0.7110475908674978,6.443475513701927
Ensemble_InverseRMSE,45,9,9,2025-01-01,2025-10-12,2025-10-13,2025-11-11,2025-10-15,10.23828125,12.280660633765553,-2.042379383765553,2.042379383765553,19.948459452269425
Ensemble_InverseRMSE,45,9,9,2025-01-01,2025-10-12,2025-10-13,2025-11-11,2025-10-16,13.40625,13.356124695512374,0.050125304487625755,0.050125304487625755,0.3738950451291432
Ensemble_InverseRMSE,45,9,9,2025-01-01,2025-10-12,2025-10-13,2025-11-11,2025-10-17,17.51171875,15.86661365330686,1.6451050966931398,1.6451050966931398,9.394309720130355
Ensemble_InverseRMSE,45,9,9,2025-01-01,2025-10-12,2025-10-13,2025-11-11,2025-10-18,18.5390625,18.807752371495244,-0.26868987149524415,0.26868987149524415,1.4493174695065847
Ensemble_InverseRMSE,45,9,9,2025-01-01,2025-10-12,2025-10-13,2025-11-11,2025-10-19,15.17578125,17.831528997394077,-2.655747747394077,2.655747747394077,17.499907936496363
Ensemble_InverseRMSE,45,9,9,2025-01-01,2025-10-12,2025-10-13,2025-11-11,2025-10-20,10.79296875,12.733122445168313,-1.9401536951683127,1.9401536951683127,17.976089249478395
Ensemble_InverseRMSE,45,9,9,2025-01-01,2025-10-12,2025-10-13,2025-11-11,2025-10-21,13.44921875,12.543132703520767,0.9060860464792331,0.9060860464792331,6.7370905576149775
Ensemble_InverseRMSE,45,9,9,2025-01-01,2025-10-12,2025-10-13,2025-11-11,2025-10-22,11.66796875,12.686428136755628,-1.0184593867556284,1.0184593867556284,8.728677703697386
Ensemble_InverseRMSE,45,9,9,2025-01-01,2025-10-12,2025-10-13,2025-11-11,2025-10-23,12.23828125,13.288194566233582,-1.0499133162335816,1.0499133162335816,8.578927831337277
Ensemble_InverseRMSE,45,9,9,2025-01-01,2025-10-12,2025-10-13,2025-11-11,2025-10-24,14.52734375,15.191405828673958,-0.6640620786739575,0.6640620786739575,4.571118368930711
Ensemble_InverseRMSE,45,9,9,2025-01-01,2025-10-12,2025-10-13,2025-11-11,2025-10-25,19.265625,18.3863100746381,0.8793149253618999,0.8793149253618999,4.564165062705725
Ensemble_InverseRMSE,45,9,9,2025-01-01,2025-10-12,2025-10-13,2025-11-11,2025-10-26,19.89453125,16.94169028060679,2.952840969393211,2.952840969393211,14.842475714994347
Ensemble_InverseRMSE,45,9,9,2025-01-01,2025-10-12,2025-10-13,2025-11-11,2025-10-27,9.4921875,12.945630825278007,-3.4534433252780072,3.4534433252780072,36.381954373299166
Ensemble_InverseRMSE,45,9,9,2025-01-01,2025-10-12,2025-10-13,2025-11-11,2025-10-28,12.7578125,12.686970095272931,0.0708424047270686,0.0708424047270686,0.5552864546885965
Ensemble_InverseRMSE,45,9,9,2025-01-01,2025-10-12,2025-10-13,2025-11-11,2025-10-29,9.73828125,13.253242876256737,-3.5149616262567367,3.5149616262567367,36.09427101170175
Ensemble_InverseRMSE,45,9,9,2025-01-01,2025-10-12,2025-10-13,2025-11-11,2025-10-30,9.109375,13.690774102248172,-4.581399102248172,4.581399102248172,50.29323199723551
Ensemble_InverseRMSE,45,9,9,2025-01-01,2025-10-12,2025-10-13,2025-11-11,2025-10-31,13.49609375,15.828586908311216,-2.332493158311216,2.332493158311216,17.282727887921023
Ensemble_InverseRMSE,45,9,9,2025-01-01,2025-10-12,2025-10-13,2025-11-11,2025-11-01,21.05078125,18.63314398727121,2.417637262728789,2.417637262728789,11.4847864030167
Ensemble_InverseRMSE,45,9,9,2025-01-01,2025-10-12,2025-10-13,2025-11-11,2025-11-02,19.015625,16.454515920291378,2.561109079708622,2.561109079708622,13.468445447933592
Ensemble_InverseRMSE,45,9,9,2025-01-01,2025-10-12,2025-10-13,2025-11-11,2025-11-03,12.2890625,12.919117631159036,-0.6300551311590361,0.6300551311590361,5.1269584735128175
Ensemble_InverseRMSE,45,9,9,2025-01-01,2025-10-12,2025-10-13,2025-11-11,2025-11-04,15.23046875,12.618540659169211,2.611928090830789,2.611928090830789,17.149361150363735
Ensemble_InverseRMSE,45,9,9,2025-01-01,2025-10-12,2025-10-13,2025-11-11,2025-11-05,10.9765625,12.880269985521073,-1.903707485521073,1.903707485521073,17.34338492147312
Ensemble_InverseRMSE,45,9,9,2025-01-01,2025-10-12,2025-10-13,2025-11-11,2025-11-06,12.0625,13.277610201930832,-1.2151102019308322,1.2151102019308322,10.07345245124006
Ensemble_InverseRMSE,45,9,9,2025-01-01,2025-10-12,2025-10-13,2025-11-11,2025-11-07,13.328125,15.235179778013809,-1.9070547780138085,1.9070547780138085,14.308500092952373
Ensemble_InverseRMSE,45,9,9,2025-01-01,2025-10-12,2025-10-13,2025-11-11,2025-11-08,19.1171875,18.55650315059262,0.5606843494073814,0.5606843494073814,2.9328809449997886
Ensemble_InverseRMSE,45,9,9,2025-01-01,2025-10-12,2025-10-13,2025-11-11,2025-11-09,17.85546875,17.70532326651098,0.15014548348901968,0.15014548348901968,0.8408935413080079
Ensemble_InverseRMSE,45,9,9,2025-01-01,2025-10-12,2025-10-13,2025-11-11,2025-11-10,11.03515625,12.696294491502101,-1.6611382415021012,1.6611382415021012,15.053146542461517
Ensemble_InverseRMSE,45,9,9,2025-01-01,2025-10-12,2025-10-13,2025-11-11,2025-11-11,10.47265625,12.656321527659713,-2.1836652776597134,2.1836652776597134,20.851111938861866
Ensemble_InverseRMSE,45,10,10,2025-01-01,2025-10-13,2025-10-14,2025-11-12,2025-10-14,11.03515625,11.385207023151441,-0.35005077315144106,0.35005077315144106,3.1721415195316434
Ensemble_InverseRMSE,45,10,10,2025-01-01,2025-10-13,2025-10-14,2025-11-12,2025-10-15,10.23828125,12.207474513665636,-1.9691932636656357,1.9691932636656357,19.233631266631164
Ensemble_InverseRMSE,45,10,10,2025-01-01,2025-10-13,2025-10-14,2025-11-12,2025-10-16,13.40625,13.409766047922178,-0.003516047922177634,0.003516047922177634,0.026226930888038295
Ensemble_InverseRMSE,45,10,10,2025-01-01,2025-10-13,2025-10-14,2025-11-12,2025-10-17,17.51171875,15.646268945746455,1.8654498042535455,1.8654498042535455,10.65257974322792
Ensemble_InverseRMSE,45,10,10,2025-01-01,2025-10-13,2025-10-14,2025-11-12,2025-10-18,18.5390625,18.50215004848992,0.03691245151008005,0.03691245151008005,0.1991063545423618
Ensemble_InverseRMSE,45,10,10,2025-01-01,2025-10-13,2025-10-14,2025-11-12,2025-10-19,15.17578125,17.4309095646873,-2.255128314687301,2.255128314687301,14.86004758198067
Ensemble_InverseRMSE,45,10,10,2025-01-01,2025-10-13,2025-10-14,2025-11-12,2025-10-20,10.79296875,12.377671228571792,-1.584702478571792,1.584702478571792,14.682730167006108
Ensemble_InverseRMSE,45,10,10,2025-01-01,2025-10-13,2025-10-14,2025-11-12,2025-10-21,13.44921875,12.210481769078855,1.2387369809211446,1.2387369809211446,9.210475373680309
Ensemble_InverseRMSE,45,10,10,2025-01-01,2025-10-13,2025-10-14,2025-11-12,2025-10-22,11.66796875,12.577643376866632,-0.9096746268666323,0.9096746268666323,7.796340960088981
Ensemble_InverseRMSE,45,10,10,2025-01-01,2025-10-13,2025-10-14,2025-11-12,2025-10-23,12.23828125,13.28966414173835,-1.0513828917383492,1.0513828917383492,8.590935853336017
Ensemble_InverseRMSE,45,10,10,2025-01-01,2025-10-13,2025-10-14,2025-11-12,2025-10-24,14.52734375,15.281938801949883,-0.7545950519498827,0.7545950519498827,5.194308504952137
Ensemble_InverseRMSE,45,10,10,2025-01-01,2025-10-13,2025-10-14,2025-11-12,2025-10-25,19.265625,18.443830118242264,0.8217948817577359,0.8217948817577359,4.265601981548669
Ensemble_InverseRMSE,45,10,10,2025-01-01,2025-10-13,2025-10-14,2025-11-12,2025-10-26,19.89453125,16.916321014763806,2.978210235236194,2.978210235236194,14.969994506586797
Ensemble_InverseRMSE,45,10,10,2025-01-01,2025-10-13,2025-10-14,2025-11-12,2025-10-27,9.4921875,12.697229411736547,-3.205041911736547,3.205041911736547,33.765050592780085
Ensemble_InverseRMSE,45,10,10,2025-01-01,2025-10-13,2025-10-14,2025-11-12,2025-10-28,12.7578125,12.48345552304648,0.2743569769535199,0.2743569769535199,2.1505017177005845
Ensemble_InverseRMSE,45,10,10,2025-01-01,2025-10-13,2025-10-14,2025-11-12,2025-10-29,9.73828125,12.939011933768128,-3.2007306837681284,3.2007306837681284,32.86751123323871
Ensemble_InverseRMSE,45,10,10,2025-01-01,2025-10-13,2025-10-14,2025-11-12,2025-10-30,9.109375,13.603254778347464,-4.493879778347464,4.493879778347464,49.3324709801437
Ensemble_InverseRMSE,45,10,10,2025-01-01,2025-10-13,2025-10-14,2025-11-12,2025-10-31,13.49609375,15.650600330244892,-2.1545065802448917,2.1545065802448917,15.963927193710342
Ensemble_InverseRMSE,45,10,10,2025-01-01,2025-10-13,2025-10-14,2025-11-12,2025-11-01,21.05078125,18.457175901783003,2.5936053482169967,2.5936053482169967,12.3207082787818
Ensemble_InverseRMSE,45,10,10,2025-01-01,2025-10-13,2025-10-14,2025-11-12,2025-11-02,19.015625,17.072239337737333,1.943385662262667,1.943385662262667,10.219941034084691
Ensemble_InverseRMSE,45,10,10,2025-01-01,2025-10-13,2025-10-14,2025-11-12,2025-11-03,12.2890625,12.692316813362716,-0.4032543133627158,0.4032543133627158,3.2814082714830017
Ensemble_InverseRMSE,45,10,10,2025-01-01,2025-10-13,2025-10-14,2025-11-12,2025-11-04,15.23046875,12.409800732446508,2.8206680175534924,2.8206680175534924,18.519902859545883
Ensemble_InverseRMSE,45,10,10,2025-01-01,2025-10-13,2025-10-14,2025-11-12,2025-11-05,10.9765625,12.583950882171013,-1.6073883821710133,1.6073883821710133,14.643822983479692
Ensemble_InverseRMSE,45,10,10,2025-01-01,2025-10-13,2025-10-14,2025-11-12,2025-11-06,12.0625,13.11863096782142,-1.0561309678214208,1.0561309678214208,8.755489888674992
Ensemble_InverseRMSE,45,10,10,2025-01-01,2025-10-13,2025-10-14,2025-11-12,2025-11-07,13.328125,14.971020190255057,-1.6428951902550573,1.6428951902550573,12.326528977294684
Ensemble_InverseRMSE,45,10,10,2025-01-01,2025-10-13,2025-10-14,2025-11-12,2025-11-08,19.1171875,18.32414794543187,0.7930395545681286,0.7930395545681286,4.148306619727031
Ensemble_InverseRMSE,45,10,10,2025-01-01,2025-10-13,2025-10-14,2025-11-12,2025-11-09,17.85546875,17.08529213880906,0.7701766111909407,0.7701766111909407,4.313393403300828
Ensemble_InverseRMSE,45,10,10,2025-01-01,2025-10-13,2025-10-14,2025-11-12,2025-11-10,11.03515625,12.58696004348435,-1.5518037934843498,1.5518037934843498,14.062363579893578
Ensemble_InverseRMSE,45,10,10,2025-01-01,2025-10-13,2025-10-14,2025-11-12,2025-11-11,10.47265625,12.530068481973698,-2.0574122319736983,2.0574122319736983,19.645562528357583
Ensemble_InverseRMSE,45,10,10,2025-01-01,2025-10-13,2025-10-14,2025-11-12,2025-11-12,9.6953125,12.706554882145449,-3.011242382145449,3.011242382145449,31.05874495685878
