model,lookback_days,window_id,split_idx_global,train_start,train_end,test_start,test_end,date,actual,prediction,error,abs_error,ape
XGBoost,45,1,1,2025-01-01,2025-02-14,2025-02-15,2025-03-16,2025-02-15,13.20703125,,,,
XGBoost,45,1,1,2025-01-01,2025-02-14,2025-02-15,2025-03-16,2025-02-16,13.00390625,,,,
XGBoost,45,1,1,2025-01-01,2025-02-14,2025-02-15,2025-03-16,2025-02-17,9.2421875,,,,
XGBoost,45,1,1,2025-01-01,2025-02-14,2025-02-15,2025-03-16,2025-02-18,9.37890625,,,,
XGBoost,45,1,1,2025-01-01,2025-02-14,2025-02-15,2025-03-16,2025-02-19,9.0703125,,,,
XGBoost,45,1,1,2025-01-01,2025-02-14,2025-02-15,2025-03-16,2025-02-20,10.89453125,,,,
XGBoost,45,1,1,2025-01-01,2025-02-14,2025-02-15,2025-03-16,2025-02-21,10.4609375,,,,
XGBoost,45,1,1,2025-01-01,2025-02-14,2025-02-15,2025-03-16,2025-02-22,17.296875,,,,
XGBoost,45,1,1,2025-01-01,2025-02-14,2025-02-15,2025-03-16,2025-02-23,19.20703125,,,,
XGBoost,45,1,1,2025-01-01,2025-02-14,2025-02-15,2025-03-16,2025-02-24,8.99609375,,,,
XGBoost,45,1,1,2025-01-01,2025-02-14,2025-02-15,2025-03-16,2025-02-25,10.953125,,,,
XGBoost,45,1,1,2025-01-01,2025-02-14,2025-02-15,2025-03-16,2025-02-26,9.31640625,,,,
XGBoost,45,1,1,2025-01-01,2025-02-14,2025-02-15,2025-03-16,2025-02-27,11.63671875,,,,
XGBoost,45,1,1,2025-01-01,2025-02-14,2025-02-15,2025-03-16,2025-02-28,14.5390625,,,,
XGBoost,45,1,1,2025-01-01,2025-02-14,2025-02-15,2025-03-16,2025-03-01,15.1796875,,,,
XGBoost,45,1,1,2025-01-01,2025-02-14,2025-02-15,2025-03-16,2025-03-02,12.4921875,,,,
XGBoost,45,1,1,2025-01-01,2025-02-14,2025-02-15,2025-03-16,2025-03-03,8.95703125,,,,
XGBoost,45,1,1,2025-01-01,2025-02-14,2025-02-15,2025-03-16,2025-03-04,11.60546875,,,,
XGBoost,45,1,1,2025-01-01,2025-02-14,2025-02-15,2025-03-16,2025-03-05,8.8046875,,,,
XGBoost,45,1,1,2025-01-01,2025-02-14,2025-02-15,2025-03-16,2025-03-06,7.66015625,,,,
XGBoost,45,1,1,2025-01-01,2025-02-14,2025-02-15,2025-03-16,2025-03-07,12.19140625,,,,
XGBoost,45,1,1,2025-01-01,2025-02-14,2025-02-15,2025-03-16,2025-03-08,17.12109375,,,,
XGBoost,45,1,1,2025-01-01,2025-02-14,2025-02-15,2025-03-16,2025-03-09,14.265625,,,,
XGBoost,45,1,1,2025-01-01,2025-02-14,2025-02-15,2025-03-16,2025-03-10,9.5625,,,,
XGBoost,45,1,1,2025-01-01,2025-02-14,2025-02-15,2025-03-16,2025-03-11,11.87109375,,,,
XGBoost,45,1,1,2025-01-01,2025-02-14,2025-02-15,2025-03-16,2025-03-12,12.1171875,,,,
XGBoost,45,1,1,2025-01-01,2025-02-14,2025-02-15,2025-03-16,2025-03-13,12.9140625,,,,
XGBoost,45,1,1,2025-01-01,2025-02-14,2025-02-15,2025-03-16,2025-03-14,18.45703125,,,,
XGBoost,45,1,1,2025-01-01,2025-02-14,2025-02-15,2025-03-16,2025-03-15,18.71484375,,,,
XGBoost,45,1,1,2025-01-01,2025-02-14,2025-02-15,2025-03-16,2025-03-16,20.37109375,,,,
XGBoost,45,2,2,2025-01-01,2025-03-16,2025-03-17,2025-04-15,2025-03-17,11.1328125,,,,
XGBoost,45,2,2,2025-01-01,2025-03-16,2025-03-17,2025-04-15,2025-03-18,15.32421875,,,,
XGBoost,45,2,2,2025-01-01,2025-03-16,2025-03-17,2025-04-15,2025-03-19,11.4296875,,,,
XGBoost,45,2,2,2025-01-01,2025-03-16,2025-03-17,2025-04-15,2025-03-20,11.41796875,,,,
XGBoost,45,2,2,2025-01-01,2025-03-16,2025-03-17,2025-04-15,2025-03-21,17.328125,,,,
XGBoost,45,2,2,2025-01-01,2025-03-16,2025-03-17,2025-04-15,2025-03-22,19.71875,,,,
XGBoost,45,2,2,2025-01-01,2025-03-16,2025-03-17,2025-04-15,2025-03-23,18.00390625,,,,
XGBoost,45,2,2,2025-01-01,2025-03-16,2025-03-17,2025-04-15,2025-03-24,9.1953125,,,,
XGBoost,45,2,2,2025-01-01,2025-03-16,2025-03-17,2025-04-15,2025-03-25,12.94140625,,,,
XGBoost,45,2,2,2025-01-01,2025-03-16,2025-03-17,2025-04-15,2025-03-26,13.65234375,,,,
XGBoost,45,2,2,2025-01-01,2025-03-16,2025-03-17,2025-04-15,2025-03-27,14.77734375,,,,
XGBoost,45,2,2,2025-01-01,2025-03-16,2025-03-17,2025-04-15,2025-03-28,15.93359375,,,,
XGBoost,45,2,2,2025-01-01,2025-03-16,2025-03-17,2025-04-15,2025-03-29,21.890625,,,,
XGBoost,45,2,2,2025-01-01,2025-03-16,2025-03-17,2025-04-15,2025-03-30,19.109375,,,,
XGBoost,45,2,2,2025-01-01,2025-03-16,2025-03-17,2025-04-15,2025-03-31,11.83203125,,,,
XGBoost,45,2,2,2025-01-01,2025-03-16,2025-03-17,2025-04-15,2025-04-01,11.05859375,,,,
XGBoost,45,2,2,2025-01-01,2025-03-16,2025-03-17,2025-04-15,2025-04-02,12.88671875,,,,
XGBoost,45,2,2,2025-01-01,2025-03-16,2025-03-17,2025-04-15,2025-04-03,15.1796875,,,,
XGBoost,45,2,2,2025-01-01,2025-03-16,2025-03-17,2025-04-15,2025-04-04,15.9609375,,,,
XGBoost,45,2,2,2025-01-01,2025-03-16,2025-03-17,2025-04-15,2025-04-05,22.37890625,,,,
XGBoost,45,2,2,2025-01-01,2025-03-16,2025-03-17,2025-04-15,2025-04-06,18.0703125,,,,
XGBoost,45,2,2,2025-01-01,2025-03-16,2025-03-17,2025-04-15,2025-04-07,10.953125,,,,
XGBoost,45,2,2,2025-01-01,2025-03-16,2025-03-17,2025-04-15,2025-04-08,12.00390625,,,,
XGBoost,45,2,2,2025-01-01,2025-03-16,2025-03-17,2025-04-15,2025-04-09,12.2734375,,,,
XGBoost,45,2,2,2025-01-01,2025-03-16,2025-03-17,2025-04-15,2025-04-10,11.3203125,,,,
XGBoost,45,2,2,2025-01-01,2025-03-16,2025-03-17,2025-04-15,2025-04-11,16.63671875,,,,
XGBoost,45,2,2,2025-01-01,2025-03-16,2025-03-17,2025-04-15,2025-04-12,23.734375,,,,
XGBoost,45,2,2,2025-01-01,2025-03-16,2025-03-17,2025-04-15,2025-04-13,25.21484375,,,,
XGBoost,45,2,2,2025-01-01,2025-03-16,2025-03-17,2025-04-15,2025-04-14,14.3359375,,,,
XGBoost,45,2,2,2025-01-01,2025-03-16,2025-03-17,2025-04-15,2025-04-15,10.921875,,,,
XGBoost,45,3,3,2025-01-01,2025-04-15,2025-04-16,2025-05-15,2025-04-16,13.640625,,,,
XGBoost,45,3,3,2025-01-01,2025-04-15,2025-04-16,2025-05-15,2025-04-17,15.99609375,,,,
XGBoost,45,3,3,2025-01-01,2025-04-15,2025-04-16,2025-05-15,2025-04-18,20.17578125,,,,
XGBoost,45,3,3,2025-01-01,2025-04-15,2025-04-16,2025-05-15,2025-04-19,22.23046875,,,,
XGBoost,45,3,3,2025-01-01,2025-04-15,2025-04-16,2025-05-15,2025-04-20,11.9765625,,,,
XGBoost,45,3,3,2025-01-01,2025-04-15,2025-04-16,2025-05-15,2025-04-21,13.4609375,,,,
XGBoost,45,3,3,2025-01-01,2025-04-15,2025-04-16,2025-05-15,2025-04-22,11.8984375,,,,
XGBoost,45,3,3,2025-01-01,2025-04-15,2025-04-16,2025-05-15,2025-04-23,16.4921875,,,,
XGBoost,45,3,3,2025-01-01,2025-04-15,2025-04-16,2025-05-15,2025-04-24,15.3671875,,,,
XGBoost,45,3,3,2025-01-01,2025-04-15,2025-04-16,2025-05-15,2025-04-25,15.66015625,,,,
XGBoost,45,3,3,2025-01-01,2025-04-15,2025-04-16,2025-05-15,2025-04-26,21.859375,,,,
XGBoost,45,3,3,2025-01-01,2025-04-15,2025-04-16,2025-05-15,2025-04-27,20.3125,,,,
XGBoost,45,3,3,2025-01-01,2025-04-15,2025-04-16,2025-05-15,2025-04-28,14.96875,,,,
XGBoost,45,3,3,2025-01-01,2025-04-15,2025-04-16,2025-05-15,2025-04-29,15.859375,,,,
XGBoost,45,3,3,2025-01-01,2025-04-15,2025-04-16,2025-05-15,2025-04-30,28.22265625,,,,
XGBoost,45,3,3,2025-01-01,2025-04-15,2025-04-16,2025-05-15,2025-05-01,21.9921875,,,,
XGBoost,45,3,3,2025-01-01,2025-04-15,2025-04-16,2025-05-15,2025-05-02,20.91796875,,,,
XGBoost,45,3,3,2025-01-01,2025-04-15,2025-04-16,2025-05-15,2025-05-03,20.4921875,,,,
XGBoost,45,3,3,2025-01-01,2025-04-15,2025-04-16,2025-05-15,2025-05-04,16.3203125,,,,
XGBoost,45,3,3,2025-01-01,2025-04-15,2025-04-16,2025-05-15,2025-05-05,14.921875,,,,
XGBoost,45,3,3,2025-01-01,2025-04-15,2025-04-16,2025-05-15,2025-05-06,10.0546875,,,,
XGBoost,45,3,3,2025-01-01,2025-04-15,2025-04-16,2025-05-15,2025-05-07,10.64453125,,,,
XGBoost,45,3,3,2025-01-01,2025-04-15,2025-04-16,2025-05-15,2025-05-08,16.6484375,,,,
XGBoost,45,3,3,2025-01-01,2025-04-15,2025-04-16,2025-05-15,2025-05-09,14.73828125,,,,
XGBoost,45,3,3,2025-01-01,2025-04-15,2025-04-16,2025-05-15,2025-05-10,22.3515625,,,,
XGBoost,45,3,3,2025-01-01,2025-04-15,2025-04-16,2025-05-15,2025-05-11,21.41015625,,,,
XGBoost,45,3,3,2025-01-01,2025-04-15,2025-04-16,2025-05-15,2025-05-12,13.95703125,,,,
XGBoost,45,3,3,2025-01-01,2025-04-15,2025-04-16,2025-05-15,2025-05-13,11.1953125,,,,
XGBoost,45,3,3,2025-01-01,2025-04-15,2025-04-16,2025-05-15,2025-05-14,11.15234375,,,,
XGBoost,45,3,3,2025-01-01,2025-04-15,2025-04-16,2025-05-15,2025-05-15,14.74609375,,,,
XGBoost,45,4,4,2025-01-01,2025-05-15,2025-05-16,2025-06-14,2025-05-16,18.07421875,,,,
XGBoost,45,4,4,2025-01-01,2025-05-15,2025-05-16,2025-06-14,2025-05-17,18.09375,,,,
XGBoost,45,4,4,2025-01-01,2025-05-15,2025-05-16,2025-06-14,2025-05-18,17.8125,,,,
XGBoost,45,4,4,2025-01-01,2025-05-15,2025-05-16,2025-06-14,2025-05-19,10.21484375,,,,
XGBoost,45,4,4,2025-01-01,2025-05-15,2025-05-16,2025-06-14,2025-05-20,12.2578125,,,,
XGBoost,45,4,4,2025-01-01,2025-05-15,2025-05-16,2025-06-14,2025-05-21,10.76171875,,,,
XGBoost,45,4,4,2025-01-01,2025-05-15,2025-05-16,2025-06-14,2025-05-22,12.37109375,,,,
XGBoost,45,4,4,2025-01-01,2025-05-15,2025-05-16,2025-06-14,2025-05-23,11.80078125,,,,
XGBoost,45,4,4,2025-01-01,2025-05-15,2025-05-16,2025-06-14,2025-05-24,16.109375,,,,
XGBoost,45,4,4,2025-01-01,2025-05-15,2025-05-16,2025-06-14,2025-05-25,15.21484375,,,,
XGBoost,45,4,4,2025-01-01,2025-05-15,2025-05-16,2025-06-14,2025-05-26,14.57421875,,,,
XGBoost,45,4,4,2025-01-01,2025-05-15,2025-05-16,2025-06-14,2025-05-27,10.80859375,,,,
XGBoost,45,4,4,2025-01-01,2025-05-15,2025-05-16,2025-06-14,2025-05-28,7.69921875,,,,
XGBoost,45,4,4,2025-01-01,2025-05-15,2025-05-16,2025-06-14,2025-05-29,12.7890625,,,,
XGBoost,45,4,4,2025-01-01,2025-05-15,2025-05-16,2025-06-14,2025-05-30,13.609375,,,,
XGBoost,45,4,4,2025-01-01,2025-05-15,2025-05-16,2025-06-14,2025-05-31,16.671875,,,,
XGBoost,45,4,4,2025-01-01,2025-05-15,2025-05-16,2025-06-14,2025-06-01,17.265625,,,,
XGBoost,45,4,4,2025-01-01,2025-05-15,2025-05-16,2025-06-14,2025-06-02,11.390625,,,,
XGBoost,45,4,4,2025-01-01,2025-05-15,2025-05-16,2025-06-14,2025-06-03,11.7265625,,,,
XGBoost,45,4,4,2025-01-01,2025-05-15,2025-05-16,2025-06-14,2025-06-04,11.234375,,,,
XGBoost,45,4,4,2025-01-01,2025-05-15,2025-05-16,2025-06-14,2025-06-05,10.44921875,,,,
XGBoost,45,4,4,2025-01-01,2025-05-15,2025-05-16,2025-06-14,2025-06-06,13.23046875,,,,
XGBoost,45,4,4,2025-01-01,2025-05-15,2025-05-16,2025-06-14,2025-06-07,17.609375,,,,
XGBoost,45,4,4,2025-01-01,2025-05-15,2025-05-16,2025-06-14,2025-06-08,15.859375,,,,
XGBoost,45,4,4,2025-01-01,2025-05-15,2025-05-16,2025-06-14,2025-06-09,11.43359375,,,,
XGBoost,45,4,4,2025-01-01,2025-05-15,2025-05-16,2025-06-14,2025-06-10,9.70703125,,,,
XGBoost,45,4,4,2025-01-01,2025-05-15,2025-05-16,2025-06-14,2025-06-11,11.69921875,,,,
XGBoost,45,4,4,2025-01-01,2025-05-15,2025-05-16,2025-06-14,2025-06-12,11.1328125,,,,
XGBoost,45,4,4,2025-01-01,2025-05-15,2025-05-16,2025-06-14,2025-06-13,12.66796875,,,,
XGBoost,45,4,4,2025-01-01,2025-05-15,2025-05-16,2025-06-14,2025-06-14,17.33203125,,,,
XGBoost,45,5,5,2025-01-01,2025-06-14,2025-06-15,2025-07-14,2025-06-15,13.140625,,,,
XGBoost,45,5,5,2025-01-01,2025-06-14,2025-06-15,2025-07-14,2025-06-16,10.5859375,,,,
XGBoost,45,5,5,2025-01-01,2025-06-14,2025-06-15,2025-07-14,2025-06-17,10.41796875,,,,
XGBoost,45,5,5,2025-01-01,2025-06-14,2025-06-15,2025-07-14,2025-06-18,10.4921875,,,,
XGBoost,45,5,5,2025-01-01,2025-06-14,2025-06-15,2025-07-14,2025-06-19,15.37890625,,,,
XGBoost,45,5,5,2025-01-01,2025-06-14,2025-06-15,2025-07-14,2025-06-20,13.1015625,,,,
XGBoost,45,5,5,2025-01-01,2025-06-14,2025-06-15,2025-07-14,2025-06-21,13.66796875,,,,
XGBoost,45,5,5,2025-01-01,2025-06-14,2025-06-15,2025-07-14,2025-06-22,15.90234375,,,,
XGBoost,45,5,5,2025-01-01,2025-06-14,2025-06-15,2025-07-14,2025-06-23,11.78515625,,,,
XGBoost,45,5,5,2025-01-01,2025-06-14,2025-06-15,2025-07-14,2025-06-24,11.30078125,,,,
XGBoost,45,5,5,2025-01-01,2025-06-14,2025-06-15,2025-07-14,2025-06-25,11.765625,,,,
XGBoost,45,5,5,2025-01-01,2025-06-14,2025-06-15,2025-07-14,2025-06-26,10.85546875,,,,
XGBoost,45,5,5,2025-01-01,2025-06-14,2025-06-15,2025-07-14,2025-06-27,13.60546875,,,,
XGBoost,45,5,5,2025-01-01,2025-06-14,2025-06-15,2025-07-14,2025-06-28,15.6328125,,,,
XGBoost,45,5,5,2025-01-01,2025-06-14,2025-06-15,2025-07-14,2025-06-29,17.41796875,,,,
XGBoost,45,5,5,2025-01-01,2025-06-14,2025-06-15,2025-07-14,2025-06-30,14.37890625,,,,
XGBoost,45,5,5,2025-01-01,2025-06-14,2025-06-15,2025-07-14,2025-07-01,11.33984375,,,,
XGBoost,45,5,5,2025-01-01,2025-06-14,2025-06-15,2025-07-14,2025-07-02,9.7421875,,,,
XGBoost,45,5,5,2025-01-01,2025-06-14,2025-06-15,2025-07-14,2025-07-03,13.31640625,,,,
XGBoost,45,5,5,2025-01-01,2025-06-14,2025-06-15,2025-07-14,2025-07-04,13.86328125,,,,
XGBoost,45,5,5,2025-01-01,2025-06-14,2025-06-15,2025-07-14,2025-07-05,14.7578125,,,,
XGBoost,45,5,5,2025-01-01,2025-06-14,2025-06-15,2025-07-14,2025-07-06,9.4765625,,,,
XGBoost,45,5,5,2025-01-01,2025-06-14,2025-06-15,2025-07-14,2025-07-07,8.96484375,,,,
XGBoost,45,5,5,2025-01-01,2025-06-14,2025-06-15,2025-07-14,2025-07-08,9.6875,,,,
XGBoost,45,5,5,2025-01-01,2025-06-14,2025-06-15,2025-07-14,2025-07-09,12.1484375,,,,
XGBoost,45,5,5,2025-01-01,2025-06-14,2025-06-15,2025-07-14,2025-07-10,11.09765625,,,,
XGBoost,45,5,5,2025-01-01,2025-06-14,2025-06-15,2025-07-14,2025-07-11,12.33203125,,,,
XGBoost,45,5,5,2025-01-01,2025-06-14,2025-06-15,2025-07-14,2025-07-12,18.7734375,,,,
XGBoost,45,5,5,2025-01-01,2025-06-14,2025-06-15,2025-07-14,2025-07-13,14.00390625,,,,
XGBoost,45,5,5,2025-01-01,2025-06-14,2025-06-15,2025-07-14,2025-07-14,9.69921875,,,,
XGBoost,45,6,6,2025-01-01,2025-07-14,2025-07-15,2025-08-13,2025-07-15,11.79296875,,,,
XGBoost,45,6,6,2025-01-01,2025-07-14,2025-07-15,2025-08-13,2025-07-16,11.625,,,,
XGBoost,45,6,6,2025-01-01,2025-07-14,2025-07-15,2025-08-13,2025-07-17,11.20703125,,,,
XGBoost,45,6,6,2025-01-01,2025-07-14,2025-07-15,2025-08-13,2025-07-18,12.76953125,,,,
XGBoost,45,6,6,2025-01-01,2025-07-14,2025-07-15,2025-08-13,2025-07-19,16.83984375,,,,
XGBoost,45,6,6,2025-01-01,2025-07-14,2025-07-15,2025-08-13,2025-07-20,15.55859375,,,,
XGBoost,45,6,6,2025-01-01,2025-07-14,2025-07-15,2025-08-13,2025-07-21,10.421875,,,,
XGBoost,45,6,6,2025-01-01,2025-07-14,2025-07-15,2025-08-13,2025-07-22,12.03125,,,,
XGBoost,45,6,6,2025-01-01,2025-07-14,2025-07-15,2025-08-13,2025-07-23,12.75390625,,,,
XGBoost,45,6,6,2025-01-01,2025-07-14,2025-07-15,2025-08-13,2025-07-24,10.875,,,,
XGBoost,45,6,6,2025-01-01,2025-07-14,2025-07-15,2025-08-13,2025-07-25,12.4609375,,,,
XGBoost,45,6,6,2025-01-01,2025-07-14,2025-07-15,2025-08-13,2025-07-26,17.00390625,,,,
XGBoost,45,6,6,2025-01-01,2025-07-14,2025-07-15,2025-08-13,2025-07-27,14.58203125,,,,
XGBoost,45,6,6,2025-01-01,2025-07-14,2025-07-15,2025-08-13,2025-07-28,12.27734375,,,,
XGBoost,45,6,6,2025-01-01,2025-07-14,2025-07-15,2025-08-13,2025-07-29,11.1640625,,,,
XGBoost,45,6,6,2025-01-01,2025-07-14,2025-07-15,2025-08-13,2025-07-30,11.828125,,,,
XGBoost,45,6,6,2025-01-01,2025-07-14,2025-07-15,2025-08-13,2025-07-31,12.734375,,,,
XGBoost,45,6,6,2025-01-01,2025-07-14,2025-07-15,2025-08-13,2025-08-01,14.0546875,,,,
XGBoost,45,6,6,2025-01-01,2025-07-14,2025-07-15,2025-08-13,2025-08-02,18.59375,,,,
XGBoost,45,6,6,2025-01-01,2025-07-14,2025-07-15,2025-08-13,2025-08-03,15.4609375,,,,
XGBoost,45,6,6,2025-01-01,2025-07-14,2025-07-15,2025-08-13,2025-08-04,13.875,,,,
XGBoost,45,6,6,2025-01-01,2025-07-14,2025-07-15,2025-08-13,2025-08-05,12.921875,,,,
XGBoost,45,6,6,2025-01-01,2025-07-14,2025-07-15,2025-08-13,2025-08-06,11.60546875,,,,
XGBoost,45,6,6,2025-01-01,2025-07-14,2025-07-15,2025-08-13,2025-08-07,13.20703125,,,,
XGBoost,45,6,6,2025-01-01,2025-07-14,2025-07-15,2025-08-13,2025-08-08,14.25390625,,,,
XGBoost,45,6,6,2025-01-01,2025-07-14,2025-07-15,2025-08-13,2025-08-09,16.66015625,,,,
XGBoost,45,6,6,2025-01-01,2025-07-14,2025-07-15,2025-08-13,2025-08-10,12.44921875,,,,
XGBoost,45,6,6,2025-01-01,2025-07-14,2025-07-15,2025-08-13,2025-08-11,12.37890625,,,,
XGBoost,45,6,6,2025-01-01,2025-07-14,2025-07-15,2025-08-13,2025-08-12,10.80859375,,,,
XGBoost,45,6,6,2025-01-01,2025-07-14,2025-07-15,2025-08-13,2025-08-13,11.75,,,,
XGBoost,45,7,7,2025-01-01,2025-08-13,2025-08-14,2025-09-12,2025-08-14,11.91796875,,,,
XGBoost,45,7,7,2025-01-01,2025-08-13,2025-08-14,2025-09-12,2025-08-15,14.9765625,,,,
XGBoost,45,7,7,2025-01-01,2025-08-13,2025-08-14,2025-09-12,2025-08-16,15.7109375,,,,
XGBoost,45,7,7,2025-01-01,2025-08-13,2025-08-14,2025-09-12,2025-08-17,17.4296875,,,,
XGBoost,45,7,7,2025-01-01,2025-08-13,2025-08-14,2025-09-12,2025-08-18,13.48046875,,,,
XGBoost,45,7,7,2025-01-01,2025-08-13,2025-08-14,2025-09-12,2025-08-19,13.83984375,,,,
XGBoost,45,7,7,2025-01-01,2025-08-13,2025-08-14,2025-09-12,2025-08-20,13.26953125,,,,
XGBoost,45,7,7,2025-01-01,2025-08-13,2025-08-14,2025-09-12,2025-08-21,13.02734375,,,,
XGBoost,45,7,7,2025-01-01,2025-08-13,2025-08-14,2025-09-12,2025-08-22,16.01953125,,,,
XGBoost,45,7,7,2025-01-01,2025-08-13,2025-08-14,2025-09-12,2025-08-23,26.41015625,,,,
XGBoost,45,7,7,2025-01-01,2025-08-13,2025-08-14,2025-09-12,2025-08-24,25.89453125,,,,
XGBoost,45,7,7,2025-01-01,2025-08-13,2025-08-14,2025-09-12,2025-08-25,15.6796875,,,,
XGBoost,45,7,7,2025-01-01,2025-08-13,2025-08-14,2025-09-12,2025-08-26,12.02734375,,,,
XGBoost,45,7,7,2025-01-01,2025-08-13,2025-08-14,2025-09-12,2025-08-27,11.4609375,,,,
XGBoost,45,7,7,2025-01-01,2025-08-13,2025-08-14,2025-09-12,2025-08-28,13.8359375,,,,
XGBoost,45,7,7,2025-01-01,2025-08-13,2025-08-14,2025-09-12,2025-08-29,16.3984375,,,,
XGBoost,45,7,7,2025-01-01,2025-08-13,2025-08-14,2025-09-12,2025-08-30,20.38671875,,,,
XGBoost,45,7,7,2025-01-01,2025-08-13,2025-08-14,2025-09-12,2025-08-31,19.58203125,,,,
XGBoost,45,7,7,2025-01-01,2025-08-13,2025-08-14,2025-09-12,2025-09-01,23.41015625,,,,
XGBoost,45,7,7,2025-01-01,2025-08-13,2025-08-14,2025-09-12,2025-09-02,11.5625,,,,
XGBoost,45,7,7,2025-01-01,2025-08-13,2025-08-14,2025-09-12,2025-09-03,13.06640625,,,,
XGBoost,45,7,7,2025-01-01,2025-08-13,2025-08-14,2025-09-12,2025-09-04,11.08984375,,,,
XGBoost,45,7,7,2025-01-01,2025-08-13,2025-08-14,2025-09-12,2025-09-05,13.89453125,,,,
XGBoost,45,7,7,2025-01-01,2025-08-13,2025-08-14,2025-09-12,2025-09-06,19.28515625,,,,
XGBoost,45,7,7,2025-01-01,2025-08-13,2025-08-14,2025-09-12,2025-09-07,19.7109375,,,,
XGBoost,45,7,7,2025-01-01,2025-08-13,2025-08-14,2025-09-12,2025-09-08,8.5859375,,,,
XGBoost,45,7,7,2025-01-01,2025-08-13,2025-08-14,2025-09-12,2025-09-09,11.88671875,,,,
XGBoost,45,7,7,2025-01-01,2025-08-13,2025-08-14,2025-09-12,2025-09-10,9.19921875,,,,
XGBoost,45,7,7,2025-01-01,2025-08-13,2025-08-14,2025-09-12,2025-09-11,12.69921875,,,,
XGBoost,45,7,7,2025-01-01,2025-08-13,2025-08-14,2025-09-12,2025-09-12,13.2421875,,,,
XGBoost,45,8,8,2025-01-01,2025-09-12,2025-09-13,2025-10-12,2025-09-13,18.23046875,,,,
XGBoost,45,8,8,2025-01-01,2025-09-12,2025-09-13,2025-10-12,2025-09-14,15.44140625,,,,
XGBoost,45,8,8,2025-01-01,2025-09-12,2025-09-13,2025-10-12,2025-09-15,10.828125,,,,
XGBoost,45,8,8,2025-01-01,2025-09-12,2025-09-13,2025-10-12,2025-09-16,11.87890625,,,,
XGBoost,45,8,8,2025-01-01,2025-09-12,2025-09-13,2025-10-12,2025-09-17,9.30859375,,,,
XGBoost,45,8,8,2025-01-01,2025-09-12,2025-09-13,2025-10-12,2025-09-18,12.50390625,,,,
XGBoost,45,8,8,2025-01-01,2025-09-12,2025-09-13,2025-10-12,2025-09-19,16.0859375,,,,
XGBoost,45,8,8,2025-01-01,2025-09-12,2025-09-13,2025-10-12,2025-09-20,18.859375,,,,
XGBoost,45,8,8,2025-01-01,2025-09-12,2025-09-13,2025-10-12,2025-09-21,18.55859375,,,,
XGBoost,45,8,8,2025-01-01,2025-09-12,2025-09-13,2025-10-12,2025-09-22,10.22265625,,,,
XGBoost,45,8,8,2025-01-01,2025-09-12,2025-09-13,2025-10-12,2025-09-23,9.7109375,,,,
XGBoost,45,8,8,2025-01-01,2025-09-12,2025-09-13,2025-10-12,2025-09-24,9.390625,,,,
XGBoost,45,8,8,2025-01-01,2025-09-12,2025-09-13,2025-10-12,2025-09-25,9.78515625,,,,
XGBoost,45,8,8,2025-01-01,2025-09-12,2025-09-13,2025-10-12,2025-09-26,15.32421875,,,,
XGBoost,45,8,8,2025-01-01,2025-09-12,2025-09-13,2025-10-12,2025-09-27,18.71484375,,,,
XGBoost,45,8,8,2025-01-01,2025-09-12,2025-09-13,2025-10-12,2025-09-28,17.06640625,,,,
XGBoost,45,8,8,2025-01-01,2025-09-12,2025-09-13,2025-10-12,2025-09-29,11.71484375,,,,
XGBoost,45,8,8,2025-01-01,2025-09-12,2025-09-13,2025-10-12,2025-09-30,11.19140625,,,,
XGBoost,45,8,8,2025-01-01,2025-09-12,2025-09-13,2025-10-12,2025-10-01,9.77734375,,,,
XGBoost,45,8,8,2025-01-01,2025-09-12,2025-09-13,2025-10-12,2025-10-02,10.85546875,,,,
XGBoost,45,8,8,2025-01-01,2025-09-12,2025-09-13,2025-10-12,2025-10-03,14.015625,,,,
XGBoost,45,8,8,2025-01-01,2025-09-12,2025-09-13,2025-10-12,2025-10-04,20.60546875,,,,
XGBoost,45,8,8,2025-01-01,2025-09-12,2025-09-13,2025-10-12,2025-10-05,18.5234375,,,,
XGBoost,45,8,8,2025-01-01,2025-09-12,2025-09-13,2025-10-12,2025-10-06,10.6640625,,,,
XGBoost,45,8,8,2025-01-01,2025-09-12,2025-09-13,2025-10-12,2025-10-07,11.9296875,,,,
XGBoost,45,8,8,2025-01-01,2025-09-12,2025-09-13,2025-10-12,2025-10-08,12.04296875,,,,
XGBoost,45,8,8,2025-01-01,2025-09-12,2025-09-13,2025-10-12,2025-10-09,12.76171875,,,,
XGBoost,45,8,8,2025-01-01,2025-09-12,2025-09-13,2025-10-12,2025-10-10,15.87890625,,,,
XGBoost,45,8,8,2025-01-01,2025-09-12,2025-09-13,2025-10-12,2025-10-11,21.76171875,,,,
XGBoost,45,8,8,2025-01-01,2025-09-12,2025-09-13,2025-10-12,2025-10-12,16.6328125,,,,
XGBoost,45,9,9,2025-01-01,2025-10-12,2025-10-13,2025-11-11,2025-10-13,11.2578125,,,,
XGBoost,45,9,9,2025-01-01,2025-10-12,2025-10-13,2025-11-11,2025-10-14,11.03515625,,,,
XGBoost,45,9,9,2025-01-01,2025-10-12,2025-10-13,2025-11-11,2025-10-15,10.23828125,,,,
XGBoost,45,9,9,2025-01-01,2025-10-12,2025-10-13,2025-11-11,2025-10-16,13.40625,,,,
XGBoost,45,9,9,2025-01-01,2025-10-12,2025-10-13,2025-11-11,2025-10-17,17.51171875,,,,
XGBoost,45,9,9,2025-01-01,2025-10-12,2025-10-13,2025-11-11,2025-10-18,18.5390625,,,,
XGBoost,45,9,9,2025-01-01,2025-10-12,2025-10-13,2025-11-11,2025-10-19,15.17578125,,,,
XGBoost,45,9,9,2025-01-01,2025-10-12,2025-10-13,2025-11-11,2025-10-20,10.79296875,,,,
XGBoost,45,9,9,2025-01-01,2025-10-12,2025-10-13,2025-11-11,2025-10-21,13.44921875,,,,
XGBoost,45,9,9,2025-01-01,2025-10-12,2025-10-13,2025-11-11,2025-10-22,11.66796875,,,,
XGBoost,45,9,9,2025-01-01,2025-10-12,2025-10-13,2025-11-11,2025-10-23,12.23828125,,,,
XGBoost,45,9,9,2025-01-01,2025-10-12,2025-10-13,2025-11-11,2025-10-24,14.52734375,,,,
XGBoost,45,9,9,2025-01-01,2025-10-12,2025-10-13,2025-11-11,2025-10-25,19.265625,,,,
XGBoost,45,9,9,2025-01-01,2025-10-12,2025-10-13,2025-11-11,2025-10-26,19.89453125,,,,
XGBoost,45,9,9,2025-01-01,2025-10-12,2025-10-13,2025-11-11,2025-10-27,9.4921875,,,,
XGBoost,45,9,9,2025-01-01,2025-10-12,2025-10-13,2025-11-11,2025-10-28,12.7578125,,,,
XGBoost,45,9,9,2025-01-01,2025-10-12,2025-10-13,2025-11-11,2025-10-29,9.73828125,,,,
XGBoost,45,9,9,2025-01-01,2025-10-12,2025-10-13,2025-11-11,2025-10-30,9.109375,,,,
XGBoost,45,9,9,2025-01-01,2025-10-12,2025-10-13,2025-11-11,2025-10-31,13.49609375,,,,
XGBoost,45,9,9,2025-01-01,2025-10-12,2025-10-13,2025-11-11,2025-11-01,21.05078125,,,,
XGBoost,45,9,9,2025-01-01,2025-10-12,2025-10-13,2025-11-11,2025-11-02,19.015625,,,,
XGBoost,45,9,9,2025-01-01,2025-10-12,2025-10-13,2025-11-11,2025-11-03,12.2890625,,,,
XGBoost,45,9,9,2025-01-01,2025-10-12,2025-10-13,2025-11-11,2025-11-04,15.23046875,,,,
XGBoost,45,9,9,2025-01-01,2025-10-12,2025-10-13,2025-11-11,2025-11-05,10.9765625,,,,
XGBoost,45,9,9,2025-01-01,2025-10-12,2025-10-13,2025-11-11,2025-11-06,12.0625,,,,
XGBoost,45,9,9,2025-01-01,2025-10-12,2025-10-13,2025-11-11,2025-11-07,13.328125,,,,
XGBoost,45,9,9,2025-01-01,2025-10-12,2025-10-13,2025-11-11,2025-11-08,19.1171875,,,,
XGBoost,45,9,9,2025-01-01,2025-10-12,2025-10-13,2025-11-11,2025-11-09,17.85546875,,,,
XGBoost,45,9,9,2025-01-01,2025-10-12,2025-10-13,2025-11-11,2025-11-10,11.03515625,,,,
XGBoost,45,9,9,2025-01-01,2025-10-12,2025-10-13,2025-11-11,2025-11-11,10.47265625,,,,
XGBoost,45,10,10,2025-01-01,2025-10-13,2025-10-14,2025-11-12,2025-10-14,11.03515625,,,,
XGBoost,45,10,10,2025-01-01,2025-10-13,2025-10-14,2025-11-12,2025-10-15,10.23828125,,,,
XGBoost,45,10,10,2025-01-01,2025-10-13,2025-10-14,2025-11-12,2025-10-16,13.40625,,,,
XGBoost,45,10,10,2025-01-01,2025-10-13,2025-10-14,2025-11-12,2025-10-17,17.51171875,,,,
XGBoost,45,10,10,2025-01-01,2025-10-13,2025-10-14,2025-11-12,2025-10-18,18.5390625,,,,
XGBoost,45,10,10,2025-01-01,2025-10-13,2025-10-14,2025-11-12,2025-10-19,15.17578125,,,,
XGBoost,45,10,10,2025-01-01,2025-10-13,2025-10-14,2025-11-12,2025-10-20,10.79296875,,,,
XGBoost,45,10,10,2025-01-01,2025-10-13,2025-10-14,2025-11-12,2025-10-21,13.44921875,,,,
XGBoost,45,10,10,2025-01-01,2025-10-13,2025-10-14,2025-11-12,2025-10-22,11.66796875,,,,
XGBoost,45,10,10,2025-01-01,2025-10-13,2025-10-14,2025-11-12,2025-10-23,12.23828125,,,,
XGBoost,45,10,10,2025-01-01,2025-10-13,2025-10-14,2025-11-12,2025-10-24,14.52734375,,,,
XGBoost,45,10,10,2025-01-01,2025-10-13,2025-10-14,2025-11-12,2025-10-25,19.265625,,,,
XGBoost,45,10,10,2025-01-01,2025-10-13,2025-10-14,2025-11-12,2025-10-26,19.89453125,,,,
XGBoost,45,10,10,2025-01-01,2025-10-13,2025-10-14,2025-11-12,2025-10-27,9.4921875,,,,
XGBoost,45,10,10,2025-01-01,2025-10-13,2025-10-14,2025-11-12,2025-10-28,12.7578125,,,,
XGBoost,45,10,10,2025-01-01,2025-10-13,2025-10-14,2025-11-12,2025-10-29,9.73828125,,,,
XGBoost,45,10,10,2025-01-01,2025-10-13,2025-10-14,2025-11-12,2025-10-30,9.109375,,,,
XGBoost,45,10,10,2025-01-01,2025-10-13,2025-10-14,2025-11-12,2025-10-31,13.49609375,,,,
XGBoost,45,10,10,2025-01-01,2025-10-13,2025-10-14,2025-11-12,2025-11-01,21.05078125,,,,
XGBoost,45,10,10,2025-01-01,2025-10-13,2025-10-14,2025-11-12,2025-11-02,19.015625,,,,
XGBoost,45,10,10,2025-01-01,2025-10-13,2025-10-14,2025-11-12,2025-11-03,12.2890625,,,,
XGBoost,45,10,10,2025-01-01,2025-10-13,2025-10-14,2025-11-12,2025-11-04,15.23046875,,,,
XGBoost,45,10,10,2025-01-01,2025-10-13,2025-10-14,2025-11-12,2025-11-05,10.9765625,,,,
XGBoost,45,10,10,2025-01-01,2025-10-13,2025-10-14,2025-11-12,2025-11-06,12.0625,,,,
XGBoost,45,10,10,2025-01-01,2025-10-13,2025-10-14,2025-11-12,2025-11-07,13.328125,,,,
XGBoost,45,10,10,2025-01-01,2025-10-13,2025-10-14,2025-11-12,2025-11-08,19.1171875,,,,
XGBoost,45,10,10,2025-01-01,2025-10-13,2025-10-14,2025-11-12,2025-11-09,17.85546875,,,,
XGBoost,45,10,10,2025-01-01,2025-10-13,2025-10-14,2025-11-12,2025-11-10,11.03515625,,,,
XGBoost,45,10,10,2025-01-01,2025-10-13,2025-10-14,2025-11-12,2025-11-11,10.47265625,,,,
XGBoost,45,10,10,2025-01-01,2025-10-13,2025-10-14,2025-11-12,2025-11-12,9.6953125,,,,
LinearRegression,45,1,1,2025-01-01,2025-02-14,2025-02-15,2025-03-16,2025-02-15,13.20703125,,,,
LinearRegression,45,1,1,2025-01-01,2025-02-14,2025-02-15,2025-03-16,2025-02-16,13.00390625,,,,
LinearRegression,45,1,1,2025-01-01,2025-02-14,2025-02-15,2025-03-16,2025-02-17,9.2421875,,,,
LinearRegression,45,1,1,2025-01-01,2025-02-14,2025-02-15,2025-03-16,2025-02-18,9.37890625,,,,
LinearRegression,45,1,1,2025-01-01,2025-02-14,2025-02-15,2025-03-16,2025-02-19,9.0703125,,,,
LinearRegression,45,1,1,2025-01-01,2025-02-14,2025-02-15,2025-03-16,2025-02-20,10.89453125,,,,
LinearRegression,45,1,1,2025-01-01,2025-02-14,2025-02-15,2025-03-16,2025-02-21,10.4609375,,,,
LinearRegression,45,1,1,2025-01-01,2025-02-14,2025-02-15,2025-03-16,2025-02-22,17.296875,,,,
LinearRegression,45,1,1,2025-01-01,2025-02-14,2025-02-15,2025-03-16,2025-02-23,19.20703125,,,,
LinearRegression,45,1,1,2025-01-01,2025-02-14,2025-02-15,2025-03-16,2025-02-24,8.99609375,,,,
LinearRegression,45,1,1,2025-01-01,2025-02-14,2025-02-15,2025-03-16,2025-02-25,10.953125,,,,
LinearRegression,45,1,1,2025-01-01,2025-02-14,2025-02-15,2025-03-16,2025-02-26,9.31640625,,,,
LinearRegression,45,1,1,2025-01-01,2025-02-14,2025-02-15,2025-03-16,2025-02-27,11.63671875,,,,
LinearRegression,45,1,1,2025-01-01,2025-02-14,2025-02-15,2025-03-16,2025-02-28,14.5390625,,,,
LinearRegression,45,1,1,2025-01-01,2025-02-14,2025-02-15,2025-03-16,2025-03-01,15.1796875,,,,
LinearRegression,45,1,1,2025-01-01,2025-02-14,2025-02-15,2025-03-16,2025-03-02,12.4921875,,,,
LinearRegression,45,1,1,2025-01-01,2025-02-14,2025-02-15,2025-03-16,2025-03-03,8.95703125,,,,
LinearRegression,45,1,1,2025-01-01,2025-02-14,2025-02-15,2025-03-16,2025-03-04,11.60546875,,,,
LinearRegression,45,1,1,2025-01-01,2025-02-14,2025-02-15,2025-03-16,2025-03-05,8.8046875,,,,
LinearRegression,45,1,1,2025-01-01,2025-02-14,2025-02-15,2025-03-16,2025-03-06,7.66015625,,,,
LinearRegression,45,1,1,2025-01-01,2025-02-14,2025-02-15,2025-03-16,2025-03-07,12.19140625,,,,
LinearRegression,45,1,1,2025-01-01,2025-02-14,2025-02-15,2025-03-16,2025-03-08,17.12109375,,,,
LinearRegression,45,1,1,2025-01-01,2025-02-14,2025-02-15,2025-03-16,2025-03-09,14.265625,,,,
LinearRegression,45,1,1,2025-01-01,2025-02-14,2025-02-15,2025-03-16,2025-03-10,9.5625,,,,
LinearRegression,45,1,1,2025-01-01,2025-02-14,2025-02-15,2025-03-16,2025-03-11,11.87109375,,,,
LinearRegression,45,1,1,2025-01-01,2025-02-14,2025-02-15,2025-03-16,2025-03-12,12.1171875,,,,
LinearRegression,45,1,1,2025-01-01,2025-02-14,2025-02-15,2025-03-16,2025-03-13,12.9140625,,,,
LinearRegression,45,1,1,2025-01-01,2025-02-14,2025-02-15,2025-03-16,2025-03-14,18.45703125,,,,
LinearRegression,45,1,1,2025-01-01,2025-02-14,2025-02-15,2025-03-16,2025-03-15,18.71484375,,,,
LinearRegression,45,1,1,2025-01-01,2025-02-14,2025-02-15,2025-03-16,2025-03-16,20.37109375,,,,
LinearRegression,45,2,2,2025-01-01,2025-03-16,2025-03-17,2025-04-15,2025-03-17,11.1328125,,,,
LinearRegression,45,2,2,2025-01-01,2025-03-16,2025-03-17,2025-04-15,2025-03-18,15.32421875,,,,
LinearRegression,45,2,2,2025-01-01,2025-03-16,2025-03-17,2025-04-15,2025-03-19,11.4296875,,,,
LinearRegression,45,2,2,2025-01-01,2025-03-16,2025-03-17,2025-04-15,2025-03-20,11.41796875,,,,
LinearRegression,45,2,2,2025-01-01,2025-03-16,2025-03-17,2025-04-15,2025-03-21,17.328125,,,,
LinearRegression,45,2,2,2025-01-01,2025-03-16,2025-03-17,2025-04-15,2025-03-22,19.71875,,,,
LinearRegression,45,2,2,2025-01-01,2025-03-16,2025-03-17,2025-04-15,2025-03-23,18.00390625,,,,
LinearRegression,45,2,2,2025-01-01,2025-03-16,2025-03-17,2025-04-15,2025-03-24,9.1953125,,,,
LinearRegression,45,2,2,2025-01-01,2025-03-16,2025-03-17,2025-04-15,2025-03-25,12.94140625,,,,
LinearRegression,45,2,2,2025-01-01,2025-03-16,2025-03-17,2025-04-15,2025-03-26,13.65234375,,,,
LinearRegression,45,2,2,2025-01-01,2025-03-16,2025-03-17,2025-04-15,2025-03-27,14.77734375,,,,
LinearRegression,45,2,2,2025-01-01,2025-03-16,2025-03-17,2025-04-15,2025-03-28,15.93359375,,,,
LinearRegression,45,2,2,2025-01-01,2025-03-16,2025-03-17,2025-04-15,2025-03-29,21.890625,,,,
LinearRegression,45,2,2,2025-01-01,2025-03-16,2025-03-17,2025-04-15,2025-03-30,19.109375,,,,
LinearRegression,45,2,2,2025-01-01,2025-03-16,2025-03-17,2025-04-15,2025-03-31,11.83203125,,,,
LinearRegression,45,2,2,2025-01-01,2025-03-16,2025-03-17,2025-04-15,2025-04-01,11.05859375,,,,
LinearRegression,45,2,2,2025-01-01,2025-03-16,2025-03-17,2025-04-15,2025-04-02,12.88671875,,,,
LinearRegression,45,2,2,2025-01-01,2025-03-16,2025-03-17,2025-04-15,2025-04-03,15.1796875,,,,
LinearRegression,45,2,2,2025-01-01,2025-03-16,2025-03-17,2025-04-15,2025-04-04,15.9609375,,,,
LinearRegression,45,2,2,2025-01-01,2025-03-16,2025-03-17,2025-04-15,2025-04-05,22.37890625,,,,
LinearRegression,45,2,2,2025-01-01,2025-03-16,2025-03-17,2025-04-15,2025-04-06,18.0703125,,,,
LinearRegression,45,2,2,2025-01-01,2025-03-16,2025-03-17,2025-04-15,2025-04-07,10.953125,,,,
LinearRegression,45,2,2,2025-01-01,2025-03-16,2025-03-17,2025-04-15,2025-04-08,12.00390625,,,,
LinearRegression,45,2,2,2025-01-01,2025-03-16,2025-03-17,2025-04-15,2025-04-09,12.2734375,,,,
LinearRegression,45,2,2,2025-01-01,2025-03-16,2025-03-17,2025-04-15,2025-04-10,11.3203125,,,,
LinearRegression,45,2,2,2025-01-01,2025-03-16,2025-03-17,2025-04-15,2025-04-11,16.63671875,,,,
LinearRegression,45,2,2,2025-01-01,2025-03-16,2025-03-17,2025-04-15,2025-04-12,23.734375,,,,
LinearRegression,45,2,2,2025-01-01,2025-03-16,2025-03-17,2025-04-15,2025-04-13,25.21484375,,,,
LinearRegression,45,2,2,2025-01-01,2025-03-16,2025-03-17,2025-04-15,2025-04-14,14.3359375,,,,
LinearRegression,45,2,2,2025-01-01,2025-03-16,2025-03-17,2025-04-15,2025-04-15,10.921875,,,,
LinearRegression,45,3,3,2025-01-01,2025-04-15,2025-04-16,2025-05-15,2025-04-16,13.640625,,,,
LinearRegression,45,3,3,2025-01-01,2025-04-15,2025-04-16,2025-05-15,2025-04-17,15.99609375,,,,
LinearRegression,45,3,3,2025-01-01,2025-04-15,2025-04-16,2025-05-15,2025-04-18,20.17578125,,,,
LinearRegression,45,3,3,2025-01-01,2025-04-15,2025-04-16,2025-05-15,2025-04-19,22.23046875,,,,
LinearRegression,45,3,3,2025-01-01,2025-04-15,2025-04-16,2025-05-15,2025-04-20,11.9765625,,,,
LinearRegression,45,3,3,2025-01-01,2025-04-15,2025-04-16,2025-05-15,2025-04-21,13.4609375,,,,
LinearRegression,45,3,3,2025-01-01,2025-04-15,2025-04-16,2025-05-15,2025-04-22,11.8984375,,,,
LinearRegression,45,3,3,2025-01-01,2025-04-15,2025-04-16,2025-05-15,2025-04-23,16.4921875,,,,
LinearRegression,45,3,3,2025-01-01,2025-04-15,2025-04-16,2025-05-15,2025-04-24,15.3671875,,,,
LinearRegression,45,3,3,2025-01-01,2025-04-15,2025-04-16,2025-05-15,2025-04-25,15.66015625,,,,
LinearRegression,45,3,3,2025-01-01,2025-04-15,2025-04-16,2025-05-15,2025-04-26,21.859375,,,,
LinearRegression,45,3,3,2025-01-01,2025-04-15,2025-04-16,2025-05-15,2025-04-27,20.3125,,,,
LinearRegression,45,3,3,2025-01-01,2025-04-15,2025-04-16,2025-05-15,2025-04-28,14.96875,,,,
LinearRegression,45,3,3,2025-01-01,2025-04-15,2025-04-16,2025-05-15,2025-04-29,15.859375,,,,
LinearRegression,45,3,3,2025-01-01,2025-04-15,2025-04-16,2025-05-15,2025-04-30,28.22265625,,,,
LinearRegression,45,3,3,2025-01-01,2025-04-15,2025-04-16,2025-05-15,2025-05-01,21.9921875,,,,
LinearRegression,45,3,3,2025-01-01,2025-04-15,2025-04-16,2025-05-15,2025-05-02,20.91796875,,,,
LinearRegression,45,3,3,2025-01-01,2025-04-15,2025-04-16,2025-05-15,2025-05-03,20.4921875,,,,
LinearRegression,45,3,3,2025-01-01,2025-04-15,2025-04-16,2025-05-15,2025-05-04,16.3203125,,,,
LinearRegression,45,3,3,2025-01-01,2025-04-15,2025-04-16,2025-05-15,2025-05-05,14.921875,,,,
LinearRegression,45,3,3,2025-01-01,2025-04-15,2025-04-16,2025-05-15,2025-05-06,10.0546875,,,,
LinearRegression,45,3,3,2025-01-01,2025-04-15,2025-04-16,2025-05-15,2025-05-07,10.64453125,,,,
LinearRegression,45,3,3,2025-01-01,2025-04-15,2025-04-16,2025-05-15,2025-05-08,16.6484375,,,,
LinearRegression,45,3,3,2025-01-01,2025-04-15,2025-04-16,2025-05-15,2025-05-09,14.73828125,,,,
LinearRegression,45,3,3,2025-01-01,2025-04-15,2025-04-16,2025-05-15,2025-05-10,22.3515625,,,,
LinearRegression,45,3,3,2025-01-01,2025-04-15,2025-04-16,2025-05-15,2025-05-11,21.41015625,,,,
LinearRegression,45,3,3,2025-01-01,2025-04-15,2025-04-16,2025-05-15,2025-05-12,13.95703125,,,,
LinearRegression,45,3,3,2025-01-01,2025-04-15,2025-04-16,2025-05-15,2025-05-13,11.1953125,,,,
LinearRegression,45,3,3,2025-01-01,2025-04-15,2025-04-16,2025-05-15,2025-05-14,11.15234375,,,,
LinearRegression,45,3,3,2025-01-01,2025-04-15,2025-04-16,2025-05-15,2025-05-15,14.74609375,,,,
LinearRegression,45,4,4,2025-01-01,2025-05-15,2025-05-16,2025-06-14,2025-05-16,18.07421875,,,,
LinearRegression,45,4,4,2025-01-01,2025-05-15,2025-05-16,2025-06-14,2025-05-17,18.09375,,,,
LinearRegression,45,4,4,2025-01-01,2025-05-15,2025-05-16,2025-06-14,2025-05-18,17.8125,,,,
LinearRegression,45,4,4,2025-01-01,2025-05-15,2025-05-16,2025-06-14,2025-05-19,10.21484375,,,,
LinearRegression,45,4,4,2025-01-01,2025-05-15,2025-05-16,2025-06-14,2025-05-20,12.2578125,,,,
LinearRegression,45,4,4,2025-01-01,2025-05-15,2025-05-16,2025-06-14,2025-05-21,10.76171875,,,,
LinearRegression,45,4,4,2025-01-01,2025-05-15,2025-05-16,2025-06-14,2025-05-22,12.37109375,,,,
LinearRegression,45,4,4,2025-01-01,2025-05-15,2025-05-16,2025-06-14,2025-05-23,11.80078125,,,,
LinearRegression,45,4,4,2025-01-01,2025-05-15,2025-05-16,2025-06-14,2025-05-24,16.109375,,,,
LinearRegression,45,4,4,2025-01-01,2025-05-15,2025-05-16,2025-06-14,2025-05-25,15.21484375,,,,
LinearRegression,45,4,4,2025-01-01,2025-05-15,2025-05-16,2025-06-14,2025-05-26,14.57421875,,,,
LinearRegression,45,4,4,2025-01-01,2025-05-15,2025-05-16,2025-06-14,2025-05-27,10.80859375,,,,
LinearRegression,45,4,4,2025-01-01,2025-05-15,2025-05-16,2025-06-14,2025-05-28,7.69921875,,,,
LinearRegression,45,4,4,2025-01-01,2025-05-15,2025-05-16,2025-06-14,2025-05-29,12.7890625,,,,
LinearRegression,45,4,4,2025-01-01,2025-05-15,2025-05-16,2025-06-14,2025-05-30,13.609375,,,,
LinearRegression,45,4,4,2025-01-01,2025-05-15,2025-05-16,2025-06-14,2025-05-31,16.671875,,,,
LinearRegression,45,4,4,2025-01-01,2025-05-15,2025-05-16,2025-06-14,2025-06-01,17.265625,,,,
LinearRegression,45,4,4,2025-01-01,2025-05-15,2025-05-16,2025-06-14,2025-06-02,11.390625,,,,
LinearRegression,45,4,4,2025-01-01,2025-05-15,2025-05-16,2025-06-14,2025-06-03,11.7265625,,,,
LinearRegression,45,4,4,2025-01-01,2025-05-15,2025-05-16,2025-06-14,2025-06-04,11.234375,,,,
LinearRegression,45,4,4,2025-01-01,2025-05-15,2025-05-16,2025-06-14,2025-06-05,10.44921875,,,,
LinearRegression,45,4,4,2025-01-01,2025-05-15,2025-05-16,2025-06-14,2025-06-06,13.23046875,,,,
LinearRegression,45,4,4,2025-01-01,2025-05-15,2025-05-16,2025-06-14,2025-06-07,17.609375,,,,
LinearRegression,45,4,4,2025-01-01,2025-05-15,2025-05-16,2025-06-14,2025-06-08,15.859375,,,,
LinearRegression,45,4,4,2025-01-01,2025-05-15,2025-05-16,2025-06-14,2025-06-09,11.43359375,,,,
LinearRegression,45,4,4,2025-01-01,2025-05-15,2025-05-16,2025-06-14,2025-06-10,9.70703125,,,,
LinearRegression,45,4,4,2025-01-01,2025-05-15,2025-05-16,2025-06-14,2025-06-11,11.69921875,,,,
LinearRegression,45,4,4,2025-01-01,2025-05-15,2025-05-16,2025-06-14,2025-06-12,11.1328125,,,,
LinearRegression,45,4,4,2025-01-01,2025-05-15,2025-05-16,2025-06-14,2025-06-13,12.66796875,,,,
LinearRegression,45,4,4,2025-01-01,2025-05-15,2025-05-16,2025-06-14,2025-06-14,17.33203125,,,,
LinearRegression,45,5,5,2025-01-01,2025-06-14,2025-06-15,2025-07-14,2025-06-15,13.140625,,,,
LinearRegression,45,5,5,2025-01-01,2025-06-14,2025-06-15,2025-07-14,2025-06-16,10.5859375,,,,
LinearRegression,45,5,5,2025-01-01,2025-06-14,2025-06-15,2025-07-14,2025-06-17,10.41796875,,,,
LinearRegression,45,5,5,2025-01-01,2025-06-14,2025-06-15,2025-07-14,2025-06-18,10.4921875,,,,
LinearRegression,45,5,5,2025-01-01,2025-06-14,2025-06-15,2025-07-14,2025-06-19,15.37890625,,,,
LinearRegression,45,5,5,2025-01-01,2025-06-14,2025-06-15,2025-07-14,2025-06-20,13.1015625,,,,
LinearRegression,45,5,5,2025-01-01,2025-06-14,2025-06-15,2025-07-14,2025-06-21,13.66796875,,,,
LinearRegression,45,5,5,2025-01-01,2025-06-14,2025-06-15,2025-07-14,2025-06-22,15.90234375,,,,
LinearRegression,45,5,5,2025-01-01,2025-06-14,2025-06-15,2025-07-14,2025-06-23,11.78515625,,,,
LinearRegression,45,5,5,2025-01-01,2025-06-14,2025-06-15,2025-07-14,2025-06-24,11.30078125,,,,
LinearRegression,45,5,5,2025-01-01,2025-06-14,2025-06-15,2025-07-14,2025-06-25,11.765625,,,,
LinearRegression,45,5,5,2025-01-01,2025-06-14,2025-06-15,2025-07-14,2025-06-26,10.85546875,,,,
LinearRegression,45,5,5,2025-01-01,2025-06-14,2025-06-15,2025-07-14,2025-06-27,13.60546875,,,,
LinearRegression,45,5,5,2025-01-01,2025-06-14,2025-06-15,2025-07-14,2025-06-28,15.6328125,,,,
LinearRegression,45,5,5,2025-01-01,2025-06-14,2025-06-15,2025-07-14,2025-06-29,17.41796875,,,,
LinearRegression,45,5,5,2025-01-01,2025-06-14,2025-06-15,2025-07-14,2025-06-30,14.37890625,,,,
LinearRegression,45,5,5,2025-01-01,2025-06-14,2025-06-15,2025-07-14,2025-07-01,11.33984375,,,,
LinearRegression,45,5,5,2025-01-01,2025-06-14,2025-06-15,2025-07-14,2025-07-02,9.7421875,,,,
LinearRegression,45,5,5,2025-01-01,2025-06-14,2025-06-15,2025-07-14,2025-07-03,13.31640625,,,,
LinearRegression,45,5,5,2025-01-01,2025-06-14,2025-06-15,2025-07-14,2025-07-04,13.86328125,,,,
LinearRegression,45,5,5,2025-01-01,2025-06-14,2025-06-15,2025-07-14,2025-07-05,14.7578125,,,,
LinearRegression,45,5,5,2025-01-01,2025-06-14,2025-06-15,2025-07-14,2025-07-06,9.4765625,,,,
LinearRegression,45,5,5,2025-01-01,2025-06-14,2025-06-15,2025-07-14,2025-07-07,8.96484375,,,,
LinearRegression,45,5,5,2025-01-01,2025-06-14,2025-06-15,2025-07-14,2025-07-08,9.6875,,,,
LinearRegression,45,5,5,2025-01-01,2025-06-14,2025-06-15,2025-07-14,2025-07-09,12.1484375,,,,
LinearRegression,45,5,5,2025-01-01,2025-06-14,2025-06-15,2025-07-14,2025-07-10,11.09765625,,,,
LinearRegression,45,5,5,2025-01-01,2025-06-14,2025-06-15,2025-07-14,2025-07-11,12.33203125,,,,
LinearRegression,45,5,5,2025-01-01,2025-06-14,2025-06-15,2025-07-14,2025-07-12,18.7734375,,,,
LinearRegression,45,5,5,2025-01-01,2025-06-14,2025-06-15,2025-07-14,2025-07-13,14.00390625,,,,
LinearRegression,45,5,5,2025-01-01,2025-06-14,2025-06-15,2025-07-14,2025-07-14,9.69921875,,,,
LinearRegression,45,6,6,2025-01-01,2025-07-14,2025-07-15,2025-08-13,2025-07-15,11.79296875,,,,
LinearRegression,45,6,6,2025-01-01,2025-07-14,2025-07-15,2025-08-13,2025-07-16,11.625,,,,
LinearRegression,45,6,6,2025-01-01,2025-07-14,2025-07-15,2025-08-13,2025-07-17,11.20703125,,,,
LinearRegression,45,6,6,2025-01-01,2025-07-14,2025-07-15,2025-08-13,2025-07-18,12.76953125,,,,
LinearRegression,45,6,6,2025-01-01,2025-07-14,2025-07-15,2025-08-13,2025-07-19,16.83984375,,,,
LinearRegression,45,6,6,2025-01-01,2025-07-14,2025-07-15,2025-08-13,2025-07-20,15.55859375,,,,
LinearRegression,45,6,6,2025-01-01,2025-07-14,2025-07-15,2025-08-13,2025-07-21,10.421875,,,,
LinearRegression,45,6,6,2025-01-01,2025-07-14,2025-07-15,2025-08-13,2025-07-22,12.03125,,,,
LinearRegression,45,6,6,2025-01-01,2025-07-14,2025-07-15,2025-08-13,2025-07-23,12.75390625,,,,
LinearRegression,45,6,6,2025-01-01,2025-07-14,2025-07-15,2025-08-13,2025-07-24,10.875,,,,
LinearRegression,45,6,6,2025-01-01,2025-07-14,2025-07-15,2025-08-13,2025-07-25,12.4609375,,,,
LinearRegression,45,6,6,2025-01-01,2025-07-14,2025-07-15,2025-08-13,2025-07-26,17.00390625,,,,
LinearRegression,45,6,6,2025-01-01,2025-07-14,2025-07-15,2025-08-13,2025-07-27,14.58203125,,,,
LinearRegression,45,6,6,2025-01-01,2025-07-14,2025-07-15,2025-08-13,2025-07-28,12.27734375,,,,
LinearRegression,45,6,6,2025-01-01,2025-07-14,2025-07-15,2025-08-13,2025-07-29,11.1640625,,,,
LinearRegression,45,6,6,2025-01-01,2025-07-14,2025-07-15,2025-08-13,2025-07-30,11.828125,,,,
LinearRegression,45,6,6,2025-01-01,2025-07-14,2025-07-15,2025-08-13,2025-07-31,12.734375,,,,
LinearRegression,45,6,6,2025-01-01,2025-07-14,2025-07-15,2025-08-13,2025-08-01,14.0546875,,,,
LinearRegression,45,6,6,2025-01-01,2025-07-14,2025-07-15,2025-08-13,2025-08-02,18.59375,,,,
LinearRegression,45,6,6,2025-01-01,2025-07-14,2025-07-15,2025-08-13,2025-08-03,15.4609375,,,,
LinearRegression,45,6,6,2025-01-01,2025-07-14,2025-07-15,2025-08-13,2025-08-04,13.875,,,,
LinearRegression,45,6,6,2025-01-01,2025-07-14,2025-07-15,2025-08-13,2025-08-05,12.921875,,,,
LinearRegression,45,6,6,2025-01-01,2025-07-14,2025-07-15,2025-08-13,2025-08-06,11.60546875,,,,
LinearRegression,45,6,6,2025-01-01,2025-07-14,2025-07-15,2025-08-13,2025-08-07,13.20703125,,,,
LinearRegression,45,6,6,2025-01-01,2025-07-14,2025-07-15,2025-08-13,2025-08-08,14.25390625,,,,
LinearRegression,45,6,6,2025-01-01,2025-07-14,2025-07-15,2025-08-13,2025-08-09,16.66015625,,,,
LinearRegression,45,6,6,2025-01-01,2025-07-14,2025-07-15,2025-08-13,2025-08-10,12.44921875,,,,
LinearRegression,45,6,6,2025-01-01,2025-07-14,2025-07-15,2025-08-13,2025-08-11,12.37890625,,,,
LinearRegression,45,6,6,2025-01-01,2025-07-14,2025-07-15,2025-08-13,2025-08-12,10.80859375,,,,
LinearRegression,45,6,6,2025-01-01,2025-07-14,2025-07-15,2025-08-13,2025-08-13,11.75,,,,
LinearRegression,45,7,7,2025-01-01,2025-08-13,2025-08-14,2025-09-12,2025-08-14,11.91796875,,,,
LinearRegression,45,7,7,2025-01-01,2025-08-13,2025-08-14,2025-09-12,2025-08-15,14.9765625,,,,
LinearRegression,45,7,7,2025-01-01,2025-08-13,2025-08-14,2025-09-12,2025-08-16,15.7109375,,,,
LinearRegression,45,7,7,2025-01-01,2025-08-13,2025-08-14,2025-09-12,2025-08-17,17.4296875,,,,
LinearRegression,45,7,7,2025-01-01,2025-08-13,2025-08-14,2025-09-12,2025-08-18,13.48046875,,,,
LinearRegression,45,7,7,2025-01-01,2025-08-13,2025-08-14,2025-09-12,2025-08-19,13.83984375,,,,
LinearRegression,45,7,7,2025-01-01,2025-08-13,2025-08-14,2025-09-12,2025-08-20,13.26953125,,,,
LinearRegression,45,7,7,2025-01-01,2025-08-13,2025-08-14,2025-09-12,2025-08-21,13.02734375,,,,
LinearRegression,45,7,7,2025-01-01,2025-08-13,2025-08-14,2025-09-12,2025-08-22,16.01953125,,,,
LinearRegression,45,7,7,2025-01-01,2025-08-13,2025-08-14,2025-09-12,2025-08-23,26.41015625,,,,
LinearRegression,45,7,7,2025-01-01,2025-08-13,2025-08-14,2025-09-12,2025-08-24,25.89453125,,,,
LinearRegression,45,7,7,2025-01-01,2025-08-13,2025-08-14,2025-09-12,2025-08-25,15.6796875,,,,
LinearRegression,45,7,7,2025-01-01,2025-08-13,2025-08-14,2025-09-12,2025-08-26,12.02734375,,,,
LinearRegression,45,7,7,2025-01-01,2025-08-13,2025-08-14,2025-09-12,2025-08-27,11.4609375,,,,
LinearRegression,45,7,7,2025-01-01,2025-08-13,2025-08-14,2025-09-12,2025-08-28,13.8359375,,,,
LinearRegression,45,7,7,2025-01-01,2025-08-13,2025-08-14,2025-09-12,2025-08-29,16.3984375,,,,
LinearRegression,45,7,7,2025-01-01,2025-08-13,2025-08-14,2025-09-12,2025-08-30,20.38671875,,,,
LinearRegression,45,7,7,2025-01-01,2025-08-13,2025-08-14,2025-09-12,2025-08-31,19.58203125,,,,
LinearRegression,45,7,7,2025-01-01,2025-08-13,2025-08-14,2025-09-12,2025-09-01,23.41015625,,,,
LinearRegression,45,7,7,2025-01-01,2025-08-13,2025-08-14,2025-09-12,2025-09-02,11.5625,,,,
LinearRegression,45,7,7,2025-01-01,2025-08-13,2025-08-14,2025-09-12,2025-09-03,13.06640625,,,,
LinearRegression,45,7,7,2025-01-01,2025-08-13,2025-08-14,2025-09-12,2025-09-04,11.08984375,,,,
LinearRegression,45,7,7,2025-01-01,2025-08-13,2025-08-14,2025-09-12,2025-09-05,13.89453125,,,,
LinearRegression,45,7,7,2025-01-01,2025-08-13,2025-08-14,2025-09-12,2025-09-06,19.28515625,,,,
LinearRegression,45,7,7,2025-01-01,2025-08-13,2025-08-14,2025-09-12,2025-09-07,19.7109375,,,,
LinearRegression,45,7,7,2025-01-01,2025-08-13,2025-08-14,2025-09-12,2025-09-08,8.5859375,,,,
LinearRegression,45,7,7,2025-01-01,2025-08-13,2025-08-14,2025-09-12,2025-09-09,11.88671875,,,,
LinearRegression,45,7,7,2025-01-01,2025-08-13,2025-08-14,2025-09-12,2025-09-10,9.19921875,,,,
LinearRegression,45,7,7,2025-01-01,2025-08-13,2025-08-14,2025-09-12,2025-09-11,12.69921875,,,,
LinearRegression,45,7,7,2025-01-01,2025-08-13,2025-08-14,2025-09-12,2025-09-12,13.2421875,,,,
LinearRegression,45,8,8,2025-01-01,2025-09-12,2025-09-13,2025-10-12,2025-09-13,18.23046875,,,,
LinearRegression,45,8,8,2025-01-01,2025-09-12,2025-09-13,2025-10-12,2025-09-14,15.44140625,,,,
LinearRegression,45,8,8,2025-01-01,2025-09-12,2025-09-13,2025-10-12,2025-09-15,10.828125,,,,
LinearRegression,45,8,8,2025-01-01,2025-09-12,2025-09-13,2025-10-12,2025-09-16,11.87890625,,,,
LinearRegression,45,8,8,2025-01-01,2025-09-12,2025-09-13,2025-10-12,2025-09-17,9.30859375,,,,
LinearRegression,45,8,8,2025-01-01,2025-09-12,2025-09-13,2025-10-12,2025-09-18,12.50390625,,,,
LinearRegression,45,8,8,2025-01-01,2025-09-12,2025-09-13,2025-10-12,2025-09-19,16.0859375,,,,
LinearRegression,45,8,8,2025-01-01,2025-09-12,2025-09-13,2025-10-12,2025-09-20,18.859375,,,,
LinearRegression,45,8,8,2025-01-01,2025-09-12,2025-09-13,2025-10-12,2025-09-21,18.55859375,,,,
LinearRegression,45,8,8,2025-01-01,2025-09-12,2025-09-13,2025-10-12,2025-09-22,10.22265625,,,,
LinearRegression,45,8,8,2025-01-01,2025-09-12,2025-09-13,2025-10-12,2025-09-23,9.7109375,,,,
LinearRegression,45,8,8,2025-01-01,2025-09-12,2025-09-13,2025-10-12,2025-09-24,9.390625,,,,
LinearRegression,45,8,8,2025-01-01,2025-09-12,2025-09-13,2025-10-12,2025-09-25,9.78515625,,,,
LinearRegression,45,8,8,2025-01-01,2025-09-12,2025-09-13,2025-10-12,2025-09-26,15.32421875,,,,
LinearRegression,45,8,8,2025-01-01,2025-09-12,2025-09-13,2025-10-12,2025-09-27,18.71484375,,,,
LinearRegression,45,8,8,2025-01-01,2025-09-12,2025-09-13,2025-10-12,2025-09-28,17.06640625,,,,
LinearRegression,45,8,8,2025-01-01,2025-09-12,2025-09-13,2025-10-12,2025-09-29,11.71484375,,,,
LinearRegression,45,8,8,2025-01-01,2025-09-12,2025-09-13,2025-10-12,2025-09-30,11.19140625,,,,
LinearRegression,45,8,8,2025-01-01,2025-09-12,2025-09-13,2025-10-12,2025-10-01,9.77734375,,,,
LinearRegression,45,8,8,2025-01-01,2025-09-12,2025-09-13,2025-10-12,2025-10-02,10.85546875,,,,
LinearRegression,45,8,8,2025-01-01,2025-09-12,2025-09-13,2025-10-12,2025-10-03,14.015625,,,,
LinearRegression,45,8,8,2025-01-01,2025-09-12,2025-09-13,2025-10-12,2025-10-04,20.60546875,,,,
LinearRegression,45,8,8,2025-01-01,2025-09-12,2025-09-13,2025-10-12,2025-10-05,18.5234375,,,,
LinearRegression,45,8,8,2025-01-01,2025-09-12,2025-09-13,2025-10-12,2025-10-06,10.6640625,,,,
LinearRegression,45,8,8,2025-01-01,2025-09-12,2025-09-13,2025-10-12,2025-10-07,11.9296875,,,,
LinearRegression,45,8,8,2025-01-01,2025-09-12,2025-09-13,2025-10-12,2025-10-08,12.04296875,,,,
LinearRegression,45,8,8,2025-01-01,2025-09-12,2025-09-13,2025-10-12,2025-10-09,12.76171875,,,,
LinearRegression,45,8,8,2025-01-01,2025-09-12,2025-09-13,2025-10-12,2025-10-10,15.87890625,,,,
LinearRegression,45,8,8,2025-01-01,2025-09-12,2025-09-13,2025-10-12,2025-10-11,21.76171875,,,,
LinearRegression,45,8,8,2025-01-01,2025-09-12,2025-09-13,2025-10-12,2025-10-12,16.6328125,,,,
LinearRegression,45,9,9,2025-01-01,2025-10-12,2025-10-13,2025-11-11,2025-10-13,11.2578125,,,,
LinearRegression,45,9,9,2025-01-01,2025-10-12,2025-10-13,2025-11-11,2025-10-14,11.03515625,,,,
LinearRegression,45,9,9,2025-01-01,2025-10-12,2025-10-13,2025-11-11,2025-10-15,10.23828125,,,,
LinearRegression,45,9,9,2025-01-01,2025-10-12,2025-10-13,2025-11-11,2025-10-16,13.40625,,,,
LinearRegression,45,9,9,2025-01-01,2025-10-12,2025-10-13,2025-11-11,2025-10-17,17.51171875,,,,
LinearRegression,45,9,9,2025-01-01,2025-10-12,2025-10-13,2025-11-11,2025-10-18,18.5390625,,,,
LinearRegression,45,9,9,2025-01-01,2025-10-12,2025-10-13,2025-11-11,2025-10-19,15.17578125,,,,
LinearRegression,45,9,9,2025-01-01,2025-10-12,2025-10-13,2025-11-11,2025-10-20,10.79296875,,,,
LinearRegression,45,9,9,2025-01-01,2025-10-12,2025-10-13,2025-11-11,2025-10-21,13.44921875,,,,
LinearRegression,45,9,9,2025-01-01,2025-10-12,2025-10-13,2025-11-11,2025-10-22,11.66796875,,,,
LinearRegression,45,9,9,2025-01-01,2025-10-12,2025-10-13,2025-11-11,2025-10-23,12.23828125,,,,
LinearRegression,45,9,9,2025-01-01,2025-10-12,2025-10-13,2025-11-11,2025-10-24,14.52734375,,,,
LinearRegression,45,9,9,2025-01-01,2025-10-12,2025-10-13,2025-11-11,2025-10-25,19.265625,,,,
LinearRegression,45,9,9,2025-01-01,2025-10-12,2025-10-13,2025-11-11,2025-10-26,19.89453125,,,,
LinearRegression,45,9,9,2025-01-01,2025-10-12,2025-10-13,2025-11-11,2025-10-27,9.4921875,,,,
LinearRegression,45,9,9,2025-01-01,2025-10-12,2025-10-13,2025-11-11,2025-10-28,12.7578125,,,,
LinearRegression,45,9,9,2025-01-01,2025-10-12,2025-10-13,2025-11-11,2025-10-29,9.73828125,,,,
LinearRegression,45,9,9,2025-01-01,2025-10-12,2025-10-13,2025-11-11,2025-10-30,9.109375,,,,
LinearRegression,45,9,9,2025-01-01,2025-10-12,2025-10-13,2025-11-11,2025-10-31,13.49609375,,,,
LinearRegression,45,9,9,2025-01-01,2025-10-12,2025-10-13,2025-11-11,2025-11-01,21.05078125,,,,
LinearRegression,45,9,9,2025-01-01,2025-10-12,2025-10-13,2025-11-11,2025-11-02,19.015625,,,,
LinearRegression,45,9,9,2025-01-01,2025-10-12,2025-10-13,2025-11-11,2025-11-03,12.2890625,,,,
LinearRegression,45,9,9,2025-01-01,2025-10-12,2025-10-13,2025-11-11,2025-11-04,15.23046875,,,,
LinearRegression,45,9,9,2025-01-01,2025-10-12,2025-10-13,2025-11-11,2025-11-05,10.9765625,,,,
LinearRegression,45,9,9,2025-01-01,2025-10-12,2025-10-13,2025-11-11,2025-11-06,12.0625,,,,
LinearRegression,45,9,9,2025-01-01,2025-10-12,2025-10-13,2025-11-11,2025-11-07,13.328125,,,,
LinearRegression,45,9,9,2025-01-01,2025-10-12,2025-10-13,2025-11-11,2025-11-08,19.1171875,,,,
LinearRegression,45,9,9,2025-01-01,2025-10-12,2025-10-13,2025-11-11,2025-11-09,17.85546875,,,,
LinearRegression,45,9,9,2025-01-01,2025-10-12,2025-10-13,2025-11-11,2025-11-10,11.03515625,,,,
LinearRegression,45,9,9,2025-01-01,2025-10-12,2025-10-13,2025-11-11,2025-11-11,10.47265625,,,,
LinearRegression,45,10,10,2025-01-01,2025-10-13,2025-10-14,2025-11-12,2025-10-14,11.03515625,,,,
LinearRegression,45,10,10,2025-01-01,2025-10-13,2025-10-14,2025-11-12,2025-10-15,10.23828125,,,,
LinearRegression,45,10,10,2025-01-01,2025-10-13,2025-10-14,2025-11-12,2025-10-16,13.40625,,,,
LinearRegression,45,10,10,2025-01-01,2025-10-13,2025-10-14,2025-11-12,2025-10-17,17.51171875,,,,
LinearRegression,45,10,10,2025-01-01,2025-10-13,2025-10-14,2025-11-12,2025-10-18,18.5390625,,,,
LinearRegression,45,10,10,2025-01-01,2025-10-13,2025-10-14,2025-11-12,2025-10-19,15.17578125,,,,
LinearRegression,45,10,10,2025-01-01,2025-10-13,2025-10-14,2025-11-12,2025-10-20,10.79296875,,,,
LinearRegression,45,10,10,2025-01-01,2025-10-13,2025-10-14,2025-11-12,2025-10-21,13.44921875,,,,
LinearRegression,45,10,10,2025-01-01,2025-10-13,2025-10-14,2025-11-12,2025-10-22,11.66796875,,,,
LinearRegression,45,10,10,2025-01-01,2025-10-13,2025-10-14,2025-11-12,2025-10-23,12.23828125,,,,
LinearRegression,45,10,10,2025-01-01,2025-10-13,2025-10-14,2025-11-12,2025-10-24,14.52734375,,,,
LinearRegression,45,10,10,2025-01-01,2025-10-13,2025-10-14,2025-11-12,2025-10-25,19.265625,,,,
LinearRegression,45,10,10,2025-01-01,2025-10-13,2025-10-14,2025-11-12,2025-10-26,19.89453125,,,,
LinearRegression,45,10,10,2025-01-01,2025-10-13,2025-10-14,2025-11-12,2025-10-27,9.4921875,,,,
LinearRegression,45,10,10,2025-01-01,2025-10-13,2025-10-14,2025-11-12,2025-10-28,12.7578125,,,,
LinearRegression,45,10,10,2025-01-01,2025-10-13,2025-10-14,2025-11-12,2025-10-29,9.73828125,,,,
LinearRegression,45,10,10,2025-01-01,2025-10-13,2025-10-14,2025-11-12,2025-10-30,9.109375,,,,
LinearRegression,45,10,10,2025-01-01,2025-10-13,2025-10-14,2025-11-12,2025-10-31,13.49609375,,,,
LinearRegression,45,10,10,2025-01-01,2025-10-13,2025-10-14,2025-11-12,2025-11-01,21.05078125,,,,
LinearRegression,45,10,10,2025-01-01,2025-10-13,2025-10-14,2025-11-12,2025-11-02,19.015625,,,,
LinearRegression,45,10,10,2025-01-01,2025-10-13,2025-10-14,2025-11-12,2025-11-03,12.2890625,,,,
LinearRegression,45,10,10,2025-01-01,2025-10-13,2025-10-14,2025-11-12,2025-11-04,15.23046875,,,,
LinearRegression,45,10,10,2025-01-01,2025-10-13,2025-10-14,2025-11-12,2025-11-05,10.9765625,,,,
LinearRegression,45,10,10,2025-01-01,2025-10-13,2025-10-14,2025-11-12,2025-11-06,12.0625,,,,
LinearRegression,45,10,10,2025-01-01,2025-10-13,2025-10-14,2025-11-12,2025-11-07,13.328125,,,,
LinearRegression,45,10,10,2025-01-01,2025-10-13,2025-10-14,2025-11-12,2025-11-08,19.1171875,,,,
LinearRegression,45,10,10,2025-01-01,2025-10-13,2025-10-14,2025-11-12,2025-11-09,17.85546875,,,,
LinearRegression,45,10,10,2025-01-01,2025-10-13,2025-10-14,2025-11-12,2025-11-10,11.03515625,,,,
LinearRegression,45,10,10,2025-01-01,2025-10-13,2025-10-14,2025-11-12,2025-11-11,10.47265625,,,,
LinearRegression,45,10,10,2025-01-01,2025-10-13,2025-10-14,2025-11-12,2025-11-12,9.6953125,,,,
ARIMA,45,1,1,2025-01-01,2025-02-14,2025-02-15,2025-03-16,2025-02-15,13.20703125,14.309667373177728,-1.102636123177728,1.102636123177728,8.348856774134823
ARIMA,45,1,1,2025-01-01,2025-02-14,2025-02-15,2025-03-16,2025-02-16,13.00390625,12.749453591143764,0.2544526588562359,0.2544526588562359,1.9567401822528203
ARIMA,45,1,1,2025-01-01,2025-02-14,2025-02-15,2025-03-16,2025-02-17,9.2421875,11.062459938597959,-1.820272438597959,1.820272438597959,19.695255464119928
ARIMA,45,1,1,2025-01-01,2025-02-14,2025-02-15,2025-03-16,2025-02-18,9.37890625,10.338562092738055,-0.959655842738055,0.959655842738055,10.232065628527367
ARIMA,45,1,1,2025-01-01,2025-02-14,2025-02-15,2025-03-16,2025-02-19,9.0703125,10.768937931344947,-1.6986254313449471,1.6986254313449471,18.727308803803037
ARIMA,45,1,1,2025-01-01,2025-02-14,2025-02-15,2025-03-16,2025-02-20,10.89453125,11.770672925777111,-0.8761416757771112,0.8761416757771112,8.042031875186105
ARIMA,45,1,1,2025-01-01,2025-02-14,2025-02-15,2025-03-16,2025-02-21,10.4609375,12.561796656262805,-2.100859156262805,2.100859156262805,20.08289559384907
ARIMA,45,1,1,2025-01-01,2025-02-14,2025-02-15,2025-03-16,2025-02-22,17.296875,12.704593909168452,4.592281090831548,4.592281090831548,26.549773244193233
ARIMA,45,1,1,2025-01-01,2025-02-14,2025-02-15,2025-03-16,2025-02-23,19.20703125,12.285902607919665,6.921128642080335,6.921128642080335,36.03434883816485
ARIMA,45,1,1,2025-01-01,2025-02-14,2025-02-15,2025-03-16,2025-02-24,8.99609375,11.720244487417778,-2.7241507374177782,2.7241507374177782,30.281484532303573
ARIMA,45,1,1,2025-01-01,2025-02-14,2025-02-15,2025-03-16,2025-02-25,10.953125,11.401445738879833,-0.4483207388798327,0.4483207388798327,4.0930852051796425
ARIMA,45,1,1,2025-01-01,2025-02-14,2025-02-15,2025-03-16,2025-02-26,9.31640625,11.461873448029822,-2.145467198029822,2.145467198029822,23.028914159146098
ARIMA,45,1,1,2025-01-01,2025-02-14,2025-02-15,2025-03-16,2025-02-27,11.63671875,11.760672051035293,-0.1239533010352929,0.1239533010352929,1.0651911737171864
ARIMA,45,1,1,2025-01-01,2025-02-14,2025-02-15,2025-03-16,2025-02-28,14.5390625,12.046131203515458,2.4929312964845423,2.4929312964845423,17.146437718969448
ARIMA,45,1,1,2025-01-01,2025-02-14,2025-02-15,2025-03-16,2025-03-01,15.1796875,12.14328549059607,3.036402009403931,3.036402009403931,20.003060072244114
ARIMA,45,1,1,2025-01-01,2025-02-14,2025-02-15,2025-03-16,2025-03-02,12.4921875,12.042522522232517,0.44966497776748326,0.44966497776748326,3.5995695531105607
ARIMA,45,1,1,2025-01-01,2025-02-14,2025-02-15,2025-03-16,2025-03-03,8.95703125,11.860663864772894,-2.903632614772894,2.903632614772894,32.41735496650069
ARIMA,45,1,1,2025-01-01,2025-02-14,2025-02-15,2025-03-16,2025-03-04,11.60546875,11.733521599816115,-0.12805284981611464,0.12805284981611464,1.1033836941408734
ARIMA,45,1,1,2025-01-01,2025-02-14,2025-02-15,2025-03-16,2025-03-05,8.8046875,11.725770491020084,-2.921082991020084,2.921082991020084,33.17645278177203
ARIMA,45,1,1,2025-01-01,2025-02-14,2025-02-15,2025-03-16,2025-03-06,7.66015625,11.809816625058662,-4.149660375058662,4.149660375058662,54.17200693600294
ARIMA,45,1,1,2025-01-01,2025-02-14,2025-02-15,2025-03-16,2025-03-07,12.19140625,11.90813381204572,0.28327243795427925,0.28327243795427925,2.3235419454115824
ARIMA,45,1,1,2025-01-01,2025-02-14,2025-02-15,2025-03-16,2025-03-08,17.12109375,11.955334406690959,5.165759343309041,5.165759343309041,30.17190033965582
ARIMA,45,1,1,2025-01-01,2025-02-14,2025-02-15,2025-03-16,2025-03-09,14.265625,11.935778913516874,2.3298460864831263,2.3298460864831263,16.331889324744804
ARIMA,45,1,1,2025-01-01,2025-02-14,2025-02-15,2025-03-16,2025-03-10,9.5625,11.879841942001997,-2.317341942001997,2.317341942001997,24.233641223550297
ARIMA,45,1,1,2025-01-01,2025-02-14,2025-02-15,2025-03-16,2025-03-11,11.87109375,11.83240529154286,0.03868845845713942,0.03868845845713942,0.3259047504122307
ARIMA,45,1,1,2025-01-01,2025-02-14,2025-02-15,2025-03-16,2025-03-12,12.1171875,11.82083663004767,0.2963508699523292,0.2963508699523292,2.445706728168803
ARIMA,45,1,1,2025-01-01,2025-02-14,2025-02-15,2025-03-16,2025-03-13,12.9140625,11.842626875746213,1.0714356242537875,1.0714356242537875,8.296658191438887
ARIMA,45,1,1,2025-01-01,2025-02-14,2025-02-15,2025-03-16,2025-03-14,18.45703125,11.875078609482397,6.581952640517603,6.581952640517603,35.660949756031876
ARIMA,45,1,1,2025-01-01,2025-02-14,2025-02-15,2025-03-16,2025-03-15,18.71484375,11.894992090371513,6.819851659628487,6.819851659628487,36.44086881371097
ARIMA,45,1,1,2025-01-01,2025-02-14,2025-02-15,2025-03-16,2025-03-16,20.37109375,11.893316083991227,8.477777666008773,8.477777666008773,41.6167034036097
ARIMA,45,2,2,2025-01-01,2025-03-16,2025-03-17,2025-04-15,2025-03-17,11.1328125,13.226740547373101,-2.093928047373101,2.093928047373101,18.808616846579433
ARIMA,45,2,2,2025-01-01,2025-03-16,2025-03-17,2025-04-15,2025-03-18,15.32421875,8.582519451353368,6.7416992986466315,6.7416992986466315,43.99375530088039
ARIMA,45,2,2,2025-01-01,2025-03-16,2025-03-17,2025-04-15,2025-03-19,11.4296875,8.003889840731901,3.425797659268099,3.425797659268099,29.972802487102985
ARIMA,45,2,2,2025-01-01,2025-03-16,2025-03-17,2025-04-15,2025-03-20,11.41796875,10.110437587771205,1.3075311622287948,1.3075311622287948,11.45152163977323
ARIMA,45,2,2,2025-01-01,2025-03-16,2025-03-17,2025-04-15,2025-03-21,17.328125,12.589316392035332,4.738808607964668,4.738808607964668,27.347497827749205
ARIMA,45,2,2,2025-01-01,2025-03-16,2025-03-17,2025-04-15,2025-03-22,19.71875,13.888676235734994,5.830073764265006,5.830073764265006,29.566142703087188
ARIMA,45,2,2,2025-01-01,2025-03-16,2025-03-17,2025-04-15,2025-03-23,18.00390625,13.771984913620441,4.231921336379559,4.231921336379559,23.50557305517828
ARIMA,45,2,2,2025-01-01,2025-03-16,2025-03-17,2025-04-15,2025-03-24,9.1953125,12.899203813387427,-3.7038913133874267,3.7038913133874267,40.28021139452767
ARIMA,45,2,2,2025-01-01,2025-03-16,2025-03-17,2025-04-15,2025-03-25,12.94140625,12.079007473481877,0.8623987765181234,0.8623987765181234,6.663872224226972
ARIMA,45,2,2,2025-01-01,2025-03-16,2025-03-17,2025-04-15,2025-03-26,13.65234375,11.751094420040985,1.9012493299590147,1.9012493299590147,13.926175349628261
ARIMA,45,2,2,2025-01-01,2025-03-16,2025-03-17,2025-04-15,2025-03-27,14.77734375,11.893484808842926,2.883858941157074,2.883858941157074,19.51540811356624
ARIMA,45,2,2,2025-01-01,2025-03-16,2025-03-17,2025-04-15,2025-03-28,15.93359375,12.228644453284442,3.704949296715558,3.704949296715558,23.252439812679157
ARIMA,45,2,2,2025-01-01,2025-03-16,2025-03-17,2025-04-15,2025-03-29,21.890625,12.486981966665555,9.403643033334445,9.403643033334445,42.95739858197034
ARIMA,45,2,2,2025-01-01,2025-03-16,2025-03-17,2025-04-15,2025-03-30,19.109375,12.555294057699664,6.554080942300336,6.554080942300336,34.297725290860306
ARIMA,45,2,2,2025-01-01,2025-03-16,2025-03-17,2025-04-15,2025-03-31,11.83203125,12.474868065102115,-0.6428368151021147,0.6428368151021147,5.433021613276373
ARIMA,45,2,2,2025-01-01,2025-03-16,2025-03-17,2025-04-15,2025-04-01,11.05859375,12.353403339660241,-1.2948095896602414,1.2948095896602414,11.708627868351176
ARIMA,45,2,2,2025-01-01,2025-03-16,2025-03-17,2025-04-15,2025-04-02,12.88671875,12.276506363690519,0.610212386309481,0.610212386309481,4.735203725226649
ARIMA,45,2,2,2025-01-01,2025-03-16,2025-03-17,2025-04-15,2025-04-03,15.1796875,12.268766298147185,2.9109212018528154,2.9109212018528154,19.17642376928257
ARIMA,45,2,2,2025-01-01,2025-03-16,2025-03-17,2025-04-15,2025-04-04,15.9609375,12.30551814119864,3.6554193588013604,3.6554193588013604,22.90228477369428
ARIMA,45,2,2,2025-01-01,2025-03-16,2025-03-17,2025-04-15,2025-04-05,22.37890625,12.34739916681448,10.03150708318552,10.03150708318552,44.82572548953558
ARIMA,45,2,2,2025-01-01,2025-03-16,2025-03-17,2025-04-15,2025-04-06,18.0703125,12.368678037928738,5.701634462071262,5.701634462071262,31.552495077610093
ARIMA,45,2,2,2025-01-01,2025-03-16,2025-03-17,2025-04-15,2025-04-07,10.953125,12.366020825847995,-1.4128958258479951,1.4128958258479951,12.899476869368288
ARIMA,45,2,2,2025-01-01,2025-03-16,2025-03-17,2025-04-15,2025-04-08,12.00390625,12.350968624208818,-0.3470623742088179,0.3470623742088179,2.8912452911635986
ARIMA,45,2,2,2025-01-01,2025-03-16,2025-03-17,2025-04-15,2025-04-09,12.2734375,12.337197469669077,-0.06375996966907671,0.06375996966907671,0.5194956153814015
ARIMA,45,2,2,2025-01-01,2025-03-16,2025-03-17,2025-04-15,2025-04-10,11.3203125,12.33192284460495,-1.01161034460495,1.01161034460495,8.936240449236275
ARIMA,45,2,2,2025-01-01,2025-03-16,2025-03-17,2025-04-15,2025-04-11,16.63671875,12.334548654528604,4.302170095471396,4.302170095471396,25.85948683824084
ARIMA,45,2,2,2025-01-01,2025-03-16,2025-03-17,2025-04-15,2025-04-12,23.734375,12.340281058714845,11.394093941285155,11.394093941285155,48.006715749983535
ARIMA,45,2,2,2025-01-01,2025-03-16,2025-03-17,2025-04-15,2025-04-13,25.21484375,12.344589018663822,12.870254731336178,12.870254731336178,51.042373527839835
ARIMA,45,2,2,2025-01-01,2025-03-16,2025-03-17,2025-04-15,2025-04-14,14.3359375,12.345644961572624,1.9902925384273757,1.9902925384273757,13.88323950510649
ARIMA,45,2,2,2025-01-01,2025-03-16,2025-03-17,2025-04-15,2025-04-15,10.921875,12.344219149210666,-1.4223441492106659,1.4223441492106659,13.02289349778006
ARIMA,45,3,3,2025-01-01,2025-04-15,2025-04-16,2025-05-15,2025-04-16,13.640625,11.167636093563964,2.4729889064360364,2.4729889064360364,18.129586484754448
ARIMA,45,3,3,2025-01-01,2025-04-15,2025-04-16,2025-05-15,2025-04-17,15.99609375,14.595246603384831,1.4008471466151686,1.4008471466151686,8.75743271144037
ARIMA,45,3,3,2025-01-01,2025-04-15,2025-04-16,2025-05-15,2025-04-18,20.17578125,18.009213697378073,2.1665675526219275,2.1665675526219275,10.738456795183222
ARIMA,45,3,3,2025-01-01,2025-04-15,2025-04-16,2025-05-15,2025-04-19,22.23046875,19.20828062350152,3.022188126498481,3.022188126498481,13.594801623328257
ARIMA,45,3,3,2025-01-01,2025-04-15,2025-04-16,2025-05-15,2025-04-20,11.9765625,18.100863896473097,-6.124301396473097,6.124301396473097,51.13571942260642
ARIMA,45,3,3,2025-01-01,2025-04-15,2025-04-16,2025-05-15,2025-04-21,13.4609375,16.113638812798506,-2.6527013127985057,2.6527013127985057,19.706660942438113
ARIMA,45,3,3,2025-01-01,2025-04-15,2025-04-16,2025-05-15,2025-04-22,11.8984375,14.801691097240765,-2.9032535972407647,2.9032535972407647,24.40029287241089
ARIMA,45,3,3,2025-01-01,2025-04-15,2025-04-16,2025-05-15,2025-04-23,16.4921875,14.80431363487717,1.68787386512283,1.68787386512283,10.234384402450129
ARIMA,45,3,3,2025-01-01,2025-04-15,2025-04-16,2025-05-15,2025-04-24,15.3671875,15.714426627889583,-0.34723912788958344,0.34723912788958344,2.259614050323675
ARIMA,45,3,3,2025-01-01,2025-04-15,2025-04-16,2025-05-15,2025-04-25,15.66015625,16.664235235366117,-1.0040789853661174,1.0040789853661174,6.411679228079971
ARIMA,45,3,3,2025-01-01,2025-04-15,2025-04-16,2025-05-15,2025-04-26,21.859375,17.027910306649673,4.831464693350327,4.831464693350327,22.10248322905082
ARIMA,45,3,3,2025-01-01,2025-04-15,2025-04-16,2025-05-15,2025-04-27,20.3125,16.751264501682577,3.561235498317423,3.561235498317423,17.53223629940885
ARIMA,45,3,3,2025-01-01,2025-04-15,2025-04-16,2025-05-15,2025-04-28,14.96875,16.210475749262088,-1.2417257492620877,1.2417257492620877,8.295453857283258
ARIMA,45,3,3,2025-01-01,2025-04-15,2025-04-16,2025-05-15,2025-04-29,15.859375,15.836356220512386,0.023018779487614438,0.023018779487614438,0.1451430430746132
ARIMA,45,3,3,2025-01-01,2025-04-15,2025-04-16,2025-05-15,2025-04-30,28.22265625,15.81919440590073,12.40346184409927,12.40346184409927,43.94859836801956
ARIMA,45,3,3,2025-01-01,2025-04-15,2025-04-16,2025-05-15,2025-05-01,21.9921875,16.059998851399815,5.932188648600185,5.932188648600185,26.97407271832411
ARIMA,45,3,3,2025-01-01,2025-04-15,2025-04-16,2025-05-15,2025-05-02,20.91796875,16.323655641011673,4.594313108988327,4.594313108988327,21.96347630067249
ARIMA,45,3,3,2025-01-01,2025-04-15,2025-04-16,2025-05-15,2025-05-03,20.4921875,16.432792116642187,4.059395383357813,4.059395383357813,19.809478043072822
ARIMA,45,3,3,2025-01-01,2025-04-15,2025-04-16,2025-05-15,2025-05-04,16.3203125,16.364555583307343,-0.044243083307343056,0.044243083307343056,0.27109213323790865
ARIMA,45,3,3,2025-01-01,2025-04-15,2025-04-16,2025-05-15,2025-05-05,14.921875,16.21772574496048,-1.2958507449604788,1.2958507449604788,8.68423535889745
ARIMA,45,3,3,2025-01-01,2025-04-15,2025-04-16,2025-05-15,2025-05-06,10.0546875,16.111392965220073,-6.056705465220073,6.056705465220073,60.237630112522865
ARIMA,45,3,3,2025-01-01,2025-04-15,2025-04-16,2025-05-15,2025-05-07,10.64453125,16.101761073059595,-5.4572298230595955,5.4572298230595955,51.26792053956905
ARIMA,45,3,3,2025-01-01,2025-04-15,2025-04-16,2025-05-15,2025-05-08,16.6484375,16.165231883102216,0.4832056168977843,0.4832056168977843,2.9024082103667945
ARIMA,45,3,3,2025-01-01,2025-04-15,2025-04-16,2025-05-15,2025-05-09,14.73828125,16.238259159195437,-1.4999779091954366,1.4999779091954366,10.177427637265618
ARIMA,45,3,3,2025-01-01,2025-04-15,2025-04-16,2025-05-15,2025-05-10,22.3515625,16.270719384881776,6.080843115118224,6.080843115118224,27.205449798501668
ARIMA,45,3,3,2025-01-01,2025-04-15,2025-04-16,2025-05-15,2025-05-11,21.41015625,16.254152879831484,5.156003370168516,5.156003370168516,24.082044567836896
ARIMA,45,3,3,2025-01-01,2025-04-15,2025-04-16,2025-05-15,2025-05-12,13.95703125,16.214380611707355,-2.2573493617073552,2.2573493617073552,16.17356385662141
ARIMA,45,3,3,2025-01-01,2025-04-15,2025-04-16,2025-05-15,2025-05-13,11.1953125,16.184252112973542,-4.988939612973542,4.988939612973542,44.56275439362271
ARIMA,45,3,3,2025-01-01,2025-04-15,2025-04-16,2025-05-15,2025-05-14,11.15234375,16.180256824623314,-5.027913074623314,5.027913074623314,45.08391408418803
ARIMA,45,3,3,2025-01-01,2025-04-15,2025-04-16,2025-05-15,2025-05-15,14.74609375,16.196916823073447,-1.4508230730734475,1.4508230730734475,9.838694217398743
ARIMA,45,4,4,2025-01-01,2025-05-15,2025-05-16,2025-06-14,2025-05-16,18.07421875,14.669611633541535,3.4046071164584646,3.4046071164584646,18.836814821987616
ARIMA,45,4,4,2025-01-01,2025-05-15,2025-05-16,2025-06-14,2025-05-17,18.09375,14.056204072647388,4.037545927352612,4.037545927352612,22.31458889037713
ARIMA,45,4,4,2025-01-01,2025-05-15,2025-05-16,2025-06-14,2025-05-18,17.8125,14.250972029174669,3.561527970825331,3.561527970825331,19.99454299410712
ARIMA,45,4,4,2025-01-01,2025-05-15,2025-05-16,2025-06-14,2025-05-19,10.21484375,13.904289175241091,-3.6894454252410913,3.6894454252410913,36.11847146698736
ARIMA,45,4,4,2025-01-01,2025-05-15,2025-05-16,2025-06-14,2025-05-20,12.2578125,14.120672885669615,-1.8628603856696149,1.8628603856696149,15.197331380861105
ARIMA,45,4,4,2025-01-01,2025-05-15,2025-05-16,2025-06-14,2025-05-21,10.76171875,13.885061814916819,-3.123343064916819,3.123343064916819,29.022715957121804
ARIMA,45,4,4,2025-01-01,2025-05-15,2025-05-16,2025-06-14,2025-05-22,12.37109375,14.069647495730765,-1.6985537457307647,1.6985537457307647,13.730020805401825
ARIMA,45,4,4,2025-01-01,2025-05-15,2025-05-16,2025-06-14,2025-05-23,11.80078125,13.895516694918548,-2.0947354449185482,2.0947354449185482,17.750820056244564
ARIMA,45,4,4,2025-01-01,2025-05-15,2025-05-16,2025-06-14,2025-05-24,16.109375,14.042953896898673,2.0664211031013267,2.0664211031013267,12.82744428695295
ARIMA,45,4,4,2025-01-01,2025-05-15,2025-05-16,2025-06-14,2025-05-25,15.21484375,13.910148967830558,1.3046947821694417,1.3046947821694417,8.57514413954755
ARIMA,45,4,4,2025-01-01,2025-05-15,2025-05-16,2025-06-14,2025-05-26,14.57421875,14.025569629825643,0.5486491201743569,0.5486491201743569,3.7645182193684095
ARIMA,45,4,4,2025-01-01,2025-05-15,2025-05-16,2025-06-14,2025-05-27,10.80859375,13.923172827669537,-3.1145790776695375,3.1145790776695375,28.81576595169503
ARIMA,45,4,4,2025-01-01,2025-05-15,2025-05-16,2025-06-14,2025-05-28,7.69921875,14.012943877998696,-6.313725127998696,6.313725127998696,82.0047505209369
ARIMA,45,4,4,2025-01-01,2025-05-15,2025-05-16,2025-06-14,2025-05-29,12.7890625,13.933702320090164,-1.1446398200901644,1.1446398200901644,8.950146424651255
ARIMA,45,4,4,2025-01-01,2025-05-15,2025-05-16,2025-06-14,2025-05-30,13.609375,14.003374557498,-0.39399955749800064,0.39399955749800064,2.8950598943595915
ARIMA,45,4,4,2025-01-01,2025-05-15,2025-05-16,2025-06-14,2025-05-31,16.671875,13.941976948905479,2.729898051094521,2.729898051094521,16.37427134677126
ARIMA,45,4,4,2025-01-01,2025-05-15,2025-05-16,2025-06-14,2025-06-01,17.265625,13.996012005996025,3.2696129940039746,3.2696129940039746,18.93712503314519
ARIMA,45,4,4,2025-01-01,2025-05-15,2025-05-16,2025-06-14,2025-06-02,11.390625,13.948420797720743,-2.5577957977207433,2.5577957977207433,22.45527174953739
ARIMA,45,4,4,2025-01-01,2025-05-15,2025-05-16,2025-06-14,2025-06-03,11.7265625,13.990318428593167,-2.2637559285931665,2.2637559285931665,19.3045142478298
ARIMA,45,4,4,2025-01-01,2025-05-15,2025-05-16,2025-06-14,2025-06-04,11.234375,13.953424004757219,-2.7190490047572187,2.7190490047572187,24.20293968073185
ARIMA,45,4,4,2025-01-01,2025-05-15,2025-05-16,2025-06-14,2025-06-05,10.44921875,13.985908002294032,-3.536689252294032,3.536689252294032,33.84644667615971
ARIMA,45,4,4,2025-01-01,2025-05-15,2025-05-16,2025-06-14,2025-06-06,13.23046875,13.957304828103213,-0.7268360781032133,0.7268360781032133,5.493653262309495
ARIMA,45,4,4,2025-01-01,2025-05-15,2025-05-16,2025-06-14,2025-06-07,17.609375,13.982489612486399,3.6268853875136013,3.6268853875136013,20.596332280467657
ARIMA,45,4,4,2025-01-01,2025-05-15,2025-05-16,2025-06-14,2025-06-08,15.859375,13.960314072627812,1.8990609273721883,1.8990609273721883,11.974374320376361
ARIMA,45,4,4,2025-01-01,2025-05-15,2025-05-16,2025-06-14,2025-06-09,11.43359375,13.979839622634861,-2.546245872634861,2.546245872634861,22.26986482386486
ARIMA,45,4,4,2025-01-01,2025-05-15,2025-05-16,2025-06-14,2025-06-10,9.70703125,13.962647230022482,-4.2556159800224815,4.2556159800224815,43.84055094107667
ARIMA,45,4,4,2025-01-01,2025-05-15,2025-05-16,2025-06-14,2025-06-11,11.69921875,13.977785180408903,-2.278566430408903,2.278566430408903,19.476227251575263
ARIMA,45,4,4,2025-01-01,2025-05-15,2025-05-16,2025-06-14,2025-06-12,11.1328125,13.964456131782542,-2.8316436317825424,2.8316436317825424,25.43511472759056
ARIMA,45,4,4,2025-01-01,2025-05-15,2025-05-16,2025-06-14,2025-06-13,12.66796875,13.976192411939799,-1.3082236619397989,1.3082236619397989,10.327019964742167
ARIMA,45,4,4,2025-01-01,2025-05-15,2025-05-16,2025-06-14,2025-06-14,17.33203125,13.965858560327286,3.366172689672714,3.366172689672714,19.421686016592627
ARIMA,45,5,5,2025-01-01,2025-06-14,2025-06-15,2025-07-14,2025-06-15,13.140625,15.7167176524942,-2.5760926524942,2.5760926524942,19.60403445417703
ARIMA,45,5,5,2025-01-01,2025-06-14,2025-06-15,2025-07-14,2025-06-16,10.5859375,13.239351596297574,-2.653414096297574,2.653414096297574,25.065461573881144
ARIMA,45,5,5,2025-01-01,2025-06-14,2025-06-15,2025-07-14,2025-06-17,10.41796875,11.690559397202112,-1.2725906472021116,1.2725906472021116,12.215343295228367
ARIMA,45,5,5,2025-01-01,2025-06-14,2025-06-15,2025-07-14,2025-06-18,10.4921875,11.617632553641192,-1.125445053641192,1.125445053641192,10.726505351159537
ARIMA,45,5,5,2025-01-01,2025-06-14,2025-06-15,2025-07-14,2025-06-19,15.37890625,12.487963348077685,2.8909429019223154,2.8909429019223154,18.798104721669105
ARIMA,45,5,5,2025-01-01,2025-06-14,2025-06-15,2025-07-14,2025-06-20,13.1015625,13.422793242022502,-0.321230742022502,0.321230742022502,2.4518506248586918
ARIMA,45,5,5,2025-01-01,2025-06-14,2025-06-15,2025-07-14,2025-06-21,13.66796875,13.848113701885124,-0.18014495188512392,0.18014495188512392,1.3180082218517213
ARIMA,45,5,5,2025-01-01,2025-06-14,2025-06-15,2025-07-14,2025-06-22,15.90234375,13.712861429782123,2.189482320217877,2.189482320217877,13.768299532689179
ARIMA,45,5,5,2025-01-01,2025-06-14,2025-06-15,2025-07-14,2025-06-23,11.78515625,13.315007846791111,-1.5298515967911115,1.5298515967911115,12.981173641979602
ARIMA,45,5,5,2025-01-01,2025-06-14,2025-06-15,2025-07-14,2025-06-24,11.30078125,12.990527875244759,-1.6897466252447586,1.6897466252447586,14.952476186058009
ARIMA,45,5,5,2025-01-01,2025-06-14,2025-06-15,2025-07-14,2025-06-25,11.765625,12.901323847912547,-1.135698847912547,1.135698847912547,9.652686091155777
ARIMA,45,5,5,2025-01-01,2025-06-14,2025-06-15,2025-07-14,2025-06-26,10.85546875,13.008037898176077,-2.1525691481760774,2.1525691481760774,19.829352354554725
ARIMA,45,5,5,2025-01-01,2025-06-14,2025-06-15,2025-07-14,2025-06-27,13.60546875,13.171629198993049,0.43383955100695104,0.43383955100695104,3.1887144719431375
ARIMA,45,5,5,2025-01-01,2025-06-14,2025-06-15,2025-07-14,2025-06-28,15.6328125,13.273873525703383,2.358938974296617,2.358938974296617,15.08966460319675
ARIMA,45,5,5,2025-01-01,2025-06-14,2025-06-15,2025-07-14,2025-06-29,17.41796875,13.278659346114708,4.139309403885292,4.139309403885292,23.764593123898518
ARIMA,45,5,5,2025-01-01,2025-06-14,2025-06-15,2025-07-14,2025-06-30,14.37890625,13.2211748657061,1.1577313842938999,1.1577313842938999,8.051595609324595
ARIMA,45,5,5,2025-01-01,2025-06-14,2025-06-15,2025-07-14,2025-07-01,11.33984375,13.159449151696322,-1.8196054016963217,1.8196054016963217,16.046124107277244
ARIMA,45,5,5,2025-01-01,2025-06-14,2025-06-15,2025-07-14,2025-07-02,9.7421875,13.13137646102788,-3.3891889610278803,3.3891889610278803,34.788788052250894
ARIMA,45,5,5,2025-01-01,2025-06-14,2025-06-15,2025-07-14,2025-07-03,13.31640625,13.140317972248274,0.17608827775172564,0.17608827775172564,1.3223408361525892
ARIMA,45,5,5,2025-01-01,2025-06-14,2025-06-15,2025-07-14,2025-07-04,13.86328125,13.166592451356188,0.6966887986438124,0.6966887986438124,5.025424977537785
ARIMA,45,5,5,2025-01-01,2025-06-14,2025-06-15,2025-07-14,2025-07-05,14.7578125,13.188015576160485,1.5697969238395153,1.5697969238395153,10.637056974666912
ARIMA,45,5,5,2025-01-01,2025-06-14,2025-06-15,2025-07-14,2025-07-06,9.4765625,13.193900811034412,-3.7173383110344123,3.7173383110344123,39.226653240923724
ARIMA,45,5,5,2025-01-01,2025-06-14,2025-06-15,2025-07-14,2025-07-07,8.96484375,13.186850858209217,-4.222007108209217,4.222007108209217,47.095155542551616
ARIMA,45,5,5,2025-01-01,2025-06-14,2025-06-15,2025-07-14,2025-07-08,9.6875,13.176048211067512,-3.4885482110675117,3.4885482110675117,36.01082024327754
ARIMA,45,5,5,2025-01-01,2025-06-14,2025-06-15,2025-07-14,2025-07-09,12.1484375,13.169298499316323,-1.020860999316323,1.020860999316323,8.403228804661692
ARIMA,45,5,5,2025-01-01,2025-06-14,2025-06-15,2025-07-14,2025-07-10,11.09765625,13.168984442125419,-2.071328192125419,2.071328192125419,18.66455533910972
ARIMA,45,5,5,2025-01-01,2025-06-14,2025-06-15,2025-07-14,2025-07-11,12.33203125,13.172781234073575,-0.8407499840735753,0.8407499840735753,6.817611527489238
ARIMA,45,5,5,2025-01-01,2025-06-14,2025-06-15,2025-07-14,2025-07-12,18.7734375,13.176856909731901,5.596580590268099,5.596580590268099,29.81116585744139
ARIMA,45,5,5,2025-01-01,2025-06-14,2025-06-15,2025-07-14,2025-07-13,14.00390625,13.178709808514068,0.8251964414859323,0.8251964414859323,5.8926161511966155
ARIMA,45,5,5,2025-01-01,2025-06-14,2025-06-15,2025-07-14,2025-07-14,9.69921875,13.178118687196156,-3.4788999371961555,3.4788999371961555,35.86783664608199
ARIMA,45,6,6,2025-01-01,2025-07-14,2025-07-15,2025-08-13,2025-07-15,11.79296875,11.59714301424765,0.19582573575235074,0.19582573575235074,1.6605295910103277
ARIMA,45,6,6,2025-01-01,2025-07-14,2025-07-15,2025-08-13,2025-07-16,11.625,12.576663391259675,-0.9516633912596753,0.9516633912596753,8.1863517527714
ARIMA,45,6,6,2025-01-01,2025-07-14,2025-07-15,2025-08-13,2025-07-17,11.20703125,13.092898282495625,-1.885867032495625,1.885867032495625,16.827534343634717
ARIMA,45,6,6,2025-01-01,2025-07-14,2025-07-15,2025-08-13,2025-07-18,12.76953125,13.354187985625591,-0.5846567356255914,0.5846567356255914,4.578529345981995
ARIMA,45,6,6,2025-01-01,2025-07-14,2025-07-15,2025-08-13,2025-07-19,16.83984375,13.497071630300576,3.342772119699424,3.342772119699424,19.850374916331536
ARIMA,45,6,6,2025-01-01,2025-07-14,2025-07-15,2025-08-13,2025-07-20,15.55859375,13.56428569590524,1.9943080540947609,1.9943080540947609,12.818048251274385
ARIMA,45,6,6,2025-01-01,2025-07-14,2025-07-15,2025-08-13,2025-07-21,10.421875,13.606284734853618,-3.1844097348536184,3.1844097348536184,30.555055926631418
ARIMA,45,6,6,2025-01-01,2025-07-14,2025-07-15,2025-08-13,2025-07-22,12.03125,13.621056964418507,-1.589806964418507,1.589806964418507,13.213979963997982
ARIMA,45,6,6,2025-01-01,2025-07-14,2025-07-15,2025-08-13,2025-07-23,12.75390625,13.635795580263546,-0.8818893302635455,0.8818893302635455,6.914660598697325
ARIMA,45,6,6,2025-01-01,2025-07-14,2025-07-15,2025-08-13,2025-07-24,10.875,13.636397348347115,-2.7613973483471153,2.7613973483471153,25.392159525030944
ARIMA,45,6,6,2025-01-01,2025-07-14,2025-07-15,2025-08-13,2025-07-25,12.4609375,13.64376979401612,-1.1828322940161193,1.1828322940161193,9.492321857935002
ARIMA,45,6,6,2025-01-01,2025-07-14,2025-07-15,2025-08-13,2025-07-26,17.00390625,13.64054254521137,3.3633637047886307,3.3633637047886307,19.77994735644129
ARIMA,45,6,6,2025-01-01,2025-07-14,2025-07-15,2025-08-13,2025-07-27,14.58203125,13.645924517730128,0.936106732269872,0.936106732269872,6.419590770455056
ARIMA,45,6,6,2025-01-01,2025-07-14,2025-07-15,2025-08-13,2025-07-28,12.27734375,13.641662650657292,-1.3643189006572918,1.3643189006572918,11.112492477514053
ARIMA,45,6,6,2025-01-01,2025-07-14,2025-07-15,2025-08-13,2025-07-29,11.1640625,13.646506736288963,-2.4824442362889627,2.4824442362889627,22.23602954828462
ARIMA,45,6,6,2025-01-01,2025-07-14,2025-07-15,2025-08-13,2025-07-30,11.828125,13.641965335363562,-1.8138403353635617,1.8138403353635617,15.334977736230904
ARIMA,45,6,6,2025-01-01,2025-07-14,2025-07-15,2025-08-13,2025-07-31,12.734375,13.64666404262251,-0.9122890426225094,0.9122890426225094,7.163987573968172
ARIMA,45,6,6,2025-01-01,2025-07-14,2025-07-15,2025-08-13,2025-08-01,14.0546875,13.642047141896716,0.4126403581032836,0.4126403581032836,2.9359625256931796
ARIMA,45,6,6,2025-01-01,2025-07-14,2025-07-15,2025-08-13,2025-08-02,18.59375,13.646706531908617,4.947043468091383,4.947043468091383,26.60594806368475
ARIMA,45,6,6,2025-01-01,2025-07-14,2025-07-15,2025-08-13,2025-08-03,15.4609375,13.642069264150901,1.8188682358490986,1.8188682358490986,11.764281666937071
ARIMA,45,6,6,2025-01-01,2025-07-14,2025-07-15,2025-08-13,2025-08-04,13.875,13.646717996071072,0.2282820039289284,0.2282820039289284,1.6452757039922767
ARIMA,45,6,6,2025-01-01,2025-07-14,2025-07-15,2025-08-13,2025-08-05,12.921875,13.642075258903064,-0.7202002589030645,0.7202002589030645,5.573496562248625
ARIMA,45,6,6,2025-01-01,2025-07-14,2025-07-15,2025-08-13,2025-08-06,11.60546875,13.646721076824404,-2.041252326824404,2.041252326824404,17.588710725918798
ARIMA,45,6,6,2025-01-01,2025-07-14,2025-07-15,2025-08-13,2025-08-07,13.20703125,13.642076895785225,-0.435045645785225,0.435045645785225,3.2940457060342383
ARIMA,45,6,6,2025-01-01,2025-07-14,2025-07-15,2025-08-13,2025-08-08,14.25390625,13.646721892267031,0.6071843577329687,0.6071843577329687,4.2597751597599345
ARIMA,45,6,6,2025-01-01,2025-07-14,2025-07-15,2025-08-13,2025-08-09,16.66015625,13.64207735511162,3.0180788948883794,3.0180788948883794,18.115549755953698
ARIMA,45,6,6,2025-01-01,2025-07-14,2025-07-15,2025-08-13,2025-08-10,12.44921875,13.646722095592146,-1.1975033455921462,1.1975033455921462,9.61910437626575
ARIMA,45,6,6,2025-01-01,2025-07-14,2025-07-15,2025-08-13,2025-08-11,12.37890625,13.642077496246303,-1.2631712462463032,1.2631712462463032,10.204223384002955
ARIMA,45,6,6,2025-01-01,2025-07-14,2025-07-15,2025-08-13,2025-08-12,10.80859375,13.646722133514976,-2.8381283835149755,2.8381283835149755,26.258072503788714
ARIMA,45,6,6,2025-01-01,2025-07-14,2025-07-15,2025-08-13,2025-08-13,11.75,13.642077551401098,-1.8920775514010977,1.8920775514010977,16.102787671498703
ARIMA,45,7,7,2025-01-01,2025-08-13,2025-08-14,2025-09-12,2025-08-14,11.91796875,13.71452018980023,-1.7965514398002291,1.7965514398002291,15.07430903273873
ARIMA,45,7,7,2025-01-01,2025-08-13,2025-08-14,2025-09-12,2025-08-15,14.9765625,14.61334428467285,0.3632182153271497,0.3632182153271497,2.4252442129303686
ARIMA,45,7,7,2025-01-01,2025-08-13,2025-08-14,2025-09-12,2025-08-16,15.7109375,14.33792362512313,1.3730138748768699,1.3730138748768699,8.739223072314239
ARIMA,45,7,7,2025-01-01,2025-08-13,2025-08-14,2025-09-12,2025-08-17,17.4296875,13.518579757027899,3.911107742972101,3.911107742972101,22.439345186034465
ARIMA,45,7,7,2025-01-01,2025-08-13,2025-08-14,2025-09-12,2025-08-18,13.48046875,12.857124433398846,0.6233443166011536,0.6233443166011536,4.624055202836724
ARIMA,45,7,7,2025-01-01,2025-08-13,2025-08-14,2025-09-12,2025-08-19,13.83984375,12.682627325105997,1.1572164248940027,1.1572164248940027,8.361484752268266
ARIMA,45,7,7,2025-01-01,2025-08-13,2025-08-14,2025-09-12,2025-08-20,13.26953125,12.904744442469855,0.3647868075301446,0.3647868075301446,2.7490557176248753
ARIMA,45,7,7,2025-01-01,2025-08-13,2025-08-14,2025-09-12,2025-08-21,13.02734375,13.234097299075586,-0.20675354907558585,0.20675354907558585,1.587073720040479
ARIMA,45,7,7,2025-01-01,2025-08-13,2025-08-14,2025-09-12,2025-08-22,16.01953125,13.43289796139289,2.5866332886071106,2.5866332886071106,16.14674766845697
ARIMA,45,7,7,2025-01-01,2025-08-13,2025-08-14,2025-09-12,2025-08-23,26.41015625,13.435303403006541,12.974852846993459,12.974852846993459,49.12826991318334
ARIMA,45,7,7,2025-01-01,2025-08-13,2025-08-14,2025-09-12,2025-08-24,25.89453125,13.318020012384128,12.576511237615872,12.576511237615872,48.5682135590536
ARIMA,45,7,7,2025-01-01,2025-08-13,2025-08-14,2025-09-12,2025-08-25,15.6796875,13.19814841465544,2.4815390853445596,2.4815390853445596,15.826457544798386
ARIMA,45,7,7,2025-01-01,2025-08-13,2025-08-14,2025-09-12,2025-08-26,12.02734375,13.147736731089546,-1.1203929810895463,1.1203929810895463,9.315381720004021
ARIMA,45,7,7,2025-01-01,2025-08-13,2025-08-14,2025-09-12,2025-08-27,11.4609375,13.169018493916633,-1.7080809939166333,1.7080809939166333,14.903501514746356
ARIMA,45,7,7,2025-01-01,2025-08-13,2025-08-14,2025-09-12,2025-08-28,13.8359375,13.220863573298725,0.6150739267012746,0.6150739267012746,4.445480667293233
ARIMA,45,7,7,2025-01-01,2025-08-13,2025-08-14,2025-09-12,2025-08-29,16.3984375,13.260397181015216,3.1380403189847836,3.1380403189847836,19.13621538018353
ARIMA,45,7,7,2025-01-01,2025-08-13,2025-08-14,2025-09-12,2025-08-30,20.38671875,13.269095302897032,7.117623447102968,7.117623447102968,34.91304085952021
ARIMA,45,7,7,2025-01-01,2025-08-13,2025-08-14,2025-09-12,2025-08-31,19.58203125,13.254071915352487,6.327959334647513,6.327959334647513,32.31513244902779
ARIMA,45,7,7,2025-01-01,2025-08-13,2025-08-14,2025-09-12,2025-09-01,23.41015625,13.233664769884667,10.176491480115333,10.176491480115333,43.47041246303229
ARIMA,45,7,7,2025-01-01,2025-08-13,2025-08-14,2025-09-12,2025-09-02,11.5625,13.222105979657803,-1.6596059796578029,1.6596059796578029,14.353349013256675
ARIMA,45,7,7,2025-01-01,2025-08-13,2025-08-14,2025-09-12,2025-09-03,13.06640625,13.222723478452986,-0.1563172284529859,0.1563172284529859,1.1963291624503554
ARIMA,45,7,7,2025-01-01,2025-08-13,2025-08-14,2025-09-12,2025-09-04,11.08984375,13.230307358578333,-2.140463608578333,2.140463608578333,19.301116019586235
ARIMA,45,7,7,2025-01-01,2025-08-13,2025-08-14,2025-09-12,2025-09-05,13.89453125,13.237593095561556,0.6569381544384445,0.6569381544384445,4.728033948165359
ARIMA,45,7,7,2025-01-01,2025-08-13,2025-08-14,2025-09-12,2025-09-06,19.28515625,13.240382831851559,6.044773418148441,6.044773418148441,31.344176525136742
ARIMA,45,7,7,2025-01-01,2025-08-13,2025-08-14,2025-09-12,2025-09-07,19.7109375,13.238812410423376,6.472125089576624,6.472125089576624,32.8351966494573
ARIMA,45,7,7,2025-01-01,2025-08-13,2025-08-14,2025-09-12,2025-09-08,8.5859375,13.235546826918963,-4.649609326918963,4.649609326918963,54.153775600148066
ARIMA,45,7,7,2025-01-01,2025-08-13,2025-08-14,2025-09-12,2025-09-09,11.88671875,13.233195173592513,-1.346476423592513,1.346476423592513,11.327570306923542
ARIMA,45,7,7,2025-01-01,2025-08-13,2025-08-14,2025-09-12,2025-09-10,9.19921875,13.232787110950914,-4.033568360950914,4.033568360950914,43.84685776660017
ARIMA,45,7,7,2025-01-01,2025-08-13,2025-08-14,2025-09-12,2025-09-11,12.69921875,13.233791182869464,-0.5345724328694637,0.5345724328694637,4.209490704847207
ARIMA,45,7,7,2025-01-01,2025-08-13,2025-08-14,2025-09-12,2025-09-12,13.2421875,13.235050735921599,0.00713676407840147,0.00713676407840147,0.053894147612707256
ARIMA,45,8,8,2025-01-01,2025-09-12,2025-09-13,2025-10-12,2025-09-13,18.23046875,14.878609575805363,3.3518591741946366,3.3518591741946366,18.386028467834304
ARIMA,45,8,8,2025-01-01,2025-09-12,2025-09-13,2025-10-12,2025-09-14,15.44140625,14.812365050694945,0.6290411993050551,0.6290411993050551,4.073730003088644
ARIMA,45,8,8,2025-01-01,2025-09-12,2025-09-13,2025-10-12,2025-09-15,10.828125,13.724140793115913,-2.8960157931159127,2.8960157931159127,26.745311797895877
ARIMA,45,8,8,2025-01-01,2025-09-12,2025-09-13,2025-10-12,2025-09-16,11.87890625,12.650140523962326,-0.7712342739623264,0.7712342739623264,6.492468731810443
ARIMA,45,8,8,2025-01-01,2025-09-12,2025-09-13,2025-10-12,2025-09-17,9.30859375,12.227936357894285,-2.9193426078942846,2.9193426078942846,31.361800571587782
ARIMA,45,8,8,2025-01-01,2025-09-12,2025-09-13,2025-10-12,2025-09-18,12.50390625,12.464879336008039,0.03902691399196101,0.03902691399196101,0.3121177751309597
ARIMA,45,8,8,2025-01-01,2025-09-12,2025-09-13,2025-10-12,2025-09-19,16.0859375,12.970968613690891,3.114968886309109,3.114968886309109,19.364546743446624
ARIMA,45,8,8,2025-01-01,2025-09-12,2025-09-13,2025-10-12,2025-09-20,18.859375,13.341914735653763,5.517460264346237,5.517460264346237,29.255795933567452
ARIMA,45,8,8,2025-01-01,2025-09-12,2025-09-13,2025-10-12,2025-09-21,18.55859375,13.406538326972512,5.1520554230274875,5.1520554230274875,27.761022696170002
ARIMA,45,8,8,2025-01-01,2025-09-12,2025-09-13,2025-10-12,2025-09-22,10.22265625,13.241480158867796,-3.0188239088677964,3.0188239088677964,29.53071916966587
ARIMA,45,8,8,2025-01-01,2025-09-12,2025-09-13,2025-10-12,2025-09-23,9.7109375,13.032020851389241,-3.321083351389241,3.321083351389241,34.199410215432245
ARIMA,45,8,8,2025-01-01,2025-09-12,2025-09-13,2025-10-12,2025-09-24,9.390625,12.920265161923847,-3.5296401619238473,3.5296401619238473,37.586850310004365
ARIMA,45,8,8,2025-01-01,2025-09-12,2025-09-13,2025-10-12,2025-09-25,9.78515625,12.936329146044631,-3.1511728960446312,3.1511728960446312,32.20360324899902
ARIMA,45,8,8,2025-01-01,2025-09-12,2025-09-13,2025-10-12,2025-09-26,15.32421875,13.02247406123463,2.3017446887653694,2.3017446887653694,15.020306916235906
ARIMA,45,8,8,2025-01-01,2025-09-12,2025-09-13,2025-10-12,2025-09-27,18.71484375,13.100746574369488,5.614097175630512,5.614097175630512,29.998098037182448
ARIMA,45,8,8,2025-01-01,2025-09-12,2025-09-13,2025-10-12,2025-09-28,17.06640625,13.1272543753366,3.9391518746634,3.9391518746634,23.081320208602207
ARIMA,45,8,8,2025-01-01,2025-09-12,2025-09-13,2025-10-12,2025-09-29,11.71484375,13.105617852636918,-1.390774102636918,1.390774102636918,11.871896307937678
ARIMA,45,8,8,2025-01-01,2025-09-12,2025-09-13,2025-10-12,2025-09-30,11.19140625,13.066914935385338,-1.8755086853853378,1.8755086853853378,16.758472022989405
ARIMA,45,8,8,2025-01-01,2025-09-12,2025-09-13,2025-10-12,2025-10-01,9.77734375,13.040739563204257,-3.263395813204257,3.263395813204257,33.377120582512575
ARIMA,45,8,8,2025-01-01,2025-09-12,2025-09-13,2025-10-12,2025-10-02,10.85546875,13.03804461023804,-2.1825758602380407,2.1825758602380407,20.105772588015057
ARIMA,45,8,8,2025-01-01,2025-09-12,2025-09-13,2025-10-12,2025-10-03,14.015625,13.05160329131767,0.9640217086823295,0.9640217086823295,6.878192793274146
ARIMA,45,8,8,2025-01-01,2025-09-12,2025-09-13,2025-10-12,2025-10-04,20.60546875,13.06717971854145,7.53828903145855,7.53828903145855,36.58392401996945
ARIMA,45,8,8,2025-01-01,2025-09-12,2025-09-13,2025-10-12,2025-10-05,18.5234375,13.074689743223448,5.448747756776552,5.448747756776552,29.415424414483283
ARIMA,45,8,8,2025-01-01,2025-09-12,2025-09-13,2025-10-12,2025-10-06,10.6640625,13.072674541687652,-2.408612041687652,2.408612041687652,22.5862521125289
ARIMA,45,8,8,2025-01-01,2025-09-12,2025-09-13,2025-10-12,2025-10-07,11.9296875,13.065926590319618,-1.1362390903196182,1.1362390903196182,9.524466506935896
ARIMA,45,8,8,2025-01-01,2025-09-12,2025-09-13,2025-10-12,2025-10-08,12.04296875,13.060267222111007,-1.0172984721110065,1.0172984721110065,8.447239988985327
ARIMA,45,8,8,2025-01-01,2025-09-12,2025-09-13,2025-10-12,2025-10-09,12.76171875,13.058674459735368,-0.2969557097353679,0.2969557097353679,2.326925671633125
ARIMA,45,8,8,2025-01-01,2025-09-12,2025-09-13,2025-10-12,2025-10-10,15.87890625,13.060570754040747,2.8183354959592535,2.8183354959592535,17.74892710862408
ARIMA,45,8,8,2025-01-01,2025-09-12,2025-09-13,2025-10-12,2025-10-11,21.76171875,13.06350734629737,8.69821140370263,8.69821140370263,39.97024087861916
ARIMA,45,8,8,2025-01-01,2025-09-12,2025-09-13,2025-10-12,2025-10-12,16.6328125,13.065334650314389,3.567477849685611,3.567477849685611,21.448434230143647
ARIMA,45,9,9,2025-01-01,2025-10-12,2025-10-13,2025-11-11,2025-10-13,11.2578125,13.098597982588586,-1.8407854825885863,1.8407854825885863,16.351182635068636
ARIMA,45,9,9,2025-01-01,2025-10-12,2025-10-13,2025-11-11,2025-10-14,11.03515625,11.892512785970117,-0.8573565359701174,0.8573565359701174,7.769319405605311
ARIMA,45,9,9,2025-01-01,2025-10-12,2025-10-13,2025-11-11,2025-10-15,10.23828125,12.947739922763754,-2.7094586727637537,2.7094586727637537,26.463999245613163
ARIMA,45,9,9,2025-01-01,2025-10-12,2025-10-13,2025-11-11,2025-10-16,13.40625,14.828703736310272,-1.4224537363102723,1.4224537363102723,10.610377520263103
ARIMA,45,9,9,2025-01-01,2025-10-12,2025-10-13,2025-11-11,2025-10-17,17.51171875,16.09052966638763,1.4211890836123686,1.4211890836123686,8.115645893481293
ARIMA,45,9,9,2025-01-01,2025-10-12,2025-10-13,2025-11-11,2025-10-18,18.5390625,16.171690065210726,2.3673724347892744,2.3673724347892744,12.769644823136414
ARIMA,45,9,9,2025-01-01,2025-10-12,2025-10-13,2025-11-11,2025-10-19,15.17578125,15.432615956273917,-0.25683470627391713,0.25683470627391713,1.6923985793081797
ARIMA,45,9,9,2025-01-01,2025-10-12,2025-10-13,2025-11-11,2025-10-20,10.79296875,14.613362542525367,-3.8203937925253673,3.8203937925253673,35.39706155940984
ARIMA,45,9,9,2025-01-01,2025-10-12,2025-10-13,2025-11-11,2025-10-21,13.44921875,14.246102924409849,-0.7968841744098487,0.7968841744098487,5.925133565173432
ARIMA,45,9,9,2025-01-01,2025-10-12,2025-10-13,2025-11-11,2025-10-22,11.66796875,14.399799455064798,-2.731830705064798,2.731830705064798,23.41307869088009
ARIMA,45,9,9,2025-01-01,2025-10-12,2025-10-13,2025-11-11,2025-10-23,12.23828125,14.798761543047721,-2.5604802930477213,2.5604802930477213,20.92189451069954
ARIMA,45,9,9,2025-01-01,2025-10-12,2025-10-13,2025-11-11,2025-10-24,14.52734375,15.112149792935805,-0.5848060429358046,0.5848060429358046,4.025553831448399
ARIMA,45,9,9,2025-01-01,2025-10-12,2025-10-13,2025-11-11,2025-10-25,19.265625,15.176798326300728,4.0888266736992716,4.0888266736992716,21.223431234124362
ARIMA,45,9,9,2025-01-01,2025-10-12,2025-10-13,2025-11-11,2025-10-26,19.89453125,15.03937185766132,4.855159392338679,4.855159392338679,24.404492527757743
ARIMA,45,9,9,2025-01-01,2025-10-12,2025-10-13,2025-11-11,2025-10-27,9.4921875,14.854705008165727,-5.362517508165727,5.362517508165727,56.49401160865951
ARIMA,45,9,9,2025-01-01,2025-10-12,2025-10-13,2025-11-11,2025-10-28,12.7578125,14.752892549861281,-1.995080049861281,1.995080049861281,15.63810449370753
ARIMA,45,9,9,2025-01-01,2025-10-12,2025-10-13,2025-11-11,2025-10-29,9.73828125,14.767807059449401,-5.029525809449401,5.029525809449401,51.6469557649036
ARIMA,45,9,9,2025-01-01,2025-10-12,2025-10-13,2025-11-11,2025-10-30,9.109375,14.849694274094409,-5.740319274094409,5.740319274094409,63.01551175678254
ARIMA,45,9,9,2025-01-01,2025-10-12,2025-10-13,2025-11-11,2025-10-31,13.49609375,14.924868115444873,-1.4287743654448732,1.4287743654448732,10.586577063788353
ARIMA,45,9,9,2025-01-01,2025-10-12,2025-10-13,2025-11-11,2025-11-01,21.05078125,14.949387748443067,6.101393501556933,6.101393501556933,28.984166568910275
ARIMA,45,9,9,2025-01-01,2025-10-12,2025-10-13,2025-11-11,2025-11-02,19.015625,14.925766778920474,4.089858221079526,4.089858221079526,21.50788218151928
ARIMA,45,9,9,2025-01-01,2025-10-12,2025-10-13,2025-11-11,2025-11-03,12.2890625,14.885278751433201,-2.5962162514332014,2.5962162514332014,21.126235230988545
ARIMA,45,9,9,2025-01-01,2025-10-12,2025-10-13,2025-11-11,2025-11-04,15.23046875,14.858709524124556,0.37175922587544363,0.37175922587544363,2.4408915574278938
ARIMA,45,9,9,2025-01-01,2025-10-12,2025-10-13,2025-11-11,2025-11-05,10.9765625,14.857576101348522,-3.8810136013485224,3.8810136013485224,35.35727693755237
ARIMA,45,9,9,2025-01-01,2025-10-12,2025-10-13,2025-11-11,2025-11-06,12.0625,14.87373488299661,-2.81123488299661,2.81123488299661,23.305574159557388
ARIMA,45,9,9,2025-01-01,2025-10-12,2025-10-13,2025-11-11,2025-11-07,13.328125,14.89122845494689,-1.5631034549468907,1.5631034549468907,11.727857106283823
ARIMA,45,9,9,2025-01-01,2025-10-12,2025-10-13,2025-11-11,2025-11-08,19.1171875,14.898824431006016,4.218363068993984,4.218363068993984,22.065814173732324
ARIMA,45,9,9,2025-01-01,2025-10-12,2025-10-13,2025-11-11,2025-11-09,17.85546875,14.895287327588672,2.9601814224113276,2.9601814224113276,16.57857020646029
ARIMA,45,9,9,2025-01-01,2025-10-12,2025-10-13,2025-11-11,2025-11-10,11.03515625,14.886664235220213,-3.8515079852202128,3.8515079852202128,34.9021608572168
ARIMA,45,9,9,2025-01-01,2025-10-12,2025-10-13,2025-11-11,2025-11-11,10.47265625,14.880031075682666,-4.407374825682666,4.407374825682666,42.08459363576137
ARIMA,45,10,10,2025-01-01,2025-10-13,2025-10-14,2025-11-12,2025-10-14,11.03515625,10.821777343528257,0.21337890647174262,0.21337890647174262,1.9336283205934908
ARIMA,45,10,10,2025-01-01,2025-10-13,2025-10-14,2025-11-12,2025-10-15,10.23828125,12.84003940191439,-2.6017581519143906,2.6017581519143906,25.412059782147423
ARIMA,45,10,10,2025-01-01,2025-10-13,2025-10-14,2025-11-12,2025-10-16,13.40625,15.213107876140349,-1.8068578761403487,1.8068578761403487,13.477727747433836
ARIMA,45,10,10,2025-01-01,2025-10-13,2025-10-14,2025-11-12,2025-10-17,17.51171875,16.349769602662178,1.1619491473378218,1.1619491473378218,6.635266154773197
ARIMA,45,10,10,2025-01-01,2025-10-13,2025-10-14,2025-11-12,2025-10-18,18.5390625,15.975376735020987,2.563685764979013,2.563685764979013,13.82856206984044
ARIMA,45,10,10,2025-01-01,2025-10-13,2025-10-14,2025-11-12,2025-10-19,15.17578125,14.845379073651582,0.33040217634841795,0.33040217634841795,2.1771674940848134
ARIMA,45,10,10,2025-01-01,2025-10-13,2025-10-14,2025-11-12,2025-10-20,10.79296875,13.920839782882346,-3.1278710328823465,3.1278710328823465,28.980636424823768
ARIMA,45,10,10,2025-01-01,2025-10-13,2025-10-14,2025-11-12,2025-10-21,13.44921875,13.702548671027055,-0.25332992102705454,0.25332992102705454,1.8836032466722614
ARIMA,45,10,10,2025-01-01,2025-10-13,2025-10-14,2025-11-12,2025-10-22,11.66796875,14.08073889658759,-2.41277014658759,2.41277014658759,20.67857909361979
ARIMA,45,10,10,2025-01-01,2025-10-13,2025-10-14,2025-11-12,2025-10-23,12.23828125,14.614651530460131,-2.376370280460131,2.376370280460131,19.417516495301424
ARIMA,45,10,10,2025-01-01,2025-10-13,2025-10-14,2025-11-12,2025-10-24,14.52734375,14.919972902342039,-0.3926291523420389,0.3926291523420389,2.7026905888561967
ARIMA,45,10,10,2025-01-01,2025-10-13,2025-10-14,2025-11-12,2025-10-25,19.265625,14.887042619094013,4.378582380905987,4.378582380905987,22.72743490494592
ARIMA,45,10,10,2025-01-01,2025-10-13,2025-10-14,2025-11-12,2025-10-26,19.89453125,14.6534908794527,5.241040370547299,5.241040370547299,26.344125954449417
ARIMA,45,10,10,2025-01-01,2025-10-13,2025-10-14,2025-11-12,2025-10-27,9.4921875,14.433362404998293,-4.941174904998293,4.941174904998293,52.055175953891485
ARIMA,45,10,10,2025-01-01,2025-10-13,2025-10-14,2025-11-12,2025-10-28,12.7578125,14.358197522349831,-1.6003850223498315,1.6003850223498315,12.54435290023138
ARIMA,45,10,10,2025-01-01,2025-10-13,2025-10-14,2025-11-12,2025-10-29,9.73828125,14.424248586301845,-4.685967336301845,4.685967336301845,48.11903883246178
ARIMA,45,10,10,2025-01-01,2025-10-13,2025-10-14,2025-11-12,2025-10-30,9.109375,14.541696738993666,-5.432321738993666,5.432321738993666,59.63440674023922
ARIMA,45,10,10,2025-01-01,2025-10-13,2025-10-14,2025-11-12,2025-10-31,13.49609375,14.620059777171672,-1.1239660271716723,1.1239660271716723,8.32808402187983
ARIMA,45,10,10,2025-01-01,2025-10-13,2025-10-14,2025-11-12,2025-11-01,21.05078125,14.624403469429145,6.426377780570855,6.426377780570855,30.527977580741116
ARIMA,45,10,10,2025-01-01,2025-10-13,2025-10-14,2025-11-12,2025-11-02,19.015625,14.57769945985339,4.43792554014661,4.43792554014661,23.33831015360584
ARIMA,45,10,10,2025-01-01,2025-10-13,2025-10-14,2025-11-12,2025-11-03,12.2890625,14.52653941303309,-2.23747691303309,2.23747691303309,18.207059432182803
ARIMA,45,10,10,2025-01-01,2025-10-13,2025-10-14,2025-11-12,2025-11-04,15.23046875,14.504120767394571,0.7263479826054287,0.7263479826054287,4.769045487227231
ARIMA,45,10,10,2025-01-01,2025-10-13,2025-10-14,2025-11-12,2025-11-05,10.9765625,14.51435062962482,-3.53778812962482,3.53778812962482,32.23038296028306
ARIMA,45,10,10,2025-01-01,2025-10-13,2025-10-14,2025-11-12,2025-11-06,12.0625,14.53958205149934,-2.4770820514993392,2.4770820514993392,20.535395245590376
ARIMA,45,10,10,2025-01-01,2025-10-13,2025-10-14,2025-11-12,2025-11-07,13.328125,14.559003997102364,-1.230878997102364,1.230878997102364,9.235199978259237
ARIMA,45,10,10,2025-01-01,2025-10-13,2025-10-14,2025-11-12,2025-11-08,19.1171875,14.56261397996319,4.55457352003681,4.55457352003681,23.82449573210918
ARIMA,45,10,10,2025-01-01,2025-10-13,2025-10-14,2025-11-12,2025-11-09,17.85546875,14.553659779634712,3.301808970365288,3.301808970365288,18.491863846281202
ARIMA,45,10,10,2025-01-01,2025-10-13,2025-10-14,2025-11-12,2025-11-10,11.03515625,14.5420367844079,-3.5068805344079,3.5068805344079,31.779165196758314
ARIMA,45,10,10,2025-01-01,2025-10-13,2025-10-14,2025-11-12,2025-11-11,10.47265625,14.535861292784542,-4.063205042784542,4.063205042784542,38.79822793557787
ARIMA,45,10,10,2025-01-01,2025-10-13,2025-10-14,2025-11-12,2025-11-12,9.6953125,14.537065685424468,-4.8417531854244675,4.8417531854244675,49.93911424128379
Prophet,45,1,1,2025-01-01,2025-02-14,2025-02-15,2025-03-16,2025-02-15,13.20703125,18.02841506506872,-4.821383815068721,4.821383815068721,36.50618919425
Prophet,45,1,1,2025-01-01,2025-02-14,2025-02-15,2025-03-16,2025-02-16,13.00390625,15.525231212848784,-2.5213249628487837,2.5213249628487837,19.38898139048629
Prophet,45,1,1,2025-01-01,2025-02-14,2025-02-15,2025-03-16,2025-02-17,9.2421875,11.713446941603403,-2.4712594416034026,2.4712594416034026,26.738901819546534
Prophet,45,1,1,2025-01-01,2025-02-14,2025-02-15,2025-03-16,2025-02-18,9.37890625,10.125866126525805,-0.7469598765258052,0.7469598765258052,7.964253577284721
Prophet,45,1,1,2025-01-01,2025-02-14,2025-02-15,2025-03-16,2025-02-19,9.0703125,11.178315133059487,-2.1080026330594865,2.1080026330594865,23.24068363752061
Prophet,45,1,1,2025-01-01,2025-02-14,2025-02-15,2025-03-16,2025-02-20,10.89453125,10.781344740997207,0.11318650900279259,0.11318650900279259,1.0389295914203982
Prophet,45,1,1,2025-01-01,2025-02-14,2025-02-15,2025-03-16,2025-02-21,10.4609375,14.594234768232864,-4.133297268232864,4.133297268232864,39.51172892709534
Prophet,45,1,1,2025-01-01,2025-02-14,2025-02-15,2025-03-16,2025-02-22,17.296875,18.342753378928773,-1.045878378928773,1.045878378928773,6.046632001033556
Prophet,45,1,1,2025-01-01,2025-02-14,2025-02-15,2025-03-16,2025-02-23,19.20703125,15.795252152897225,3.411779097102775,3.411779097102775,17.76317772744174
Prophet,45,1,1,2025-01-01,2025-02-14,2025-02-15,2025-03-16,2025-02-24,8.99609375,11.916666901360617,-2.9205731513606175,2.9205731513606175,32.46490346280148
Prophet,45,1,1,2025-01-01,2025-02-14,2025-02-15,2025-03-16,2025-02-25,10.953125,10.301108357587495,0.6520166424125051,0.6520166424125051,5.952791029158392
Prophet,45,1,1,2025-01-01,2025-02-14,2025-02-15,2025-03-16,2025-02-26,9.31640625,11.371294350899394,-2.0548881008993938,2.0548881008993938,22.056660537955757
Prophet,45,1,1,2025-01-01,2025-02-14,2025-02-15,2025-03-16,2025-02-27,11.63671875,10.967012873106196,0.6697058768938042,0.6697058768938042,5.75510924756005
Prophet,45,1,1,2025-01-01,2025-02-14,2025-02-15,2025-03-16,2025-02-28,14.5390625,14.844948796068621,-0.3058862960686213,0.3058862960686213,2.103892847758384
Prophet,45,1,1,2025-01-01,2025-02-14,2025-02-15,2025-03-16,2025-03-01,15.1796875,18.65709169278337,-3.4774041927833714,3.4774041927833714,22.908272602999048
Prophet,45,1,1,2025-01-01,2025-02-14,2025-02-15,2025-03-16,2025-03-02,12.4921875,16.06527309294775,-3.5730855929477485,3.5730855929477485,28.60256134442225
Prophet,45,1,1,2025-01-01,2025-02-14,2025-02-15,2025-03-16,2025-03-03,8.95703125,12.119886861132422,-3.1628556111324215,3.1628556111324215,35.31142766898822
Prophet,45,1,1,2025-01-01,2025-02-14,2025-02-15,2025-03-16,2025-03-04,11.60546875,10.47635058864703,1.1291181613529702,1.1291181613529702,9.729190484899371
Prophet,45,1,1,2025-01-01,2025-02-14,2025-02-15,2025-03-16,2025-03-05,8.8046875,11.56427356873669,-2.7595860687366898,2.7595860687366898,31.34223751537678
Prophet,45,1,1,2025-01-01,2025-02-14,2025-02-15,2025-03-16,2025-03-06,7.66015625,11.152681005223343,-3.492524755223343,3.492524755223343,45.5933879315235
Prophet,45,1,1,2025-01-01,2025-02-14,2025-02-15,2025-03-16,2025-03-07,12.19140625,15.095662823907343,-2.904256573907343,2.904256573907343,23.822162221091954
Prophet,45,1,1,2025-01-01,2025-02-14,2025-02-15,2025-03-16,2025-03-08,17.12109375,18.971430006640773,-1.850336256640773,1.850336256640773,10.807348430299747
Prophet,45,1,1,2025-01-01,2025-02-14,2025-02-15,2025-03-16,2025-03-09,14.265625,16.33529403299821,-2.0696690329982097,2.0696690329982097,14.5080852258363
Prophet,45,1,1,2025-01-01,2025-02-14,2025-02-15,2025-03-16,2025-03-10,9.5625,12.323106820889672,-2.760606820889672,2.760606820889672,28.86909093740833
Prophet,45,1,1,2025-01-01,2025-02-14,2025-02-15,2025-03-16,2025-03-11,11.87109375,10.651592819708709,1.2195009302912911,1.2195009302912911,10.27286074875191
Prophet,45,1,1,2025-01-01,2025-02-14,2025-02-15,2025-03-16,2025-03-12,12.1171875,11.757252786576613,0.359934713423387,0.359934713423387,2.970447667194941
Prophet,45,1,1,2025-01-01,2025-02-14,2025-02-15,2025-03-16,2025-03-13,12.9140625,11.338349137338184,1.5757133626618156,1.5757133626618156,12.20153118092634
Prophet,45,1,1,2025-01-01,2025-02-14,2025-02-15,2025-03-16,2025-03-14,18.45703125,15.346376851743353,3.1106543982566475,3.1106543982566475,16.85349261277676
Prophet,45,1,1,2025-01-01,2025-02-14,2025-02-15,2025-03-16,2025-03-15,18.71484375,19.28576832049346,-0.5709245704934602,0.5709245704934602,3.050651013281691
Prophet,45,1,1,2025-01-01,2025-02-14,2025-02-15,2025-03-16,2025-03-16,20.37109375,16.605314973044024,3.765778776955976,3.765778776955976,18.48589390030163
Prophet,45,2,2,2025-01-01,2025-03-16,2025-03-17,2025-04-15,2025-03-17,11.1328125,10.837001663477,0.29581083652299967,0.29581083652299967,2.657107864908348
Prophet,45,2,2,2025-01-01,2025-03-16,2025-03-17,2025-04-15,2025-03-18,15.32421875,10.675183511618068,4.6490352383819324,4.6490352383819324,30.33782872867129
Prophet,45,2,2,2025-01-01,2025-03-16,2025-03-17,2025-04-15,2025-03-19,11.4296875,10.831682556314723,0.598004943685277,0.598004943685277,5.232032316590257
Prophet,45,2,2,2025-01-01,2025-03-16,2025-03-17,2025-04-15,2025-03-20,11.41796875,10.951018816934802,0.46694993306519805,0.46694993306519805,4.089605982370534
Prophet,45,2,2,2025-01-01,2025-03-16,2025-03-17,2025-04-15,2025-03-21,17.328125,14.555763947564438,2.7723610524355617,2.7723610524355617,15.999198138491971
Prophet,45,2,2,2025-01-01,2025-03-16,2025-03-17,2025-04-15,2025-03-22,19.71875,17.649237502209488,2.0695124977905124,2.0695124977905124,10.49515054347011
Prophet,45,2,2,2025-01-01,2025-03-16,2025-03-17,2025-04-15,2025-03-23,18.00390625,16.11294946936194,1.89095678063806,1.89095678063806,10.50303614327063
Prophet,45,2,2,2025-01-01,2025-03-16,2025-03-17,2025-04-15,2025-03-24,9.1953125,10.942896999698021,-1.7475844996980214,1.7475844996980214,19.005167031550275
Prophet,45,2,2,2025-01-01,2025-03-16,2025-03-17,2025-04-15,2025-03-25,12.94140625,10.779352204045233,2.1620540459547666,2.1620540459547666,16.706484629170546
Prophet,45,2,2,2025-01-01,2025-03-16,2025-03-17,2025-04-15,2025-03-26,13.65234375,10.937231234897908,2.715112515102092,2.715112515102092,19.887519423923763
Prophet,45,2,2,2025-01-01,2025-03-16,2025-03-17,2025-04-15,2025-03-27,14.77734375,11.057582017853639,3.7197617321463614,3.7197617321463614,25.17205930292013
Prophet,45,2,2,2025-01-01,2025-03-16,2025-03-17,2025-04-15,2025-03-28,15.93359375,14.697207915293275,1.2363858347067254,1.2363858347067254,7.759616908186362
Prophet,45,2,2,2025-01-01,2025-03-16,2025-03-17,2025-04-15,2025-03-29,21.890625,17.82050419255361,4.07012080744639,4.07012080744639,18.59298584415196
Prophet,45,2,2,2025-01-01,2025-03-16,2025-03-17,2025-04-15,2025-03-30,19.109375,16.26909169627215,2.840283303727851,2.840283303727851,14.863297746409032
Prophet,45,2,2,2025-01-01,2025-03-16,2025-03-17,2025-04-15,2025-03-31,11.83203125,11.048792335931997,0.7832389140680025,0.7832389140680025,6.619648795028348
Prophet,45,2,2,2025-01-01,2025-03-16,2025-03-17,2025-04-15,2025-04-01,11.05859375,10.88352089647447,0.17507285352552948,0.17507285352552948,1.5831384847239685
Prophet,45,2,2,2025-01-01,2025-03-16,2025-03-17,2025-04-15,2025-04-02,12.88671875,11.042779913480382,1.8439388365196177,1.8439388365196177,14.308831226099489
Prophet,45,2,2,2025-01-01,2025-03-16,2025-03-17,2025-04-15,2025-04-03,15.1796875,11.164145218772479,4.015542281227521,4.015542281227521,26.453392279831327
Prophet,45,2,2,2025-01-01,2025-03-16,2025-03-17,2025-04-15,2025-04-04,15.9609375,14.838651883017954,1.1222856169820457,1.1222856169820457,7.031451736353492
Prophet,45,2,2,2025-01-01,2025-03-16,2025-03-17,2025-04-15,2025-04-05,22.37890625,17.991770882896546,4.387135367103454,4.387135367103454,19.603886437048075
Prophet,45,2,2,2025-01-01,2025-03-16,2025-03-17,2025-04-15,2025-04-06,18.0703125,16.425233923202125,1.645078576797875,1.645078576797875,9.10376384911924
Prophet,45,2,2,2025-01-01,2025-03-16,2025-03-17,2025-04-15,2025-04-07,10.953125,11.154687672154163,-0.20156267215416257,0.20156267215416257,1.8402298170993445
Prophet,45,2,2,2025-01-01,2025-03-16,2025-03-17,2025-04-15,2025-04-08,12.00390625,10.987689588899569,1.0162166611004313,1.0162166611004313,8.465716408776778
Prophet,45,2,2,2025-01-01,2025-03-16,2025-03-17,2025-04-15,2025-04-09,12.2734375,11.14832859206023,1.1251089079397705,1.1251089079397705,9.167023565645488
Prophet,45,2,2,2025-01-01,2025-03-16,2025-03-17,2025-04-15,2025-04-10,11.3203125,11.270708419693989,0.049604080306011156,0.049604080306011156,0.43818649269630283
Prophet,45,2,2,2025-01-01,2025-03-16,2025-03-17,2025-04-15,2025-04-11,16.63671875,14.980095850724991,1.6566228992750087,1.6566228992750087,9.957630012078004
Prophet,45,2,2,2025-01-01,2025-03-16,2025-03-17,2025-04-15,2025-04-12,23.734375,18.163037573240718,5.571337426759282,5.571337426759282,23.473706077195132
Prophet,45,2,2,2025-01-01,2025-03-16,2025-03-17,2025-04-15,2025-04-13,25.21484375,16.58137615011238,8.63346759988762,8.63346759988762,34.23962363394625
Prophet,45,2,2,2025-01-01,2025-03-16,2025-03-17,2025-04-15,2025-04-14,14.3359375,11.26058300837629,3.0753544916237097,3.0753544916237097,21.45206402876484
Prophet,45,2,2,2025-01-01,2025-03-16,2025-03-17,2025-04-15,2025-04-15,10.921875,11.09185828132885,-0.1699832813288502,0.1699832813288502,1.5563562238979134
Prophet,45,3,3,2025-01-01,2025-04-15,2025-04-16,2025-05-15,2025-04-16,13.640625,13.54711815587168,0.09350684412832067,0.09350684412832067,0.685502637366841
Prophet,45,3,3,2025-01-01,2025-04-15,2025-04-16,2025-05-15,2025-04-17,15.99609375,13.893775324225235,2.102318425774765,2.102318425774765,13.142698827798288
Prophet,45,3,3,2025-01-01,2025-04-15,2025-04-16,2025-05-15,2025-04-18,20.17578125,18.100617528539455,2.0751637214605445,2.0751637214605445,10.285419413241033
Prophet,45,3,3,2025-01-01,2025-04-15,2025-04-16,2025-05-15,2025-04-19,22.23046875,22.735555165469503,-0.5050864154695027,0.5050864154695027,2.2720457276435195
Prophet,45,3,3,2025-01-01,2025-04-15,2025-04-16,2025-05-15,2025-04-20,11.9765625,20.83893145202297,-8.862368952022969,8.862368952022969,73.99760116496672
Prophet,45,3,3,2025-01-01,2025-04-15,2025-04-16,2025-05-15,2025-04-21,13.4609375,13.368756476524048,0.09218102347595192,0.09218102347595192,0.6848038888521094
Prophet,45,3,3,2025-01-01,2025-04-15,2025-04-16,2025-05-15,2025-04-22,11.8984375,13.678619776980524,-1.7801822769805238,1.7801822769805238,14.961479412574331
Prophet,45,3,3,2025-01-01,2025-04-15,2025-04-16,2025-05-15,2025-04-23,16.4921875,13.986404126432772,2.505783373567228,2.505783373567228,15.193759915518957
Prophet,45,3,3,2025-01-01,2025-04-15,2025-04-16,2025-05-15,2025-04-24,15.3671875,14.342224802484083,1.0249626975159174,1.0249626975159174,6.669813181598243
Prophet,45,3,3,2025-01-01,2025-04-15,2025-04-16,2025-05-15,2025-04-25,15.66015625,18.68216974271474,-3.0220134927147413,3.0220134927147413,19.297467052506207
Prophet,45,3,3,2025-01-01,2025-04-15,2025-04-16,2025-05-15,2025-04-26,21.859375,23.462685235408753,-1.6033102354087525,1.6033102354087525,7.334657259911377
Prophet,45,3,3,2025-01-01,2025-04-15,2025-04-16,2025-05-15,2025-04-27,20.3125,21.50237240016959,-1.189872400169591,1.189872400169591,5.8578333546810635
Prophet,45,3,3,2025-01-01,2025-04-15,2025-04-16,2025-05-15,2025-04-28,14.96875,13.792445397880496,1.1763046021195045,1.1763046021195045,7.858402352364122
Prophet,45,3,3,2025-01-01,2025-04-15,2025-04-16,2025-05-15,2025-04-29,15.859375,14.110175166662234,1.7491998333377659,1.7491998333377659,11.02943737277015
Prophet,45,3,3,2025-01-01,2025-04-15,2025-04-16,2025-05-15,2025-04-30,28.22265625,14.425690097001064,13.796966152998936,13.796966152998936,48.886136126888964
Prophet,45,3,3,2025-01-01,2025-04-15,2025-04-16,2025-05-15,2025-05-01,21.9921875,14.790674280742927,7.201513219257073,7.201513219257073,32.74577946944602
Prophet,45,3,3,2025-01-01,2025-04-15,2025-04-16,2025-05-15,2025-05-02,20.91796875,19.26372195688612,1.654246793113881,1.654246793113881,7.908257311618179
Prophet,45,3,3,2025-01-01,2025-04-15,2025-04-16,2025-05-15,2025-05-03,20.4921875,24.18981530533374,-3.6976278053337417,3.6976278053337417,18.044085363428096
Prophet,45,3,3,2025-01-01,2025-04-15,2025-04-16,2025-05-15,2025-05-04,16.3203125,22.165813348287042,-5.845500848287042,5.845500848287042,35.81733406322362
Prophet,45,3,3,2025-01-01,2025-04-15,2025-04-16,2025-05-15,2025-05-05,14.921875,14.2161343192371,0.7057406807629008,0.7057406807629008,4.729571054327293
Prophet,45,3,3,2025-01-01,2025-04-15,2025-04-16,2025-05-15,2025-05-06,10.0546875,14.541730556343978,-4.487043056343978,4.487043056343978,44.62638004755472
Prophet,45,3,3,2025-01-01,2025-04-15,2025-04-16,2025-05-15,2025-05-07,10.64453125,14.864976067562031,-4.220444817562031,4.220444817562031,39.64894947874789
Prophet,45,3,3,2025-01-01,2025-04-15,2025-04-16,2025-05-15,2025-05-08,16.6484375,15.23912375899649,1.4093137410035101,1.4093137410035101,8.46514119420222
Prophet,45,3,3,2025-01-01,2025-04-15,2025-04-16,2025-05-15,2025-05-09,14.73828125,19.845274171057593,-5.106992921057593,5.106992921057593,34.651210914146404
Prophet,45,3,3,2025-01-01,2025-04-15,2025-04-16,2025-05-15,2025-05-10,22.3515625,24.916945375273038,-2.5653828752730377,2.5653828752730377,11.477420763192898
Prophet,45,3,3,2025-01-01,2025-04-15,2025-04-16,2025-05-15,2025-05-11,21.41015625,22.82925429640744,-1.4190980464074414,1.4190980464074414,6.6281536194180815
Prophet,45,3,3,2025-01-01,2025-04-15,2025-04-16,2025-05-15,2025-05-12,13.95703125,14.639823240593518,-0.6827919905935182,0.6827919905935182,4.892100464370016
Prophet,45,3,3,2025-01-01,2025-04-15,2025-04-16,2025-05-15,2025-05-13,11.1953125,14.973285946028138,-3.7779734460281382,3.7779734460281382,33.746029385317634
Prophet,45,3,3,2025-01-01,2025-04-15,2025-04-16,2025-05-15,2025-05-14,11.15234375,15.304262038126728,-4.151918288126728,4.151918288126728,37.229109693885896
Prophet,45,3,3,2025-01-01,2025-04-15,2025-04-16,2025-05-15,2025-05-15,14.74609375,15.687573237259851,-0.9414794872598513,0.9414794872598513,6.384602615589985
Prophet,45,4,4,2025-01-01,2025-05-15,2025-05-16,2025-06-14,2025-05-16,18.07421875,18.941137367484746,-0.8669186174847461,0.8669186174847461,4.796437563779879
Prophet,45,4,4,2025-01-01,2025-05-15,2025-05-16,2025-06-14,2025-05-17,18.09375,23.54762184121766,-5.453871841217659,5.453871841217659,30.14229687719604
Prophet,45,4,4,2025-01-01,2025-05-15,2025-05-16,2025-06-14,2025-05-18,17.8125,20.84204500268141,-3.0295450026814095,3.0295450026814095,17.00797194487809
Prophet,45,4,4,2025-01-01,2025-05-15,2025-05-16,2025-06-14,2025-05-19,10.21484375,14.297523506958491,-4.082679756958491,4.082679756958491,39.96810775454584
Prophet,45,4,4,2025-01-01,2025-05-15,2025-05-16,2025-06-14,2025-05-20,12.2578125,13.89043961392529,-1.63262711392529,1.63262711392529,13.319073969562595
Prophet,45,4,4,2025-01-01,2025-05-15,2025-05-16,2025-06-14,2025-05-21,10.76171875,15.394369221208759,-4.632650471208759,4.632650471208759,43.047496211595
Prophet,45,4,4,2025-01-01,2025-05-15,2025-05-16,2025-06-14,2025-05-22,12.37109375,15.986992637465391,-3.6158988874653915,3.6158988874653915,29.22861115223051
Prophet,45,4,4,2025-01-01,2025-05-15,2025-05-16,2025-06-14,2025-05-23,11.80078125,19.346394962288944,-7.545613712288944,7.545613712288944,63.941645493080756
Prophet,45,4,4,2025-01-01,2025-05-15,2025-05-16,2025-06-14,2025-05-24,16.109375,24.049902848865486,-7.940527848865486,7.940527848865486,49.29134649150253
Prophet,45,4,4,2025-01-01,2025-05-15,2025-05-16,2025-06-14,2025-05-25,15.21484375,21.285264300487476,-6.070420550487476,6.070420550487476,39.898014401150036
Prophet,45,4,4,2025-01-01,2025-05-15,2025-05-16,2025-06-14,2025-05-26,14.57421875,14.600648528922804,-0.026429778922803848,0.026429778922803848,0.18134611107579163
Prophet,45,4,4,2025-01-01,2025-05-15,2025-05-16,2025-06-14,2025-05-27,10.80859375,14.184044703031015,-3.375450953031015,3.375450953031015,31.229325767110222
Prophet,45,4,4,2025-01-01,2025-05-15,2025-05-16,2025-06-14,2025-05-28,7.69921875,15.718783578942618,-8.019564828942618,8.019564828942618,104.16076084268444
Prophet,45,4,4,2025-01-01,2025-05-15,2025-05-16,2025-06-14,2025-05-29,12.7890625,16.322884481916883,-3.5338219819168835,3.5338219819168835,27.63159521596586
Prophet,45,4,4,2025-01-01,2025-05-15,2025-05-16,2025-06-14,2025-05-30,13.609375,19.751652557071356,-6.142277557071356,6.142277557071356,45.13269387515118
Prophet,45,4,4,2025-01-01,2025-05-15,2025-05-16,2025-06-14,2025-05-31,16.671875,24.552183856519928,-7.880308856519928,7.880308856519928,47.26708217593959
Prophet,45,4,4,2025-01-01,2025-05-15,2025-05-16,2025-06-14,2025-06-01,17.265625,21.728483598292296,-4.462858598292296,4.462858598292296,25.84823079553909
Prophet,45,4,4,2025-01-01,2025-05-15,2025-05-16,2025-06-14,2025-06-02,11.390625,14.903773550885676,-3.513148550885676,3.513148550885676,30.84245641381115
Prophet,45,4,4,2025-01-01,2025-05-15,2025-05-16,2025-06-14,2025-06-03,11.7265625,14.477649792137093,-2.7510872921370932,2.7510872921370932,23.460304689776677
Prophet,45,4,4,2025-01-01,2025-05-15,2025-05-16,2025-06-14,2025-06-04,11.234375,16.04319793667343,-4.80882293667343,4.80882293667343,42.80454352532677
Prophet,45,4,4,2025-01-01,2025-05-15,2025-05-16,2025-06-14,2025-06-05,10.44921875,16.658776326367562,-6.209557576367562,6.209557576367562,59.426046338321335
Prophet,45,4,4,2025-01-01,2025-05-15,2025-05-16,2025-06-14,2025-06-06,13.23046875,20.156910151874285,-6.9264414018742855,6.9264414018742855,52.35219955358185
Prophet,45,4,4,2025-01-01,2025-05-15,2025-05-16,2025-06-14,2025-06-07,17.609375,25.05446486417566,-7.44508986417566,7.44508986417566,42.27912611421848
Prophet,45,4,4,2025-01-01,2025-05-15,2025-05-16,2025-06-14,2025-06-08,15.859375,22.171702896097948,-6.312327896097948,6.312327896097948,39.801870477858984
Prophet,45,4,4,2025-01-01,2025-05-15,2025-05-16,2025-06-14,2025-06-09,11.43359375,15.206898572849742,-3.7733048228497417,3.7733048228497417,33.001914405518754
Prophet,45,4,4,2025-01-01,2025-05-15,2025-05-16,2025-06-14,2025-06-10,9.70703125,14.771254881242935,-5.064223631242935,5.064223631242935,52.17067402809623
Prophet,45,4,4,2025-01-01,2025-05-15,2025-05-16,2025-06-14,2025-06-11,11.69921875,16.367612294407277,-4.668393544407277,4.668393544407277,39.903464018973715
Prophet,45,4,4,2025-01-01,2025-05-15,2025-05-16,2025-06-14,2025-06-12,11.1328125,16.994668170819157,-5.861855670819157,5.861855670819157,52.65386146420015
Prophet,45,4,4,2025-01-01,2025-05-15,2025-05-16,2025-06-14,2025-06-13,12.66796875,20.562167746678558,-7.894198996678558,7.894198996678558,62.31621779678418
Prophet,45,4,4,2025-01-01,2025-05-15,2025-05-16,2025-06-14,2025-06-14,17.33203125,25.556745871828937,-8.224714621828937,8.224714621828937,47.45384140608988
Prophet,45,5,5,2025-01-01,2025-06-14,2025-06-15,2025-07-14,2025-06-15,13.140625,16.053813861489566,-2.913188861489566,2.913188861489566,22.169332596353414
Prophet,45,5,5,2025-01-01,2025-06-14,2025-06-15,2025-07-14,2025-06-16,10.5859375,11.022330177795306,-0.4363926777953058,0.4363926777953058,4.12238101533573
Prophet,45,5,5,2025-01-01,2025-06-14,2025-06-15,2025-07-14,2025-06-17,10.41796875,10.634973204232757,-0.21700445423275738,0.21700445423275738,2.082982387835991
Prophet,45,5,5,2025-01-01,2025-06-14,2025-06-15,2025-07-14,2025-06-18,10.4921875,11.367605759145148,-0.8754182591451478,0.8754182591451478,8.34352473347572
Prophet,45,5,5,2025-01-01,2025-06-14,2025-06-15,2025-07-14,2025-06-19,15.37890625,11.89530346043138,3.4836027895686197,3.4836027895686197,22.651824082539157
Prophet,45,5,5,2025-01-01,2025-06-14,2025-06-15,2025-07-14,2025-06-20,13.1015625,14.137858882562181,-1.0362963825621812,1.0362963825621812,7.909715979007704
Prophet,45,5,5,2025-01-01,2025-06-14,2025-06-15,2025-07-14,2025-06-21,13.66796875,17.478543939797007,-3.8105751897970066,3.8105751897970066,27.87960127430791
Prophet,45,5,5,2025-01-01,2025-06-14,2025-06-15,2025-07-14,2025-06-22,15.90234375,15.658166397321196,0.24417735267880403,0.24417735267880403,1.5354802821364244
Prophet,45,5,5,2025-01-01,2025-06-14,2025-06-15,2025-07-14,2025-06-23,11.78515625,10.74972424128469,1.0354320087153095,1.0354320087153095,8.785899709350986
Prophet,45,5,5,2025-01-01,2025-06-14,2025-06-15,2025-07-14,2025-06-24,11.30078125,10.371014830618655,0.9297664193813446,0.9297664193813446,8.227452587681446
Prophet,45,5,5,2025-01-01,2025-06-14,2025-06-15,2025-07-14,2025-06-25,11.765625,11.084459610940552,0.6811653890594478,0.6811653890594478,5.789453505950154
Prophet,45,5,5,2025-01-01,2025-06-14,2025-06-15,2025-07-14,2025-06-26,10.85546875,11.597955276598743,-0.7424865265987428,0.7424865265987428,6.839746340744086
Prophet,45,5,5,2025-01-01,2025-06-14,2025-06-15,2025-07-14,2025-06-27,13.60546875,13.783186759311786,-0.1777180093117856,0.1777180093117856,1.306224817221278
Prophet,45,5,5,2025-01-01,2025-06-14,2025-06-15,2025-07-14,2025-06-28,15.6328125,17.038487998305804,-1.4056754983058042,1.4056754983058042,8.991827275519388
Prophet,45,5,5,2025-01-01,2025-06-14,2025-06-15,2025-07-14,2025-06-29,17.41796875,15.26251893315173,2.15544981684827,2.15544981684827,12.374863267843846
Prophet,45,5,5,2025-01-01,2025-06-14,2025-06-15,2025-07-14,2025-06-30,14.37890625,10.477118304773391,3.9017879452266087,3.9017879452266087,27.135498885574894
Prophet,45,5,5,2025-01-01,2025-06-14,2025-06-15,2025-07-14,2025-07-01,11.33984375,10.107056456999796,1.2327872930002037,1.2327872930002037,10.871289941717263
Prophet,45,5,5,2025-01-01,2025-06-14,2025-06-15,2025-07-14,2025-07-02,9.7421875,10.801313462734896,-1.0591259627348961,1.0591259627348961,10.871541558144884
Prophet,45,5,5,2025-01-01,2025-06-14,2025-06-15,2025-07-14,2025-07-03,13.31640625,11.300607092768166,2.015799157231834,2.015799157231834,15.137711477012306
Prophet,45,5,5,2025-01-01,2025-06-14,2025-06-15,2025-07-14,2025-07-04,13.86328125,13.428514636058384,0.43476661394161553,0.43476661394161553,3.1361018080882945
Prophet,45,5,5,2025-01-01,2025-06-14,2025-06-15,2025-07-14,2025-07-05,14.7578125,16.598432056813046,-1.8406195568130457,1.8406195568130457,12.472170633778182
Prophet,45,5,5,2025-01-01,2025-06-14,2025-06-15,2025-07-14,2025-07-06,9.4765625,14.866871468984924,-5.3903089689849235,5.3903089689849235,56.88042440478732
Prophet,45,5,5,2025-01-01,2025-06-14,2025-06-15,2025-07-14,2025-07-07,8.96484375,10.204512368262217,-1.2396686182622165,1.2396686182622165,13.828111820266992
Prophet,45,5,5,2025-01-01,2025-06-14,2025-06-15,2025-07-14,2025-07-08,9.6875,9.843098083385872,-0.1555980833858719,0.1555980833858719,1.6061737639831937
Prophet,45,5,5,2025-01-01,2025-06-14,2025-06-15,2025-07-14,2025-07-09,12.1484375,10.518167314529242,1.6302701854707582,1.6302701854707582,13.419587378794665
Prophet,45,5,5,2025-01-01,2025-06-14,2025-06-15,2025-07-14,2025-07-10,11.09765625,11.003258908939678,0.09439734106032205,0.09439734106032205,0.8506061003675622
Prophet,45,5,5,2025-01-01,2025-06-14,2025-06-15,2025-07-14,2025-07-11,12.33203125,13.07384251280624,-0.7418112628062392,0.7418112628062392,6.015320978093039
Prophet,45,5,5,2025-01-01,2025-06-14,2025-06-15,2025-07-14,2025-07-12,18.7734375,16.15837611531667,2.6150613846833295,2.6150613846833295,13.929582074051858
Prophet,45,5,5,2025-01-01,2025-06-14,2025-06-15,2025-07-14,2025-07-13,14.00390625,14.471224004832983,-0.4673177548329832,0.4673177548329832,3.3370528657529626
Prophet,45,5,5,2025-01-01,2025-06-14,2025-06-15,2025-07-14,2025-07-14,9.69921875,9.931906431751173,-0.23268768175117316,0.23268768175117316,2.3990353011800374
Prophet,45,6,6,2025-01-01,2025-07-14,2025-07-15,2025-08-13,2025-07-15,11.79296875,9.498608810481349,2.2943599395186514,2.2943599395186514,19.455321116819302
Prophet,45,6,6,2025-01-01,2025-07-14,2025-07-15,2025-08-13,2025-07-16,11.625,10.102505805643837,1.5224941943561632,1.5224941943561632,13.096724252526135
Prophet,45,6,6,2025-01-01,2025-07-14,2025-07-15,2025-08-13,2025-07-17,11.20703125,10.692506401651665,0.5145248483483353,0.5145248483483353,4.591089619281068
Prophet,45,6,6,2025-01-01,2025-07-14,2025-07-15,2025-08-13,2025-07-18,12.76953125,12.490608471215186,0.2789227787848141,0.2789227787848141,2.184283614833662
Prophet,45,6,6,2025-01-01,2025-07-14,2025-07-15,2025-08-13,2025-07-19,16.83984375,15.348779366508975,1.4910643834910253,1.4910643834910253,8.854383720104442
Prophet,45,6,6,2025-01-01,2025-07-14,2025-07-15,2025-08-13,2025-07-20,15.55859375,13.679159833057744,1.879433916942256,1.879433916942256,12.079715860839006
Prophet,45,6,6,2025-01-01,2025-07-14,2025-07-15,2025-08-13,2025-07-21,10.421875,9.591590006067115,0.8302849939328851,0.8302849939328851,7.9667525654729605
Prophet,45,6,6,2025-01-01,2025-07-14,2025-07-15,2025-08-13,2025-07-22,12.03125,9.213630036627228,2.8176199633727723,2.8176199633727723,23.41917891634512
Prophet,45,6,6,2025-01-01,2025-07-14,2025-07-15,2025-08-13,2025-07-23,12.75390625,9.798104145549994,2.9558021044500062,2.9558021044500062,23.175661217127157
Prophet,45,6,6,2025-01-01,2025-07-14,2025-07-15,2025-08-13,2025-07-24,10.875,10.368934448680639,0.5060655513193613,0.5060655513193613,4.653476333971138
Prophet,45,6,6,2025-01-01,2025-07-14,2025-07-15,2025-08-13,2025-07-25,12.4609375,12.110981983891852,0.3499555161081478,0.3499555161081478,2.8084204427487722
Prophet,45,6,6,2025-01-01,2025-07-14,2025-07-15,2025-08-13,2025-07-26,17.00390625,14.88025033993947,2.1236559100605295,2.1236559100605295,12.489223822088112
Prophet,45,6,6,2025-01-01,2025-07-14,2025-07-15,2025-08-13,2025-07-27,14.58203125,13.259767884663022,1.322263365336978,1.322263365336978,9.067758412168935
Prophet,45,6,6,2025-01-01,2025-07-14,2025-07-15,2025-08-13,2025-07-28,12.27734375,9.296225973824834,2.981117776175166,2.981117776175166,24.281455637952355
Prophet,45,6,6,2025-01-01,2025-07-14,2025-07-15,2025-08-13,2025-07-29,11.1640625,8.928651262773059,2.2354112372269412,2.2354112372269412,20.02327770224272
Prophet,45,6,6,2025-01-01,2025-07-14,2025-07-15,2025-08-13,2025-07-30,11.828125,9.493702485458405,2.334422514541595,2.334422514541595,19.736200915543208
Prophet,45,6,6,2025-01-01,2025-07-14,2025-07-15,2025-08-13,2025-07-31,12.734375,10.045362495708254,2.689012504291746,2.689012504291746,21.11617181284316
Prophet,45,6,6,2025-01-01,2025-07-14,2025-07-15,2025-08-13,2025-08-01,14.0546875,11.731355496567266,2.323332003432734,2.323332003432734,16.530655722033906
Prophet,45,6,6,2025-01-01,2025-07-14,2025-07-15,2025-08-13,2025-08-02,18.59375,14.41172131336855,4.182028686631449,4.182028686631449,22.491582852471662
Prophet,45,6,6,2025-01-01,2025-07-14,2025-07-15,2025-08-13,2025-08-03,15.4609375,12.840375936268535,2.6205615637314654,2.6205615637314654,16.949564434443033
Prophet,45,6,6,2025-01-01,2025-07-14,2025-07-15,2025-08-13,2025-08-04,13.875,9.000861941572806,4.874138058427194,4.874138058427194,35.128922943619415
Prophet,45,6,6,2025-01-01,2025-07-14,2025-07-15,2025-08-13,2025-08-05,12.921875,8.643672488918837,4.2782025110811635,4.2782025110811635,33.10821773992678
Prophet,45,6,6,2025-01-01,2025-07-14,2025-07-15,2025-08-13,2025-08-06,11.60546875,9.189300825366553,2.416167924633447,2.416167924633447,20.81921873800614
Prophet,45,6,6,2025-01-01,2025-07-14,2025-07-15,2025-08-13,2025-08-07,13.20703125,9.72179054273714,3.485240707262861,3.485240707262861,26.389281900600185
Prophet,45,6,6,2025-01-01,2025-07-14,2025-07-15,2025-08-13,2025-08-08,14.25390625,11.351729009231306,2.902177240768694,2.902177240768694,20.360574777659238
Prophet,45,6,6,2025-01-01,2025-07-14,2025-07-15,2025-08-13,2025-08-09,16.66015625,13.943192286797606,2.716963963202394,2.716963963202394,16.308154151929962
Prophet,45,6,6,2025-01-01,2025-07-14,2025-07-15,2025-08-13,2025-08-10,12.44921875,12.42098398787673,0.028234762123270585,0.028234762123270585,0.22679946983235863
Prophet,45,6,6,2025-01-01,2025-07-14,2025-07-15,2025-08-13,2025-08-11,12.37890625,8.705497909318971,3.6734083406810285,3.6734083406810285,29.67474077672273
Prophet,45,6,6,2025-01-01,2025-07-14,2025-07-15,2025-08-13,2025-08-12,10.80859375,8.358693715064087,2.4499000349359132,2.4499000349359132,22.666223669808232
Prophet,45,6,6,2025-01-01,2025-07-14,2025-07-15,2025-08-13,2025-08-13,11.75,8.88489916527297,2.8651008347270306,2.8651008347270306,24.38383689129388
Prophet,45,7,7,2025-01-01,2025-08-13,2025-08-14,2025-09-12,2025-08-14,11.91796875,11.11427278073227,0.8036959692677303,0.8036959692677303,6.743564999427695
Prophet,45,7,7,2025-01-01,2025-08-13,2025-08-14,2025-09-12,2025-08-15,14.9765625,12.929643366542868,2.0469191334571324,2.0469191334571324,13.667482998566141
Prophet,45,7,7,2025-01-01,2025-08-13,2025-08-14,2025-09-12,2025-08-16,15.7109375,15.993650296306736,-0.2827127963067362,0.2827127963067362,1.7994648397445165
Prophet,45,7,7,2025-01-01,2025-08-13,2025-08-14,2025-09-12,2025-08-17,17.4296875,14.189288949719872,3.240398550280128,3.240398550280128,18.591260171934394
Prophet,45,7,7,2025-01-01,2025-08-13,2025-08-14,2025-09-12,2025-08-18,13.48046875,10.189854229608413,3.2906145203915873,3.2906145203915873,24.410238111279234
Prophet,45,7,7,2025-01-01,2025-08-13,2025-08-14,2025-09-12,2025-08-19,13.83984375,9.856751750416025,3.9830919995839746,3.9830919995839746,28.77989138847015
Prophet,45,7,7,2025-01-01,2025-08-13,2025-08-14,2025-09-12,2025-08-20,13.26953125,10.405887832099191,2.863643417900809,2.863643417900809,21.58059213961163
Prophet,45,7,7,2025-01-01,2025-08-13,2025-08-14,2025-09-12,2025-08-21,13.02734375,10.93199055401152,2.09535319598848,2.09535319598848,16.08427040998653
Prophet,45,7,7,2025-01-01,2025-08-13,2025-08-14,2025-09-12,2025-08-22,16.01953125,12.71708972542273,3.3024415245772705,3.3024415245772705,20.61509461818535
Prophet,45,7,7,2025-01-01,2025-08-13,2025-08-14,2025-09-12,2025-08-23,26.41015625,15.730107758687566,10.680048491312434,10.680048491312434,40.43917192391633
Prophet,45,7,7,2025-01-01,2025-08-13,2025-08-14,2025-09-12,2025-08-24,25.89453125,13.954926897994428,11.939604352005572,11.939604352005572,46.10859426932307
Prophet,45,7,7,2025-01-01,2025-08-13,2025-08-14,2025-09-12,2025-08-25,15.6796875,10.021152094526537,5.658535405473463,5.658535405473463,36.08831748383673
Prophet,45,7,7,2025-01-01,2025-08-13,2025-08-14,2025-09-12,2025-08-26,12.02734375,9.693177550451802,2.334166199548198,2.334166199548198,19.407162945252963
Prophet,45,7,7,2025-01-01,2025-08-13,2025-08-14,2025-09-12,2025-08-27,11.4609375,10.232790272220369,1.2281472277796315,1.2281472277796315,10.71594036508472
Prophet,45,7,7,2025-01-01,2025-08-13,2025-08-14,2025-09-12,2025-08-28,13.8359375,10.749708327291497,3.086229172708503,3.086229172708503,22.30589125390674
Prophet,45,7,7,2025-01-01,2025-08-13,2025-08-14,2025-09-12,2025-08-29,16.3984375,12.504536084300597,3.8939014156994034,3.8939014156994034,23.745563659338906
Prophet,45,7,7,2025-01-01,2025-08-13,2025-08-14,2025-09-12,2025-08-30,20.38671875,15.466565221068379,4.920153528931621,4.920153528931621,24.134111964102225
Prophet,45,7,7,2025-01-01,2025-08-13,2025-08-14,2025-09-12,2025-08-31,19.58203125,13.72056484625165,5.86146640374835,5.86146640374835,29.932882492710505
Prophet,45,7,7,2025-01-01,2025-08-13,2025-08-14,2025-09-12,2025-09-01,23.41015625,9.852449959442144,13.557706290557856,13.557706290557856,57.91377958255984
Prophet,45,7,7,2025-01-01,2025-08-13,2025-08-14,2025-09-12,2025-09-02,11.5625,9.529603350488404,2.0328966495115957,2.0328966495115957,17.581808860640827
Prophet,45,7,7,2025-01-01,2025-08-13,2025-08-14,2025-09-12,2025-09-03,13.06640625,10.05969271234154,3.0067135376584595,3.0067135376584595,23.01102139433679
Prophet,45,7,7,2025-01-01,2025-08-13,2025-08-14,2025-09-12,2025-09-04,11.08984375,10.567426100568419,0.5224176494315813,0.5224176494315813,4.710775563736696
Prophet,45,7,7,2025-01-01,2025-08-13,2025-08-14,2025-09-12,2025-09-05,13.89453125,12.291982443178403,1.6025488068215967,1.6025488068215967,11.533665857360944
Prophet,45,7,7,2025-01-01,2025-08-13,2025-08-14,2025-09-12,2025-09-06,19.28515625,15.203022683450472,4.082133566549528,4.082133566549528,21.167230970967776
Prophet,45,7,7,2025-01-01,2025-08-13,2025-08-14,2025-09-12,2025-09-07,19.7109375,13.486202794510413,6.2247347054895865,6.2247347054895865,31.58010472860353
Prophet,45,7,7,2025-01-01,2025-08-13,2025-08-14,2025-09-12,2025-09-08,8.5859375,9.68374782436037,-1.0978103243603705,1.0978103243603705,12.786143905198127
Prophet,45,7,7,2025-01-01,2025-08-13,2025-08-14,2025-09-12,2025-09-09,11.88671875,9.366029150519449,2.5206895994805514,2.5206895994805514,21.205932877654327
Prophet,45,7,7,2025-01-01,2025-08-13,2025-08-14,2025-09-12,2025-09-10,9.19921875,9.886595152462709,-0.6873764024627089,0.6873764024627089,7.472117156282526
Prophet,45,7,7,2025-01-01,2025-08-13,2025-08-14,2025-09-12,2025-09-11,12.69921875,10.385143873848396,2.3140748761516043,2.3140748761516043,18.222182968157817
Prophet,45,7,7,2025-01-01,2025-08-13,2025-08-14,2025-09-12,2025-09-12,13.2421875,12.079428802044802,1.1627586979551978,1.1627586979551978,8.780714651225093
Prophet,45,8,8,2025-01-01,2025-09-12,2025-09-13,2025-10-12,2025-09-13,18.23046875,18.742201915146985,-0.5117331651469854,0.5117331651469854,2.807021432989678
Prophet,45,8,8,2025-01-01,2025-09-12,2025-09-13,2025-10-12,2025-09-14,15.44140625,16.93400701002947,-1.4926007600294717,1.4926007600294717,9.666222984253599
Prophet,45,8,8,2025-01-01,2025-09-12,2025-09-13,2025-10-12,2025-09-15,10.828125,12.265920029498519,-1.4377950294985187,1.4377950294985187,13.278337934762655
Prophet,45,8,8,2025-01-01,2025-09-12,2025-09-13,2025-10-12,2025-09-16,11.87890625,11.597555273244101,0.28135097675589904,0.28135097675589904,2.3684922739069436
Prophet,45,8,8,2025-01-01,2025-09-12,2025-09-13,2025-10-12,2025-09-17,9.30859375,12.102940432065719,-2.7943466820657186,2.7943466820657186,30.018999186270413
Prophet,45,8,8,2025-01-01,2025-09-12,2025-09-13,2025-10-12,2025-09-18,12.50390625,12.792200501792818,-0.2882942517928182,0.2882942517928182,2.3056335038725853
Prophet,45,8,8,2025-01-01,2025-09-12,2025-09-13,2025-10-12,2025-09-19,16.0859375,14.957675547798678,1.1282619522013224,1.1282619522013224,7.013964540153923
Prophet,45,8,8,2025-01-01,2025-09-12,2025-09-13,2025-10-12,2025-09-20,18.859375,18.783878331354646,0.07549666864535354,0.07549666864535354,0.4003137359819906
Prophet,45,8,8,2025-01-01,2025-09-12,2025-09-13,2025-10-12,2025-09-21,18.55859375,16.971650644738723,1.5869431052612768,1.5869431052612768,8.550987896166847
Prophet,45,8,8,2025-01-01,2025-09-12,2025-09-13,2025-10-12,2025-09-22,10.22265625,12.293178033370294,-2.0705217833702942,2.0705217833702942,20.25424442272814
Prophet,45,8,8,2025-01-01,2025-09-12,2025-09-13,2025-10-12,2025-09-23,9.7109375,11.623319820757033,-1.9123823207570325,1.9123823207570325,19.69307619122286
Prophet,45,8,8,2025-01-01,2025-09-12,2025-09-13,2025-10-12,2025-09-24,9.390625,12.129819187560479,-2.7391941875604786,2.7391941875604786,29.16945557468729
Prophet,45,8,8,2025-01-01,2025-09-12,2025-09-13,2025-10-12,2025-09-25,9.78515625,12.820600986671135,-3.035444736671135,3.035444736671135,31.02091227895451
Prophet,45,8,8,2025-01-01,2025-09-12,2025-09-13,2025-10-12,2025-09-26,15.32421875,14.99087316289491,0.33334558710508944,0.33334558710508944,2.175286013227196
Prophet,45,8,8,2025-01-01,2025-09-12,2025-09-13,2025-10-12,2025-09-27,18.71484375,18.8255547475669,-0.11071099756690117,0.11071099756690117,0.591567843396508
Prophet,45,8,8,2025-01-01,2025-09-12,2025-09-13,2025-10-12,2025-09-28,17.06640625,17.009294279446152,0.05711197055384787,0.05711197055384787,0.334645558749944
Prophet,45,8,8,2025-01-01,2025-09-12,2025-09-13,2025-10-12,2025-09-29,11.71484375,12.320436037238803,-0.6055922872388031,0.6055922872388031,5.169443999104154
Prophet,45,8,8,2025-01-01,2025-09-12,2025-09-13,2025-10-12,2025-09-30,11.19140625,11.649084368269959,-0.45767811826995874,0.45767811826995874,4.089549678084099
Prophet,45,8,8,2025-01-01,2025-09-12,2025-09-13,2025-10-12,2025-10-01,9.77734375,12.156697943054509,-2.3793541930545086,2.3793541930545086,24.33538447550756
Prophet,45,8,8,2025-01-01,2025-09-12,2025-09-13,2025-10-12,2025-10-02,10.85546875,12.849001471549457,-1.9935327215494567,1.9935327215494567,18.364317262204423
Prophet,45,8,8,2025-01-01,2025-09-12,2025-09-13,2025-10-12,2025-10-03,14.015625,15.024070777988902,-1.0084457779889018,1.0084457779889018,7.195153822886256
Prophet,45,8,8,2025-01-01,2025-09-12,2025-09-13,2025-10-12,2025-10-04,20.60546875,18.867231163780794,1.7382375862192063,1.7382375862192063,8.435807053499845
Prophet,45,8,8,2025-01-01,2025-09-12,2025-09-13,2025-10-12,2025-10-05,18.5234375,17.046937914157187,1.476499585842813,1.476499585842813,7.970980471863351
Prophet,45,8,8,2025-01-01,2025-09-12,2025-09-13,2025-10-12,2025-10-06,10.6640625,12.347694041122397,-1.6836315411223968,1.6836315411223968,15.787900165836394
Prophet,45,8,8,2025-01-01,2025-09-12,2025-09-13,2025-10-12,2025-10-07,11.9296875,11.674848915785155,0.25483858421484484,0.25483858421484484,2.136171498330068
Prophet,45,8,8,2025-01-01,2025-09-12,2025-09-13,2025-10-12,2025-10-08,12.04296875,12.183576698549672,-0.14060794854967185,0.14060794854967185,1.1675522163060652
Prophet,45,8,8,2025-01-01,2025-09-12,2025-09-13,2025-10-12,2025-10-09,12.76171875,12.877401956424372,-0.11568320642437158,0.11568320642437158,0.9064860987033707
Prophet,45,8,8,2025-01-01,2025-09-12,2025-09-13,2025-10-12,2025-10-10,15.87890625,15.05726839308404,0.8216378569159595,0.8216378569159595,5.174398311697064
Prophet,45,8,8,2025-01-01,2025-09-12,2025-09-13,2025-10-12,2025-10-11,21.76171875,18.90890757999469,2.8528111700053103,2.8528111700053103,13.109309989613344
Prophet,45,8,8,2025-01-01,2025-09-12,2025-09-13,2025-10-12,2025-10-12,16.6328125,17.084581548882728,-0.45176904888272773,0.45176904888272773,2.716131435274267
Prophet,45,9,9,2025-01-01,2025-10-12,2025-10-13,2025-11-11,2025-10-13,11.2578125,12.10474458394167,-0.8469320839416703,0.8469320839416703,7.523060842785136
Prophet,45,9,9,2025-01-01,2025-10-12,2025-10-13,2025-11-11,2025-10-14,11.03515625,11.5448275444525,-0.5096712944525006,0.5096712944525006,4.618614208135934
Prophet,45,9,9,2025-01-01,2025-10-12,2025-10-13,2025-11-11,2025-10-15,10.23828125,11.885913424887189,-1.647632174887189,1.647632174887189,16.09285909084778
Prophet,45,9,9,2025-01-01,2025-10-12,2025-10-13,2025-11-11,2025-10-16,13.40625,12.635073860710401,0.771176139289599,0.771176139289599,5.752362810551788
Prophet,45,9,9,2025-01-01,2025-10-12,2025-10-13,2025-11-11,2025-10-17,17.51171875,14.952281467786282,2.559437282213718,2.559437282213718,14.615568687189645
Prophet,45,9,9,2025-01-01,2025-10-12,2025-10-13,2025-11-11,2025-10-18,18.5390625,18.819073117859226,-0.2800106178592259,0.2800106178592259,1.5103817566785045
Prophet,45,9,9,2025-01-01,2025-10-12,2025-10-13,2025-11-11,2025-10-19,15.17578125,16.945535221984095,-1.7697539719840947,1.7697539719840947,11.661699274850147
Prophet,45,9,9,2025-01-01,2025-10-12,2025-10-13,2025-11-11,2025-10-20,10.79296875,12.122623831002024,-1.3296550810020236,1.3296550810020236,12.319641720467537
Prophet,45,9,9,2025-01-01,2025-10-12,2025-10-13,2025-11-11,2025-10-21,13.44921875,11.561876171732258,1.8873425782677415,1.8873425782677415,14.03310194703868
Prophet,45,9,9,2025-01-01,2025-10-12,2025-10-13,2025-11-11,2025-10-22,11.66796875,11.903462042837178,-0.23549329283717846,0.23549329283717846,2.018288683170997
Prophet,45,9,9,2025-01-01,2025-10-12,2025-10-13,2025-11-11,2025-10-23,12.23828125,12.653724621455362,-0.41544337145536225,0.41544337145536225,3.394621866982851
Prophet,45,9,9,2025-01-01,2025-10-12,2025-10-13,2025-11-11,2025-10-24,14.52734375,14.974348028957534,-0.44700427895753414,0.44700427895753414,3.076985625521074
Prophet,45,9,9,2025-01-01,2025-10-12,2025-10-13,2025-11-11,2025-10-25,19.265625,18.846840431915968,0.41878456808403186,0.41878456808403186,2.17373985055783
Prophet,45,9,9,2025-01-01,2025-10-12,2025-10-13,2025-11-11,2025-10-26,19.89453125,16.970532884494727,2.9239983655052733,2.9239983655052733,14.697498165508541
Prophet,45,9,9,2025-01-01,2025-10-12,2025-10-13,2025-11-11,2025-10-27,9.4921875,12.140503078060666,-2.648315578060666,2.648315578060666,27.899950122779032
Prophet,45,9,9,2025-01-01,2025-10-12,2025-10-13,2025-11-11,2025-10-28,12.7578125,11.578924799008592,1.1788877009914085,1.1788877009914085,9.240515966129841
Prophet,45,9,9,2025-01-01,2025-10-12,2025-10-13,2025-11-11,2025-10-29,9.73828125,11.921010660786827,-2.182729410786827,2.182729410786827,22.413908109162765
Prophet,45,9,9,2025-01-01,2025-10-12,2025-10-13,2025-11-11,2025-10-30,9.109375,12.672375382198856,-3.5630003821988563,3.5630003821988563,39.113554796008025
Prophet,45,9,9,2025-01-01,2025-10-12,2025-10-13,2025-11-11,2025-10-31,13.49609375,14.996414590127296,-1.500320840127296,1.500320840127296,11.116704343634957
Prophet,45,9,9,2025-01-01,2025-10-12,2025-10-13,2025-11-11,2025-11-01,21.05078125,18.874607745970756,2.1761735040292436,2.1761735040292436,10.337732733929975
Prophet,45,9,9,2025-01-01,2025-10-12,2025-10-13,2025-11-11,2025-11-02,19.015625,16.995530547023936,2.020094452976064,2.020094452976064,10.623339769142818
Prophet,45,9,9,2025-01-01,2025-10-12,2025-10-13,2025-11-11,2025-11-03,12.2890625,12.158382325121012,0.13068017487898764,0.13068017487898764,1.0633860384304143
Prophet,45,9,9,2025-01-01,2025-10-12,2025-10-13,2025-11-11,2025-11-04,15.23046875,11.595973426288355,3.6344953237116453,3.6344953237116453,23.863318873305495
Prophet,45,9,9,2025-01-01,2025-10-12,2025-10-13,2025-11-11,2025-11-05,10.9765625,11.93855927873682,-0.96199677873682,0.96199677873682,8.764098767139712
Prophet,45,9,9,2025-01-01,2025-10-12,2025-10-13,2025-11-11,2025-11-06,12.0625,12.691026142943821,-0.6285261429438211,0.6285261429438211,5.210579423368465
Prophet,45,9,9,2025-01-01,2025-10-12,2025-10-13,2025-11-11,2025-11-07,13.328125,15.018481151298566,-1.690356151298566,1.690356151298566,12.682625285241292
Prophet,45,9,9,2025-01-01,2025-10-12,2025-10-13,2025-11-11,2025-11-08,19.1171875,18.90237506001954,0.2148124399804594,0.2148124399804594,1.1236613125254926
Prophet,45,9,9,2025-01-01,2025-10-12,2025-10-13,2025-11-11,2025-11-09,17.85546875,17.020528209534575,0.8349405404654249,0.8349405404654249,4.676105411488706
Prophet,45,9,9,2025-01-01,2025-10-12,2025-10-13,2025-11-11,2025-11-10,11.03515625,12.176261572177927,-1.1411053221779266,1.1411053221779266,10.340635839913247
Prophet,45,9,9,2025-01-01,2025-10-12,2025-10-13,2025-11-11,2025-11-11,10.47265625,11.613022053567068,-1.140365803567068,1.140365803567068,10.888983428316651
Prophet,45,10,10,2025-01-01,2025-10-13,2025-10-14,2025-11-12,2025-10-14,11.03515625,11.512497951837421,-0.4773417018374211,0.4773417018374211,4.325645156473621
Prophet,45,10,10,2025-01-01,2025-10-13,2025-10-14,2025-11-12,2025-10-15,10.23828125,11.863293612878344,-1.6250123628783442,1.6250123628783442,15.87192540621351
Prophet,45,10,10,2025-01-01,2025-10-13,2025-10-14,2025-11-12,2025-10-16,13.40625,12.61786771067135,0.7883822893286503,0.7883822893286503,5.880707053267321
Prophet,45,10,10,2025-01-01,2025-10-13,2025-10-14,2025-11-12,2025-10-17,17.51171875,14.949889939813458,2.561828810186542,2.561828810186542,14.629225416189042
Prophet,45,10,10,2025-01-01,2025-10-13,2025-10-14,2025-11-12,2025-10-18,18.5390625,18.84011310197849,-0.30105060197848843,0.30105060197848843,1.6238717679412775
Prophet,45,10,10,2025-01-01,2025-10-13,2025-10-14,2025-11-12,2025-10-19,15.17578125,16.955256551386057,-1.7794753013860571,1.7794753013860571,11.725757455722796
Prophet,45,10,10,2025-01-01,2025-10-13,2025-10-14,2025-11-12,2025-10-20,10.79296875,12.076020610564225,-1.2830518605642247,1.2830518605642247,11.887849305263899
Prophet,45,10,10,2025-01-01,2025-10-13,2025-10-14,2025-11-12,2025-10-21,13.44921875,11.530739370362827,1.9184793796371729,1.9184793796371729,14.264615776564515
Prophet,45,10,10,2025-01-01,2025-10-13,2025-10-14,2025-11-12,2025-10-22,11.66796875,11.882086609132822,-0.21411785913282166,0.21411785913282166,1.835091126146714
Prophet,45,10,10,2025-01-01,2025-10-13,2025-10-14,2025-11-12,2025-10-23,12.23828125,12.637851527775185,-0.39957027777518483,0.39957027777518483,3.2649215164521967
Prophet,45,10,10,2025-01-01,2025-10-13,2025-10-14,2025-11-12,2025-10-24,14.52734375,14.973561791034195,-0.4462180410341947,0.4462180410341947,3.071573501068939
Prophet,45,10,10,2025-01-01,2025-10-13,2025-10-14,2025-11-12,2025-10-25,19.265625,18.869938036966296,0.3956869630337039,0.3956869630337039,2.053849605365535
Prophet,45,10,10,2025-01-01,2025-10-13,2025-10-14,2025-11-12,2025-10-26,19.89453125,16.98209158604554,2.9124396639544585,2.9124396639544585,14.639398271595159
Prophet,45,10,10,2025-01-01,2025-10-13,2025-10-14,2025-11-12,2025-10-27,9.4921875,12.09512897246213,-2.6029414724621294,2.6029414724621294,27.42193485392202
Prophet,45,10,10,2025-01-01,2025-10-13,2025-10-14,2025-11-12,2025-10-28,12.7578125,11.54898078888471,1.2088317111152893,1.2088317111152893,9.475227129378876
Prophet,45,10,10,2025-01-01,2025-10-13,2025-10-14,2025-11-12,2025-10-29,9.73828125,11.90087960538703,-2.162598355387029,2.162598355387029,22.20718728355714
Prophet,45,10,10,2025-01-01,2025-10-13,2025-10-14,2025-11-12,2025-10-30,9.109375,12.65783534487746,-3.5484603448774603,3.5484603448774603,38.95393860585891
Prophet,45,10,10,2025-01-01,2025-10-13,2025-10-14,2025-11-12,2025-10-31,13.49609375,14.997233642253402,-1.501139892253402,1.501139892253402,11.122773152441995
Prophet,45,10,10,2025-01-01,2025-10-13,2025-10-14,2025-11-12,2025-11-01,21.05078125,18.899762971952104,2.1510182780478964,2.1510182780478964,10.21823490777995
Prophet,45,10,10,2025-01-01,2025-10-13,2025-10-14,2025-11-12,2025-11-02,19.015625,17.00892662072381,2.006698379276191,2.006698379276191,10.552892052068712
Prophet,45,10,10,2025-01-01,2025-10-13,2025-10-14,2025-11-12,2025-11-03,12.2890625,12.114237334361738,0.17482516563826245,0.17482516563826245,1.422607832275753
Prophet,45,10,10,2025-01-01,2025-10-13,2025-10-14,2025-11-12,2025-11-04,15.23046875,11.567222207410113,3.663246542589887,3.663246542589887,24.05209322654555
Prophet,45,10,10,2025-01-01,2025-10-13,2025-10-14,2025-11-12,2025-11-05,10.9765625,11.919672601641508,-0.9431101016415084,0.9431101016415084,8.592035089687764
Prophet,45,10,10,2025-01-01,2025-10-13,2025-10-14,2025-11-12,2025-11-06,12.0625,12.677819161981303,-0.6153191619813025,0.6153191619813025,5.10109149829059
Prophet,45,10,10,2025-01-01,2025-10-13,2025-10-14,2025-11-12,2025-11-07,13.328125,15.020905493474164,-1.6927804934741637,1.6927804934741637,12.700814956898768
Prophet,45,10,10,2025-01-01,2025-10-13,2025-10-14,2025-11-12,2025-11-08,19.1171875,18.92958790693187,0.18759959306812846,0.18759959306812846,0.9813137683988739
Prophet,45,10,10,2025-01-01,2025-10-13,2025-10-14,2025-11-12,2025-11-09,17.85546875,17.035761655383315,0.8197070946166853,0.8197070946166853,4.590790116426853
Prophet,45,10,10,2025-01-01,2025-10-13,2025-10-14,2025-11-12,2025-11-10,11.03515625,12.133345696257912,-1.098189446257912,1.098189446257912,9.95173445104515
Prophet,45,10,10,2025-01-01,2025-10-13,2025-10-14,2025-11-12,2025-11-11,10.47265625,11.585463625934494,-1.1128073759344943,1.1128073759344943,10.625836935443138
Prophet,45,10,10,2025-01-01,2025-10-13,2025-10-14,2025-11-12,2025-11-12,9.6953125,11.938465597894481,-2.2431530978944814,2.2431530978944814,23.136470308661856
Ensemble_InverseRMSE,45,1,1,2025-01-01,2025-02-14,2025-02-15,2025-03-16,2025-02-15,13.20703125,16.169041219123223,-2.9620099691232227,2.9620099691232227,22.4275229841924
Ensemble_InverseRMSE,45,1,1,2025-01-01,2025-02-14,2025-02-15,2025-03-16,2025-02-16,13.00390625,14.137342401996275,-1.1334361519962748,1.1334361519962748,8.716120604116742
Ensemble_InverseRMSE,45,1,1,2025-01-01,2025-02-14,2025-02-15,2025-03-16,2025-02-17,9.2421875,11.38795344010068,-2.145765940100681,2.145765940100681,23.217078641833233
Ensemble_InverseRMSE,45,1,1,2025-01-01,2025-02-14,2025-02-15,2025-03-16,2025-02-18,9.37890625,10.23221410963193,-0.8533078596319292,0.8533078596319292,9.098159602906035
Ensemble_InverseRMSE,45,1,1,2025-01-01,2025-02-14,2025-02-15,2025-03-16,2025-02-19,9.0703125,10.973626532202218,-1.9033140322022177,1.9033140322022177,20.983996220661833
Ensemble_InverseRMSE,45,1,1,2025-01-01,2025-02-14,2025-02-15,2025-03-16,2025-02-20,10.89453125,11.27600883338716,-0.3814775833871593,0.3814775833871593,3.5015511418828535
Ensemble_InverseRMSE,45,1,1,2025-01-01,2025-02-14,2025-02-15,2025-03-16,2025-02-21,10.4609375,13.578015712247835,-3.1170782122478347,3.1170782122478347,29.797312260472207
Ensemble_InverseRMSE,45,1,1,2025-01-01,2025-02-14,2025-02-15,2025-03-16,2025-02-22,17.296875,15.523673644048612,1.7732013559513877,1.7732013559513877,10.25157062157984
Ensemble_InverseRMSE,45,1,1,2025-01-01,2025-02-14,2025-02-15,2025-03-16,2025-02-23,19.20703125,14.040577380408445,5.166453869591555,5.166453869591555,26.898763282803294
Ensemble_InverseRMSE,45,1,1,2025-01-01,2025-02-14,2025-02-15,2025-03-16,2025-02-24,8.99609375,11.818455694389197,-2.822361944389197,2.822361944389197,31.37319399755252
Ensemble_InverseRMSE,45,1,1,2025-01-01,2025-02-14,2025-02-15,2025-03-16,2025-02-25,10.953125,10.851277048233664,0.10184795176633621,0.10184795176633621,0.9298529119893748
Ensemble_InverseRMSE,45,1,1,2025-01-01,2025-02-14,2025-02-15,2025-03-16,2025-02-26,9.31640625,11.416583899464609,-2.1001776494646087,2.1001776494646087,22.542787348550934
Ensemble_InverseRMSE,45,1,1,2025-01-01,2025-02-14,2025-02-15,2025-03-16,2025-02-27,11.63671875,11.363842462070744,0.27287628792925567,0.27287628792925567,2.344959036921432
Ensemble_InverseRMSE,45,1,1,2025-01-01,2025-02-14,2025-02-15,2025-03-16,2025-02-28,14.5390625,13.44553999979204,1.0935225002079605,1.0935225002079605,7.521272435605532
Ensemble_InverseRMSE,45,1,1,2025-01-01,2025-02-14,2025-02-15,2025-03-16,2025-03-01,15.1796875,15.40018859168972,-0.22050109168971943,0.22050109168971943,1.452606265377462
Ensemble_InverseRMSE,45,1,1,2025-01-01,2025-02-14,2025-02-15,2025-03-16,2025-03-02,12.4921875,14.053897807590133,-1.5617103075901326,1.5617103075901326,12.501495895655845
Ensemble_InverseRMSE,45,1,1,2025-01-01,2025-02-14,2025-02-15,2025-03-16,2025-03-03,8.95703125,11.990275362952659,-3.0332441129526586,3.0332441129526586,33.86439131774446
Ensemble_InverseRMSE,45,1,1,2025-01-01,2025-02-14,2025-02-15,2025-03-16,2025-03-04,11.60546875,11.104936094231572,0.5005326557684278,0.5005326557684278,4.31290339537925
Ensemble_InverseRMSE,45,1,1,2025-01-01,2025-02-14,2025-02-15,2025-03-16,2025-03-05,8.8046875,11.645022029878387,-2.840334529878387,2.840334529878387,32.259345148574404
Ensemble_InverseRMSE,45,1,1,2025-01-01,2025-02-14,2025-02-15,2025-03-16,2025-03-06,7.66015625,11.481248815141003,-3.8210925651410026,3.8210925651410026,49.88269743376322
Ensemble_InverseRMSE,45,1,1,2025-01-01,2025-02-14,2025-02-15,2025-03-16,2025-03-07,12.19140625,13.501898317976533,-1.3104920679765328,1.3104920679765328,10.749310137840192
Ensemble_InverseRMSE,45,1,1,2025-01-01,2025-02-14,2025-02-15,2025-03-16,2025-03-08,17.12109375,15.463382206665866,1.657711543334134,1.657711543334134,9.682275954678037
Ensemble_InverseRMSE,45,1,1,2025-01-01,2025-02-14,2025-02-15,2025-03-16,2025-03-09,14.265625,14.135536473257542,0.1300885267424583,0.1300885267424583,0.9119020494542532
Ensemble_InverseRMSE,45,1,1,2025-01-01,2025-02-14,2025-02-15,2025-03-16,2025-03-10,9.5625,12.101474381445835,-2.5389743814458345,2.5389743814458345,26.551366080479315
Ensemble_InverseRMSE,45,1,1,2025-01-01,2025-02-14,2025-02-15,2025-03-16,2025-03-11,11.87109375,11.241999055625785,0.6290946943742153,0.6290946943742153,5.299382749582071
Ensemble_InverseRMSE,45,1,1,2025-01-01,2025-02-14,2025-02-15,2025-03-16,2025-03-12,12.1171875,11.789044708312142,0.3281427916878581,0.3281427916878581,2.708077197681872
Ensemble_InverseRMSE,45,1,1,2025-01-01,2025-02-14,2025-02-15,2025-03-16,2025-03-13,12.9140625,11.590488006542198,1.3235744934578015,1.3235744934578015,10.249094686182614
Ensemble_InverseRMSE,45,1,1,2025-01-01,2025-02-14,2025-02-15,2025-03-16,2025-03-14,18.45703125,13.610727730612876,4.846303519387124,4.846303519387124,26.25722118440431
Ensemble_InverseRMSE,45,1,1,2025-01-01,2025-02-14,2025-02-15,2025-03-16,2025-03-15,18.71484375,15.590380205432487,3.1244635445675133,3.1244635445675133,16.69510890021464
Ensemble_InverseRMSE,45,1,1,2025-01-01,2025-02-14,2025-02-15,2025-03-16,2025-03-16,20.37109375,14.249315528517625,6.121778221482375,6.121778221482375,30.051298651955666
Ensemble_InverseRMSE,45,2,2,2025-01-01,2025-03-16,2025-03-17,2025-04-15,2025-03-17,11.1328125,11.858312134784521,-0.7254996347845211,0.7254996347845211,6.51676864929254
Ensemble_InverseRMSE,45,2,2,2025-01-01,2025-03-16,2025-03-17,2025-04-15,2025-03-18,15.32421875,9.78083487291124,5.543383877088759,5.543383877088759,36.17400643728581
Ensemble_InverseRMSE,45,2,2,2025-01-01,2025-03-16,2025-03-17,2025-04-15,2025-03-19,11.4296875,9.623159595679233,1.8065279043207667,1.8065279043207667,15.80557564955968
Ensemble_InverseRMSE,45,2,2,2025-01-01,2025-03-16,2025-03-17,2025-04-15,2025-03-20,11.41796875,10.591776885896007,0.8261918641039934,0.8261918641039934,7.235891796463302
Ensemble_InverseRMSE,45,2,2,2025-01-01,2025-03-16,2025-03-17,2025-04-15,2025-03-21,17.328125,13.715356866576307,3.6127681334236925,3.6127681334236925,20.84915784843249
Ensemble_InverseRMSE,45,2,2,2025-01-01,2025-03-16,2025-03-17,2025-04-15,2025-03-22,19.71875,16.042074215322597,3.6766757846774034,3.6766757846774034,18.645582426256247
Ensemble_InverseRMSE,45,2,2,2025-01-01,2025-03-16,2025-03-17,2025-04-15,2025-03-23,18.00390625,15.112483841150445,2.8914224088495555,2.8914224088495555,16.059972589834807
Ensemble_InverseRMSE,45,2,2,2025-01-01,2025-03-16,2025-03-17,2025-04-15,2025-03-24,9.1953125,11.778970198897849,-2.5836576988978486,2.5836576988978486,28.09755186566904
Ensemble_InverseRMSE,45,2,2,2025-01-01,2025-03-16,2025-03-17,2025-04-15,2025-03-25,12.94140625,11.33479009925226,1.6066161507477403,1.6066161507477403,12.414540736233672
Ensemble_InverseRMSE,45,2,2,2025-01-01,2025-03-16,2025-03-17,2025-04-15,2025-03-26,13.65234375,11.285054588654098,2.3672891613459015,2.3672891613459015,17.339800437898447
Ensemble_InverseRMSE,45,2,2,2025-01-01,2025-03-16,2025-03-17,2025-04-15,2025-03-27,14.77734375,11.414824509569172,3.362519240430828,3.362519240430828,22.754557905109486
Ensemble_InverseRMSE,45,2,2,2025-01-01,2025-03-16,2025-03-17,2025-04-15,2025-03-28,15.93359375,13.642209927928903,2.291383822071097,2.291383822071097,14.380834970585948
Ensemble_InverseRMSE,45,2,2,2025-01-01,2025-03-16,2025-03-17,2025-04-15,2025-03-29,21.890625,15.541099469737166,6.349525530262834,6.349525530262834,29.005684078288464
Ensemble_InverseRMSE,45,2,2,2025-01-01,2025-03-16,2025-03-17,2025-04-15,2025-03-30,19.109375,14.681913932981367,4.427461067018633,4.427461067018633,23.169052190449104
Ensemble_InverseRMSE,45,2,2,2025-01-01,2025-03-16,2025-03-17,2025-04-15,2025-03-31,11.83203125,11.658258953767836,0.17377229623216373,0.17377229623216373,1.468659882318716
Ensemble_InverseRMSE,45,2,2,2025-01-01,2025-03-16,2025-03-17,2025-04-15,2025-04-01,11.05859375,11.511709332011504,-0.45311558201150426,0.45311558201150426,4.097406887846877
Ensemble_InverseRMSE,45,2,2,2025-01-01,2025-03-16,2025-03-17,2025-04-15,2025-04-02,12.88671875,11.570041595005355,1.316677154994645,1.316677154994645,10.217318935393426
Ensemble_InverseRMSE,45,2,2,2025-01-01,2025-03-16,2025-03-17,2025-04-15,2025-04-03,15.1796875,11.636230718487456,3.5434567815125444,3.5434567815125444,23.343410603891183
Ensemble_InverseRMSE,45,2,2,2025-01-01,2025-03-16,2025-03-17,2025-04-15,2025-04-04,15.9609375,13.756058285375783,2.204879214624217,2.204879214624217,13.81422121742045
Ensemble_InverseRMSE,45,2,2,2025-01-01,2025-03-16,2025-03-17,2025-04-15,2025-04-05,22.37890625,15.5795174034753,6.7993888465247,6.7993888465247,30.3830257411472
Ensemble_InverseRMSE,45,2,2,2025-01-01,2025-03-16,2025-03-17,2025-04-15,2025-04-06,18.0703125,14.6915704543635,3.3787420456365,3.3787420456365,18.697751052376653
Ensemble_InverseRMSE,45,2,2,2025-01-01,2025-03-16,2025-03-17,2025-04-15,2025-04-07,10.953125,11.672379057788937,-0.7192540577889375,0.7192540577889375,6.566656162409701
Ensemble_InverseRMSE,45,2,2,2025-01-01,2025-03-16,2025-03-17,2025-04-15,2025-04-08,12.00390625,11.570318579647449,0.4335876703525514,0.4335876703525514,3.6120547871868913
Ensemble_InverseRMSE,45,2,2,2025-01-01,2025-03-16,2025-03-17,2025-04-15,2025-04-09,12.2734375,11.656419347035921,0.6170181529640786,0.6170181529640786,5.027264390795803
Ensemble_InverseRMSE,45,2,2,2025-01-01,2025-03-16,2025-03-17,2025-04-15,2025-04-10,11.3203125,11.724243076458302,-0.4039305764583023,0.4039305764583023,3.56819280791323
Ensemble_InverseRMSE,45,2,2,2025-01-01,2025-03-16,2025-03-17,2025-04-15,2025-04-11,16.63671875,13.849459749843312,2.7872590001566877,2.7872590001566877,16.753658230573187
Ensemble_InverseRMSE,45,2,2,2025-01-01,2025-03-16,2025-03-17,2025-04-15,2025-04-12,23.734375,15.674547202918774,8.059827797081226,8.059827797081226,33.9584581312178
Ensemble_InverseRMSE,45,2,2,2025-01-01,2025-03-16,2025-03-17,2025-04-15,2025-04-13,25.21484375,14.770686668006814,10.444157081993186,10.444157081993186,41.42066944988777
Ensemble_InverseRMSE,45,2,2,2025-01-01,2025-03-16,2025-03-17,2025-04-15,2025-04-14,14.3359375,11.724309460786891,2.611628039213109,2.611628039213109,18.21735090023313
Ensemble_InverseRMSE,45,2,2,2025-01-01,2025-03-16,2025-03-17,2025-04-15,2025-04-15,10.921875,11.627083814479224,-0.7052088144792243,0.7052088144792243,6.456847514545115
Ensemble_InverseRMSE,45,3,3,2025-01-01,2025-04-15,2025-04-16,2025-05-15,2025-04-16,13.640625,12.6184483248992,1.0221766751008001,1.0221766751008001,7.49362052765764
Ensemble_InverseRMSE,45,3,3,2025-01-01,2025-04-15,2025-04-16,2025-05-15,2025-04-17,15.99609375,14.167547177591258,1.828546572408742,1.828546572408742,11.431206899551597
Ensemble_InverseRMSE,45,3,3,2025-01-01,2025-04-15,2025-04-16,2025-05-15,2025-04-18,20.17578125,18.06494422728643,2.1108370227135715,2.1108370227135715,10.46223190347869
Ensemble_InverseRMSE,45,3,3,2025-01-01,2025-04-15,2025-04-16,2025-05-15,2025-04-19,22.23046875,21.358922197912666,0.8715465520873344,0.8715465520873344,3.920504609635523
Ensemble_InverseRMSE,45,3,3,2025-01-01,2025-04-15,2025-04-16,2025-05-15,2025-04-20,11.9765625,19.770312035099245,-7.793749535099245,7.793749535099245,65.07501242613851
Ensemble_InverseRMSE,45,3,3,2025-01-01,2025-04-15,2025-04-16,2025-05-15,2025-04-21,13.4609375,14.440035582026166,-0.9790980820261659,0.9790980820261659,7.273624753299433
Ensemble_InverseRMSE,45,3,3,2025-01-01,2025-04-15,2025-04-16,2025-05-15,2025-04-22,11.8984375,14.116934681588214,-2.218497181588214,2.218497181588214,18.645281631207578
Ensemble_InverseRMSE,45,3,3,2025-01-01,2025-04-15,2025-04-16,2025-05-15,2025-04-23,16.4921875,14.305619764570924,2.186567735429076,2.186567735429076,13.258203227613535
Ensemble_InverseRMSE,45,3,3,2025-01-01,2025-04-15,2025-04-16,2025-05-15,2025-04-24,15.3671875,14.877770943993369,0.48941655600663125,0.48941655600663125,3.1848154127528625
Ensemble_InverseRMSE,45,3,3,2025-01-01,2025-04-15,2025-04-16,2025-05-15,2025-04-25,15.66015625,17.89460553807623,-2.234449288076231,2.234449288076231,14.268371607570844
Ensemble_InverseRMSE,45,3,3,2025-01-01,2025-04-15,2025-04-16,2025-05-15,2025-04-26,21.859375,20.951306208814582,0.9080687911854177,0.9080687911854177,4.154138858889688
Ensemble_InverseRMSE,45,3,3,2025-01-01,2025-04-15,2025-04-16,2025-05-15,2025-04-27,20.3125,19.64809888455384,0.6644011154461609,0.6644011154461609,3.2708977991195614
Ensemble_InverseRMSE,45,3,3,2025-01-01,2025-04-15,2025-04-16,2025-05-15,2025-04-28,14.96875,14.736159945375778,0.23259005462422166,0.23259005462422166,1.5538375256732972
Ensemble_InverseRMSE,45,3,3,2025-01-01,2025-04-15,2025-04-16,2025-05-15,2025-04-29,15.859375,14.783873150311756,1.0755018496882442,1.0755018496882442,6.781489495571195
Ensemble_InverseRMSE,45,3,3,2025-01-01,2025-04-15,2025-04-16,2025-05-15,2025-04-30,28.22265625,14.969550221649449,13.253106028350551,13.253106028350551,46.959102328826866
Ensemble_InverseRMSE,45,3,3,2025-01-01,2025-04-15,2025-04-16,2025-05-15,2025-05-01,21.9921875,15.286069246375874,6.706118253624126,6.706118253624126,30.493184243832616
Ensemble_InverseRMSE,45,3,3,2025-01-01,2025-04-15,2025-04-16,2025-05-15,2025-05-02,20.91796875,18.116265990791128,2.8017027592088724,2.8017027592088724,13.393761089775374
Ensemble_InverseRMSE,45,3,3,2025-01-01,2025-04-15,2025-04-16,2025-05-15,2025-05-03,20.4921875,21.162386131732262,-0.6701986317322621,0.6701986317322621,3.270508000828424
Ensemble_InverseRMSE,45,3,3,2025-01-01,2025-04-15,2025-04-16,2025-05-15,2025-05-04,16.3203125,19.901684883789805,-3.5813723837898053,3.5813723837898053,21.944263529205127
Ensemble_InverseRMSE,45,3,3,2025-01-01,2025-04-15,2025-04-16,2025-05-15,2025-05-05,14.921875,14.997320107710639,-0.07544510771063884,0.07544510771063884,0.5056007218304592
Ensemble_InverseRMSE,45,3,3,2025-01-01,2025-04-15,2025-04-16,2025-05-15,2025-05-06,10.0546875,15.154342076735556,-5.099654576735556,5.099654576735556,50.71917527755643
Ensemble_InverseRMSE,45,3,3,2025-01-01,2025-04-15,2025-04-16,2025-05-15,2025-05-07,10.64453125,15.347671415511323,-4.703140165511323,4.703140165511323,44.18362871085867
Ensemble_InverseRMSE,45,3,3,2025-01-01,2025-04-15,2025-04-16,2025-05-15,2025-05-08,16.6484375,15.600567406208269,1.0478700937917313,1.0478700937917313,6.294104739809554
Ensemble_InverseRMSE,45,3,3,2025-01-01,2025-04-15,2025-04-16,2025-05-15,2025-05-09,14.73828125,18.43751990619353,-3.699238656193529,3.699238656193529,25.09952547006476
Ensemble_InverseRMSE,45,3,3,2025-01-01,2025-04-15,2025-04-16,2025-05-15,2025-05-10,22.3515625,21.54247605010435,0.8090864498956485,0.8090864498956485,3.6198205378064667
Ensemble_InverseRMSE,45,3,3,2025-01-01,2025-04-15,2025-04-16,2025-05-15,2025-05-11,21.41015625,20.263108319565504,1.1470479304344963,1.1470479304344963,5.357494438811003
Ensemble_InverseRMSE,45,3,3,2025-01-01,2025-04-15,2025-04-16,2025-05-15,2025-05-12,13.95703125,15.25434517830908,-1.2973139283090802,1.2973139283090802,9.295056413297637
Ensemble_InverseRMSE,45,3,3,2025-01-01,2025-04-15,2025-04-16,2025-05-15,2025-05-13,11.1953125,15.445904657210987,-4.250592157210987,4.250592157210987,37.967606149546846
Ensemble_InverseRMSE,45,3,3,2025-01-01,2025-04-15,2025-04-16,2025-05-15,2025-05-14,11.15234375,15.64614733459313,-4.493803584593129,4.493803584593129,40.2947011438123
Ensemble_InverseRMSE,45,3,3,2025-01-01,2025-04-15,2025-04-16,2025-05-15,2025-05-15,14.74609375,15.886361044588678,-1.1402672945886785,1.1402672945886785,7.732673573899383
Ensemble_InverseRMSE,45,4,4,2025-01-01,2025-05-15,2025-05-16,2025-06-14,2025-05-16,18.07421875,17.10544620102758,0.9687725489724208,0.9687725489724208,5.359969149274686
Ensemble_InverseRMSE,45,4,4,2025-01-01,2025-05-15,2025-05-16,2025-06-14,2025-05-17,18.09375,19.468678428453785,-1.374928428453785,1.374928428453785,7.59891359421781
Ensemble_InverseRMSE,45,4,4,2025-01-01,2025-05-15,2025-05-16,2025-06-14,2025-05-18,17.8125,18.009526790559654,-0.19702679055965433,0.19702679055965433,1.1061153154226209
Ensemble_InverseRMSE,45,4,4,2025-01-01,2025-05-15,2025-05-16,2025-06-14,2025-05-19,10.21484375,14.12853077835448,-3.913687028354479,3.913687028354479,38.313723872227406
Ensemble_InverseRMSE,45,4,4,2025-01-01,2025-05-15,2025-05-16,2025-06-14,2025-05-20,12.2578125,13.989382523201744,-1.7315700232017441,1.7315700232017441,14.126256403430418
Ensemble_InverseRMSE,45,4,4,2025-01-01,2025-05-15,2025-05-16,2025-06-14,2025-05-21,10.76171875,14.745743309586116,-3.984024559586116,3.984024559586116,37.02033710541001
Ensemble_InverseRMSE,45,4,4,2025-01-01,2025-05-15,2025-05-16,2025-06-14,2025-05-22,12.37109375,15.16301222415235,-2.79191847415235,2.79191847415235,22.568081129870592
Ensemble_InverseRMSE,45,4,4,2025-01-01,2025-05-15,2025-05-16,2025-06-14,2025-05-23,11.80078125,17.00387622119075,-5.203094971190751,5.203094971190751,44.091106012076544
Ensemble_InverseRMSE,45,4,4,2025-01-01,2025-05-15,2025-05-16,2025-06-14,2025-05-24,16.109375,19.749409550103238,-3.6400345501032376,3.6400345501032376,22.595752784345997
Ensemble_InverseRMSE,45,4,4,2025-01-01,2025-05-15,2025-05-16,2025-06-14,2025-05-25,15.21484375,18.115803337118013,-2.900959587118013,2.900959587118013,19.06664067528142
Ensemble_InverseRMSE,45,4,4,2025-01-01,2025-05-15,2025-05-16,2025-06-14,2025-05-26,14.57421875,14.353507970527048,0.22071077947295237,0.22071077947295237,1.5143918398572984
Ensemble_InverseRMSE,45,4,4,2025-01-01,2025-05-15,2025-05-16,2025-06-14,2025-05-27,10.80859375,14.071934832458819,-3.263341082458819,3.263341082458819,30.192096751335658
Ensemble_InverseRMSE,45,4,4,2025-01-01,2025-05-15,2025-05-16,2025-06-14,2025-05-28,7.69921875,14.985697776478311,-7.286479026478311,7.286479026478311,94.63919993802372
Ensemble_InverseRMSE,45,4,4,2025-01-01,2025-05-15,2025-05-16,2025-06-14,2025-05-29,12.7890625,15.296131779791958,-2.507069279791958,2.507069279791958,19.603229554879086
Ensemble_InverseRMSE,45,4,4,2025-01-01,2025-05-15,2025-05-16,2025-06-14,2025-05-30,13.609375,17.281326073420313,-3.6719510734203133,3.6719510734203133,26.981041182422512
Ensemble_InverseRMSE,45,4,4,2025-01-01,2025-05-15,2025-05-16,2025-06-14,2025-05-31,16.671875,19.992440030135295,-3.3205650301352954,3.3205650301352954,19.917166066416016
Ensemble_InverseRMSE,45,4,4,2025-01-01,2025-05-15,2025-05-16,2025-06-14,2025-06-01,17.265625,18.405448532843725,-1.1398235328437245,1.1398235328437245,6.601692859909354
Ensemble_InverseRMSE,45,4,4,2025-01-01,2025-05-15,2025-05-16,2025-06-14,2025-06-02,11.390625,14.493210038204584,-3.102585038204584,3.102585038204584,27.238057948572482
Ensemble_InverseRMSE,45,4,4,2025-01-01,2025-05-15,2025-05-16,2025-06-14,2025-06-03,11.7265625,14.268218798408938,-2.541656298408938,2.541656298408938,21.674350845859035
Ensemble_InverseRMSE,45,4,4,2025-01-01,2025-05-15,2025-05-16,2025-06-14,2025-06-04,11.234375,15.145116130393472,-3.910741130393472,3.910741130393472,34.81049128583897
Ensemble_InverseRMSE,45,4,4,2025-01-01,2025-05-15,2025-05-16,2025-06-14,2025-06-05,10.44921875,15.510109297952983,-5.060890547952983,5.060890547952983,48.43319552433509
Ensemble_InverseRMSE,45,4,4,2025-01-01,2025-05-15,2025-05-16,2025-06-14,2025-06-06,13.23046875,17.49262543554143,-4.262156685541431,4.262156685541431,32.21470656919416
Ensemble_InverseRMSE,45,4,4,2025-01-01,2025-05-15,2025-05-16,2025-06-14,2025-06-07,17.609375,20.296275769527323,-2.6869007695273233,2.6869007695273233,15.258353970696422
Ensemble_InverseRMSE,45,4,4,2025-01-01,2025-05-15,2025-05-16,2025-06-14,2025-06-08,15.859375,18.642852816181836,-2.7834778161818363,2.7834778161818363,17.550993126663794
Ensemble_InverseRMSE,45,4,4,2025-01-01,2025-05-15,2025-05-16,2025-06-14,2025-06-09,11.43359375,14.679569132286524,-3.245975382286524,3.245975382286524,28.38980860489751
Ensemble_InverseRMSE,45,4,4,2025-01-01,2025-05-15,2025-05-16,2025-06-14,2025-06-10,9.70703125,14.423755178577021,-4.7167239285770215,4.7167239285770215,48.59079781552183
Ensemble_InverseRMSE,45,4,4,2025-01-01,2025-05-15,2025-05-16,2025-06-14,2025-06-11,11.69921875,15.34058242363629,-3.64136367363629,3.64136367363629,31.12484475629016
Ensemble_InverseRMSE,45,4,4,2025-01-01,2025-05-15,2025-05-16,2025-06-14,2025-06-12,11.1328125,15.692432431408855,-4.5596199314088555,4.5596199314088555,40.95658605054972
Ensemble_InverseRMSE,45,4,4,2025-01-01,2025-05-15,2025-05-16,2025-06-14,2025-06-13,12.66796875,17.731840248376415,-5.063871498376415,5.063871498376415,39.97382373063096
Ensemble_InverseRMSE,45,4,4,2025-01-01,2025-05-15,2025-05-16,2025-06-14,2025-06-14,17.33203125,20.575553957182052,-3.243522707182052,3.243522707182052,18.714036805017024
Ensemble_InverseRMSE,45,5,5,2025-01-01,2025-06-14,2025-06-15,2025-07-14,2025-06-15,13.140625,15.888120368895493,-2.7474953688954926,2.7474953688954926,20.908407087908625
Ensemble_InverseRMSE,45,5,5,2025-01-01,2025-06-14,2025-06-15,2025-07-14,2025-06-16,10.5859375,12.112066615598327,-1.5261291155983265,1.5261291155983265,14.416570243290463
Ensemble_InverseRMSE,45,5,5,2025-01-01,2025-06-14,2025-06-15,2025-07-14,2025-06-17,10.41796875,11.153827342546666,-0.7358585925466663,0.7358585925466663,7.063359568501934
Ensemble_InverseRMSE,45,5,5,2025-01-01,2025-06-14,2025-06-15,2025-07-14,2025-06-18,10.4921875,11.4905018692664,-0.9983143692663994,0.9983143692663994,9.514835388391594
Ensemble_InverseRMSE,45,5,5,2025-01-01,2025-06-14,2025-06-15,2025-07-14,2025-06-19,15.37890625,12.186614617555307,3.192291632444693,3.192291632444693,20.757598626005624
Ensemble_InverseRMSE,45,5,5,2025-01-01,2025-06-14,2025-06-15,2025-07-14,2025-06-20,13.1015625,13.786381410394384,-0.6848189103943838,0.6848189103943838,5.22700182054151
Ensemble_InverseRMSE,45,5,5,2025-01-01,2025-06-14,2025-06-15,2025-07-14,2025-06-21,13.66796875,15.694072178659436,-2.026103428659436,2.026103428659436,14.823734716685214
Ensemble_InverseRMSE,45,5,5,2025-01-01,2025-06-14,2025-06-15,2025-07-14,2025-06-22,15.90234375,14.701987224637044,1.200356525362956,1.200356525362956,7.54829944713625
Ensemble_InverseRMSE,45,5,5,2025-01-01,2025-06-14,2025-06-15,2025-07-14,2025-06-23,11.78515625,12.010642604494539,-0.2254863544945387,0.2254863544945387,1.913308145528734
Ensemble_InverseRMSE,45,5,5,2025-01-01,2025-06-14,2025-06-15,2025-07-14,2025-06-24,11.30078125,11.658588685434111,-0.3578074354341112,0.3578074354341112,3.166218578331575
Ensemble_InverseRMSE,45,5,5,2025-01-01,2025-06-14,2025-06-15,2025-07-14,2025-06-25,11.765625,11.977506085388736,-0.21188108538873607,0.21188108538873607,1.8008485345124978
Ensemble_InverseRMSE,45,5,5,2025-01-01,2025-06-14,2025-06-15,2025-07-14,2025-06-26,10.85546875,12.291055668061677,-1.4355869180616772,1.4355869180616772,13.224550234753124
Ensemble_InverseRMSE,45,5,5,2025-01-01,2025-06-14,2025-06-15,2025-07-14,2025-06-27,13.60546875,13.48258679589625,0.12288195410375025,0.12288195410375025,0.9031805986379575
Ensemble_InverseRMSE,45,5,5,2025-01-01,2025-06-14,2025-06-15,2025-07-14,2025-06-28,15.6328125,15.188060424247052,0.4447520757529482,0.4447520757529482,2.8449907894241564
Ensemble_InverseRMSE,45,5,5,2025-01-01,2025-06-14,2025-06-15,2025-07-14,2025-06-29,17.41796875,14.287388940524249,3.1305798094757513,3.1305798094757513,17.97327721968586
Ensemble_InverseRMSE,45,5,5,2025-01-01,2025-06-14,2025-06-15,2025-07-14,2025-06-30,14.37890625,11.825909253243768,2.5529969967562316,2.5529969967562316,17.755154337668984
Ensemble_InverseRMSE,45,5,5,2025-01-01,2025-06-14,2025-06-15,2025-07-14,2025-07-01,11.33984375,11.607404407693782,-0.2675606576937817,0.2675606576937817,2.3594739362593216
Ensemble_InverseRMSE,45,5,5,2025-01-01,2025-06-14,2025-06-15,2025-07-14,2025-07-02,9.7421875,11.946613427104104,-2.2044259271041042,2.2044259271041042,22.627627800266666
Ensemble_InverseRMSE,45,5,5,2025-01-01,2025-06-14,2025-06-15,2025-07-14,2025-07-03,13.31640625,12.204883417597935,1.1115228324020645,1.1115228324020645,8.347018043265724
Ensemble_InverseRMSE,45,5,5,2025-01-01,2025-06-14,2025-06-15,2025-07-14,2025-07-04,13.86328125,13.299771563863901,0.5635096861360989,0.5635096861360989,4.064764149079777
Ensemble_InverseRMSE,45,5,5,2025-01-01,2025-06-14,2025-06-15,2025-07-14,2025-07-05,14.7578125,14.92210404480777,-0.16429154480777086,0.16429154480777086,1.1132513359128995
Ensemble_InverseRMSE,45,5,5,2025-01-01,2025-06-14,2025-06-15,2025-07-14,2025-07-06,9.4765625,14.04455325855664,-4.56799075855664,4.56799075855664,48.203035209830986
Ensemble_InverseRMSE,45,5,5,2025-01-01,2025-06-14,2025-06-15,2025-07-14,2025-07-07,8.96484375,11.670426452463182,-2.7055827024631824,2.7055827024631824,30.17992034120151
Ensemble_InverseRMSE,45,5,5,2025-01-01,2025-06-14,2025-06-15,2025-07-14,2025-07-08,9.6875,11.481348922644145,-1.7938489226441447,1.7938489226441447,18.517150169229883
Ensemble_InverseRMSE,45,5,5,2025-01-01,2025-06-14,2025-06-15,2025-07-14,2025-07-09,12.1484375,11.821282489397552,0.3271550106024481,0.3271550106024481,2.6929801515828524
Ensemble_InverseRMSE,45,5,5,2025-01-01,2025-06-14,2025-06-15,2025-07-14,2025-07-10,11.09765625,12.067781789998374,-0.9701255399983744,0.9701255399983744,8.741715531136354
Ensemble_InverseRMSE,45,5,5,2025-01-01,2025-06-14,2025-06-15,2025-07-14,2025-07-11,12.33203125,13.122474036514067,-0.7904427865140669,0.7904427865140669,6.409672263148594
Ensemble_InverseRMSE,45,5,5,2025-01-01,2025-06-14,2025-06-15,2025-07-14,2025-07-12,18.7734375,14.692864735399478,4.080572764600522,4.080572764600522,21.735884888425584
Ensemble_InverseRMSE,45,5,5,2025-01-01,2025-06-14,2025-06-15,2025-07-14,2025-07-13,14.00390625,13.835912228252164,0.16799402174783573,0.16799402174783573,1.1996225820765956
Ensemble_InverseRMSE,45,5,5,2025-01-01,2025-06-14,2025-06-15,2025-07-14,2025-07-14,9.69921875,11.527522852088207,-1.8283041020882074,1.8283041020882074,18.850014101271892
Ensemble_InverseRMSE,45,6,6,2025-01-01,2025-07-14,2025-07-15,2025-08-13,2025-07-15,11.79296875,10.517828218808209,1.2751405311917914,1.2751405311917914,10.812718648065538
Ensemble_InverseRMSE,45,6,6,2025-01-01,2025-07-14,2025-07-15,2025-08-13,2025-07-16,11.625,11.30415857165213,0.32084142834787066,0.32084142834787066,2.759926265358027
Ensemble_InverseRMSE,45,6,6,2025-01-01,2025-07-14,2025-07-15,2025-08-13,2025-07-17,11.20703125,11.858332523596935,-0.6513012735969355,0.6513012735969355,5.8115415141448405
Ensemble_InverseRMSE,45,6,6,2025-01-01,2025-07-14,2025-07-15,2025-08-13,2025-07-18,12.76953125,12.910033134459125,-0.14050188445912504,0.14050188445912504,1.1002900710167027
Ensemble_InverseRMSE,45,6,6,2025-01-01,2025-07-14,2025-07-15,2025-08-13,2025-07-19,16.83984375,14.449439026997041,2.390404723002959,2.390404723002959,14.194934100875841
Ensemble_InverseRMSE,45,6,6,2025-01-01,2025-07-14,2025-07-15,2025-08-13,2025-07-20,15.55859375,13.623367580593857,1.9352261694061426,1.9352261694061426,12.438310302987007
Ensemble_InverseRMSE,45,6,6,2025-01-01,2025-07-14,2025-07-15,2025-08-13,2025-07-21,10.421875,11.541453286228556,-1.1195782862285562,1.1195782862285562,10.742580257665306
Ensemble_InverseRMSE,45,6,6,2025-01-01,2025-07-14,2025-07-15,2025-08-13,2025-07-22,12.03125,11.354236111822535,0.6770138881774646,0.6770138881774646,5.62712842121529
Ensemble_InverseRMSE,45,6,6,2025-01-01,2025-07-14,2025-07-15,2025-08-13,2025-07-23,12.75390625,11.662000186133849,1.0919060638661513,1.0919060638661513,8.561346166913776
Ensemble_InverseRMSE,45,6,6,2025-01-01,2025-07-14,2025-07-15,2025-08-13,2025-07-24,10.875,11.95588099325023,-1.0808809932502292,1.0808809932502292,9.93913557011705
Ensemble_InverseRMSE,45,6,6,2025-01-01,2025-07-14,2025-07-15,2025-08-13,2025-07-25,12.4609375,12.855428789725023,-0.394491289725023,0.394491289725023,3.1658235162885857
Ensemble_InverseRMSE,45,6,6,2025-01-01,2025-07-14,2025-07-15,2025-08-13,2025-07-26,17.00390625,14.27814709912821,2.7257591508717898,2.7257591508717898,16.030193949533153
Ensemble_InverseRMSE,45,6,6,2025-01-01,2025-07-14,2025-07-15,2025-08-13,2025-07-27,14.58203125,13.44731704844114,1.1347142015588592,1.1347142015588592,7.781592167132814
Ensemble_InverseRMSE,45,6,6,2025-01-01,2025-07-14,2025-07-15,2025-08-13,2025-07-28,12.27734375,11.406724525973393,0.8706192240266066,0.8706192240266066,7.0912669853901145
Ensemble_InverseRMSE,45,6,6,2025-01-01,2025-07-14,2025-07-15,2025-08-13,2025-07-29,11.1640625,11.220026764615486,-0.055964264615486314,0.055964264615486314,0.5012894241275191
Ensemble_InverseRMSE,45,6,6,2025-01-01,2025-07-14,2025-07-15,2025-08-13,2025-07-30,11.828125,11.508437341757876,0.319687658242124,0.319687658242124,2.7027754461685514
Ensemble_InverseRMSE,45,6,6,2025-01-01,2025-07-14,2025-07-15,2025-08-13,2025-07-31,12.734375,11.794448322026913,0.9399266779730873,0.9399266779730873,7.381019311690501
Ensemble_InverseRMSE,45,6,6,2025-01-01,2025-07-14,2025-07-15,2025-08-13,2025-08-01,14.0546875,12.659343234271361,1.3953442657286388,1.3953442657286388,9.927963647207658
Ensemble_InverseRMSE,45,6,6,2025-01-01,2025-07-14,2025-07-15,2025-08-13,2025-08-02,18.59375,14.040167725382464,4.553582274617536,4.553582274617536,24.489854250043894
Ensemble_InverseRMSE,45,6,6,2025-01-01,2025-07-14,2025-07-15,2025-08-13,2025-08-03,15.4609375,13.229743618642917,2.2311938813570826,2.2311938813570826,14.43116810579619
Ensemble_InverseRMSE,45,6,6,2025-01-01,2025-07-14,2025-07-15,2025-08-13,2025-08-04,13.875,11.257268651808534,2.617731348191466,2.617731348191466,18.866532239217772
Ensemble_InverseRMSE,45,6,6,2025-01-01,2025-07-14,2025-07-15,2025-08-13,2025-08-05,12.921875,11.071304645049274,1.850570354950726,1.850570354950726,14.321221610259549
Ensemble_InverseRMSE,45,6,6,2025-01-01,2025-07-14,2025-07-15,2025-08-13,2025-08-06,11.60546875,11.354187737002977,0.25128101299702266,0.25128101299702266,2.165194861233181
Ensemble_InverseRMSE,45,6,6,2025-01-01,2025-07-14,2025-07-15,2025-08-13,2025-08-07,13.20703125,11.625801413779627,1.5812298362203734,1.5812298362203734,11.972636441065236
Ensemble_InverseRMSE,45,6,6,2025-01-01,2025-07-14,2025-07-15,2025-08-13,2025-08-08,14.25390625,12.466364779362653,1.787541470637347,1.787541470637347,12.540712975696378
Ensemble_InverseRMSE,45,6,6,2025-01-01,2025-07-14,2025-07-15,2025-08-13,2025-08-09,16.66015625,13.796946310934757,2.863209939065243,2.863209939065243,17.185972905057493
Ensemble_InverseRMSE,45,6,6,2025-01-01,2025-07-14,2025-07-15,2025-08-13,2025-08-10,12.44921875,13.016302409023854,-0.5670836590238544,0.5670836590238544,4.5551746692848045
Ensemble_InverseRMSE,45,6,6,2025-01-01,2025-07-14,2025-07-15,2025-08-13,2025-08-11,12.37890625,11.10310368420528,1.27580256579472,1.27580256579472,10.306262443781899
Ensemble_InverseRMSE,45,6,6,2025-01-01,2025-07-14,2025-07-15,2025-08-13,2025-08-12,10.80859375,10.926991713827292,-0.11839796382729162,0.11839796382729162,1.0954058091719066
Ensemble_InverseRMSE,45,6,6,2025-01-01,2025-07-14,2025-07-15,2025-08-13,2025-08-13,11.75,11.195373081453553,0.5546269185464467,0.5546269185464467,4.720229094012312
Ensemble_InverseRMSE,45,7,7,2025-01-01,2025-08-13,2025-08-14,2025-09-12,2025-08-14,11.91796875,12.398979196487161,-0.4810104464871614,0.4810104464871614,4.036010301563858
Ensemble_InverseRMSE,45,7,7,2025-01-01,2025-08-13,2025-08-14,2025-09-12,2025-08-15,14.9765625,13.761510889683414,1.2150516103165856,1.2150516103165856,8.113020663564056
Ensemble_InverseRMSE,45,7,7,2025-01-01,2025-08-13,2025-08-14,2025-09-12,2025-08-16,15.7109375,15.175604032790405,0.5353334672095951,0.5353334672095951,3.407393525749785
Ensemble_InverseRMSE,45,7,7,2025-01-01,2025-08-13,2025-08-14,2025-09-12,2025-08-17,17.4296875,13.857911097000073,3.5717764029999266,3.5717764029999266,20.492486758583173
Ensemble_InverseRMSE,45,7,7,2025-01-01,2025-08-13,2025-08-14,2025-09-12,2025-08-18,13.48046875,11.507674653700168,1.9727940962998325,1.9727940962998325,14.634462145834748
Ensemble_InverseRMSE,45,7,7,2025-01-01,2025-08-13,2025-08-14,2025-09-12,2025-08-19,13.83984375,11.252934462979729,2.586909287020271,2.586909287020271,18.691752116206306
Ensemble_InverseRMSE,45,7,7,2025-01-01,2025-08-13,2025-08-14,2025-09-12,2025-08-20,13.26953125,11.640500011001592,1.629031238998408,1.629031238998408,12.276479163485208
Ensemble_InverseRMSE,45,7,7,2025-01-01,2025-08-13,2025-08-14,2025-09-12,2025-08-21,13.02734375,12.069394362134734,0.9579493878652663,0.9579493878652663,7.353374611499495
Ensemble_InverseRMSE,45,7,7,2025-01-01,2025-08-13,2025-08-14,2025-09-12,2025-08-22,16.01953125,13.070749700236696,2.9487815497633036,2.9487815497633036,18.40741469737639
Ensemble_InverseRMSE,45,7,7,2025-01-01,2025-08-13,2025-08-14,2025-09-12,2025-08-23,26.41015625,14.596311848204408,11.813844401795592,11.813844401795592,44.73220184676337
Ensemble_InverseRMSE,45,7,7,2025-01-01,2025-08-13,2025-08-14,2025-09-12,2025-08-24,25.89453125,13.640249779452347,12.254281470547653,12.254281470547653,47.32382043234574
Ensemble_InverseRMSE,45,7,7,2025-01-01,2025-08-13,2025-08-14,2025-09-12,2025-08-25,15.6796875,11.59081332794058,4.08887417205942,4.08887417205942,26.07752336938743
Ensemble_InverseRMSE,45,7,7,2025-01-01,2025-08-13,2025-08-14,2025-09-12,2025-08-26,12.02734375,11.39997449888567,0.6273692511143292,0.6273692511143292,5.216191240184095
Ensemble_InverseRMSE,45,7,7,2025-01-01,2025-08-13,2025-08-14,2025-09-12,2025-08-27,11.4609375,11.683495009538376,-0.22255750953837605,0.22255750953837605,1.941878747165108
Ensemble_InverseRMSE,45,7,7,2025-01-01,2025-08-13,2025-08-14,2025-09-12,2025-08-28,13.8359375,11.970634069896043,1.8653034301039568,1.8653034301039568,13.48158323282363
Ensemble_InverseRMSE,45,7,7,2025-01-01,2025-08-13,2025-08-14,2025-09-12,2025-08-29,16.3984375,12.877985009576854,3.5204524904231462,3.5204524904231462,21.468219093576117
Ensemble_InverseRMSE,45,7,7,2025-01-01,2025-08-13,2025-08-14,2025-09-12,2025-08-30,20.38671875,14.38085941766753,6.00585933233247,6.00585933233247,29.459666393506655
Ensemble_InverseRMSE,45,7,7,2025-01-01,2025-08-13,2025-08-14,2025-09-12,2025-08-31,19.58203125,13.490084293077953,6.0919469569220475,6.0919469569220475,31.10988272435755
Ensemble_InverseRMSE,45,7,7,2025-01-01,2025-08-13,2025-08-14,2025-09-12,2025-09-01,23.41015625,11.52300959344943,11.88714665655057,11.88714665655057,50.7777330898873
Ensemble_InverseRMSE,45,7,7,2025-01-01,2025-08-13,2025-08-14,2025-09-12,2025-09-02,11.5625,11.35396121787538,0.20853878212462007,0.20853878212462007,1.8035786562129303
Ensemble_InverseRMSE,45,7,7,2025-01-01,2025-08-13,2025-08-14,2025-09-12,2025-09-03,13.06640625,11.622453972782537,1.4439522772174627,1.4439522772174627,11.050875425042465
Ensemble_InverseRMSE,45,7,7,2025-01-01,2025-08-13,2025-08-14,2025-09-12,2025-09-04,11.08984375,11.883078074541555,-0.7932343245415545,0.7932343245415545,7.152799826792461
Ensemble_InverseRMSE,45,7,7,2025-01-01,2025-08-13,2025-08-14,2025-09-12,2025-09-05,13.89453125,12.759181090386459,1.135350159613541,1.135350159613541,8.171201598568075
Ensemble_InverseRMSE,45,7,7,2025-01-01,2025-08-13,2025-08-14,2025-09-12,2025-09-06,19.28515625,14.233339567769903,5.051816682230097,5.051816682230097,26.195362986649883
Ensemble_InverseRMSE,45,7,7,2025-01-01,2025-08-13,2025-08-14,2025-09-12,2025-09-07,19.7109375,13.363974420193294,6.346963079806706,6.346963079806706,32.20020904539272
Ensemble_InverseRMSE,45,7,7,2025-01-01,2025-08-13,2025-08-14,2025-09-12,2025-09-08,8.5859375,11.438588133073313,-2.8526506330733135,2.8526506330733135,33.22468435244624
Ensemble_InverseRMSE,45,7,7,2025-01-01,2025-08-13,2025-08-14,2025-09-12,2025-09-09,11.88671875,11.276683107256627,0.6100356427433731,0.6100356427433731,5.132077704314937
Ensemble_InverseRMSE,45,7,7,2025-01-01,2025-08-13,2025-08-14,2025-09-12,2025-09-10,9.19921875,11.53985101666454,-2.3406322666645405,2.3406322666645405,25.443815722552966
Ensemble_InverseRMSE,45,7,7,2025-01-01,2025-08-13,2025-08-14,2025-09-12,2025-09-11,12.69921875,11.79257743627008,0.9066413137299207,0.9066413137299207,7.139347164406636
Ensemble_InverseRMSE,45,7,7,2025-01-01,2025-08-13,2025-08-14,2025-09-12,2025-09-12,13.2421875,12.650387899037327,0.5917996009626734,0.5917996009626734,4.469047134113404
Ensemble_InverseRMSE,45,8,8,2025-01-01,2025-09-12,2025-09-13,2025-10-12,2025-09-13,18.23046875,16.826431874207863,1.404036875792137,1.404036875792137,7.701595033271633
Ensemble_InverseRMSE,45,8,8,2025-01-01,2025-09-12,2025-09-13,2025-10-12,2025-09-14,15.44140625,15.881986572494105,-0.44058032249410495,0.44058032249410495,2.8532396296101914
Ensemble_InverseRMSE,45,8,8,2025-01-01,2025-09-12,2025-09-13,2025-10-12,2025-09-15,10.828125,12.988981731316063,-2.1608567313160627,2.1608567313160627,19.955964041014145
Ensemble_InverseRMSE,45,8,8,2025-01-01,2025-09-12,2025-09-13,2025-10-12,2025-09-16,11.87890625,12.119481789229479,-0.2405755392294786,0.2405755392294786,2.025233082628955
Ensemble_InverseRMSE,45,8,8,2025-01-01,2025-09-12,2025-09-13,2025-10-12,2025-09-17,9.30859375,12.164919913571426,-2.856326163571426,2.856326163571426,30.68482995695699
Ensemble_InverseRMSE,45,8,8,2025-01-01,2025-09-12,2025-09-13,2025-10-12,2025-09-18,12.50390625,12.629897642665966,-0.12599139266596637,0.12599139266596637,1.0076162612460915
Ensemble_InverseRMSE,45,8,8,2025-01-01,2025-09-12,2025-09-13,2025-10-12,2025-09-19,16.0859375,13.972562914218322,2.1133745857816777,2.1133745857816777,13.138025593980318
Ensemble_InverseRMSE,45,8,8,2025-01-01,2025-09-12,2025-09-13,2025-10-12,2025-09-20,18.859375,16.08546972484476,2.77390527515524,2.77390527515524,14.708362685164486
Ensemble_InverseRMSE,45,8,8,2025-01-01,2025-09-12,2025-09-13,2025-10-12,2025-09-21,18.55859375,15.203882523497597,3.3547112265024026,3.3547112265024026,18.076322331816776
Ensemble_InverseRMSE,45,8,8,2025-01-01,2025-09-12,2025-09-13,2025-10-12,2025-09-22,10.22265625,12.763395551737304,-2.540739301737304,2.540739301737304,24.85400310449942
Ensemble_InverseRMSE,45,8,8,2025-01-01,2025-09-12,2025-09-13,2025-10-12,2025-09-23,9.7109375,12.321827063264179,-2.6108895632641786,2.6108895632641786,26.886071126131526
Ensemble_InverseRMSE,45,8,8,2025-01-01,2025-09-12,2025-09-13,2025-10-12,2025-09-24,9.390625,12.521763415538818,-3.1311384155388176,3.1311384155388176,33.34323770290921
Ensemble_InverseRMSE,45,8,8,2025-01-01,2025-09-12,2025-09-13,2025-10-12,2025-09-25,9.78515625,12.877985027519127,-3.092828777519127,3.092828777519127,31.60735197784018
Ensemble_InverseRMSE,45,8,8,2025-01-01,2025-09-12,2025-09-13,2025-10-12,2025-09-26,15.32421875,14.014838504897103,1.309380245102897,1.309380245102897,8.544515491877178
Ensemble_InverseRMSE,45,8,8,2025-01-01,2025-09-12,2025-09-13,2025-10-12,2025-09-27,18.71484375,15.986897087788037,2.727946662211963,2.727946662211963,14.576379576837036
Ensemble_InverseRMSE,45,8,8,2025-01-01,2025-09-12,2025-09-13,2025-10-12,2025-09-28,17.06640625,15.084376976372042,1.9820292736279583,1.9820292736279583,11.613629985094011
Ensemble_InverseRMSE,45,8,8,2025-01-01,2025-09-12,2025-09-13,2025-10-12,2025-09-29,11.71484375,12.709770021394654,-0.9949262713946538,0.9949262713946538,8.4928684720584
Ensemble_InverseRMSE,45,8,8,2025-01-01,2025-09-12,2025-09-13,2025-10-12,2025-09-30,11.19140625,12.352118509824923,-1.1607122598249227,1.1607122598249227,10.371460332117982
Ensemble_InverseRMSE,45,8,8,2025-01-01,2025-09-12,2025-09-13,2025-10-12,2025-10-01,9.77734375,12.595051760454087,-2.817708010454087,2.817708010454087,28.818747530013834
Ensemble_InverseRMSE,45,8,8,2025-01-01,2025-09-12,2025-09-13,2025-10-12,2025-10-02,10.85546875,12.942738892513079,-2.087270142513079,2.087270142513079,19.22782139198806
Ensemble_InverseRMSE,45,8,8,2025-01-01,2025-09-12,2025-09-13,2025-10-12,2025-10-03,14.015625,14.046018803091581,-0.030393803091580907,0.030393803091580907,0.2168565660937768
Ensemble_InverseRMSE,45,8,8,2025-01-01,2025-09-12,2025-09-13,2025-10-12,2025-10-04,20.60546875,15.991263976055013,4.614204773944987,4.614204773944987,22.393107528529228
Ensemble_InverseRMSE,45,8,8,2025-01-01,2025-09-12,2025-09-13,2025-10-12,2025-10-05,18.5234375,15.077290660340845,3.4461468396591552,3.4461468396591552,18.60425117993977
Ensemble_InverseRMSE,45,8,8,2025-01-01,2025-09-12,2025-09-13,2025-10-12,2025-10-06,10.6640625,12.70717708210095,-2.0431145821009498,2.0431145821009498,19.158876667320264
Ensemble_InverseRMSE,45,8,8,2025-01-01,2025-09-12,2025-09-13,2025-10-12,2025-10-07,11.9296875,12.364617581685998,-0.434930081685998,0.434930081685998,3.645779335678307
Ensemble_InverseRMSE,45,8,8,2025-01-01,2025-09-12,2025-09-13,2025-10-12,2025-10-08,12.04296875,12.6182854599042,-0.5753167099042003,0.5753167099042003,4.77720005629177
Ensemble_InverseRMSE,45,8,8,2025-01-01,2025-09-12,2025-09-13,2025-10-12,2025-10-09,12.76171875,12.967286292189574,-0.20556754218957352,0.20556754218957352,1.6108139210447143
Ensemble_InverseRMSE,45,8,8,2025-01-01,2025-09-12,2025-09-13,2025-10-12,2025-10-10,15.87890625,14.067201848344784,1.8117044016552164,1.8117044016552164,11.40950373490124
Ensemble_InverseRMSE,45,8,8,2025-01-01,2025-09-12,2025-09-13,2025-10-12,2025-10-11,21.76171875,16.010454104200672,5.751264645799328,5.751264645799328,26.428356656338682
Ensemble_InverseRMSE,45,8,8,2025-01-01,2025-09-12,2025-09-13,2025-10-12,2025-10-12,16.6328125,15.091629881335209,1.5411826186647914,1.5411826186647914,9.265917106110535
Ensemble_InverseRMSE,45,9,9,2025-01-01,2025-10-12,2025-10-13,2025-11-11,2025-10-13,11.2578125,12.578411812802809,-1.320599312802809,1.320599312802809,11.730514367714056
Ensemble_InverseRMSE,45,9,9,2025-01-01,2025-10-12,2025-10-13,2025-11-11,2025-10-14,11.03515625,11.71053317577577,-0.6753769257757707,0.6753769257757707,6.120229840658312
Ensemble_InverseRMSE,45,9,9,2025-01-01,2025-10-12,2025-10-13,2025-11-11,2025-10-15,10.23828125,12.391976407078793,-2.1536951570787934,2.1536951570787934,21.035710042433085
Ensemble_InverseRMSE,45,9,9,2025-01-01,2025-10-12,2025-10-13,2025-11-11,2025-10-16,13.40625,13.680550573610928,-0.27430057361092786,0.27430057361092786,2.046064884743518
Ensemble_InverseRMSE,45,9,9,2025-01-01,2025-10-12,2025-10-13,2025-11-11,2025-10-17,17.51171875,15.49476677872018,2.01695197127982,2.01695197127982,11.517727072220252
Ensemble_InverseRMSE,45,9,9,2025-01-01,2025-10-12,2025-10-13,2025-11-11,2025-10-18,18.5390625,17.557339147849977,0.9817233521500235,0.9817233521500235,5.29543148230944
Ensemble_InverseRMSE,45,9,9,2025-01-01,2025-10-12,2025-10-13,2025-11-11,2025-10-19,15.17578125,16.224482924879496,-1.0487016748794957,1.0487016748794957,6.910363674881618
Ensemble_InverseRMSE,45,9,9,2025-01-01,2025-10-12,2025-10-13,2025-11-11,2025-10-20,10.79296875,13.309701628301546,-2.5167328783015464,2.5167328783015464,23.31826336754238
Ensemble_InverseRMSE,45,9,9,2025-01-01,2025-10-12,2025-10-13,2025-11-11,2025-10-21,13.44921875,12.841169726804585,0.6080490231954148,0.6080490231954148,4.52107319018374
Ensemble_InverseRMSE,45,9,9,2025-01-01,2025-10-12,2025-10-13,2025-11-11,2025-10-22,11.66796875,13.09320816229712,-1.4252394122971204,1.4252394122971204,12.214974541280977
Ensemble_InverseRMSE,45,9,9,2025-01-01,2025-10-12,2025-10-13,2025-11-11,2025-10-23,12.23828125,13.67604209387007,-1.4377608438700697,1.4377608438700697,11.748061794788951
Ensemble_InverseRMSE,45,9,9,2025-01-01,2025-10-12,2025-10-13,2025-11-11,2025-10-24,14.52734375,15.040023891981829,-0.5126801419818285,0.5126801419818285,3.5290700819399867
Ensemble_InverseRMSE,45,9,9,2025-01-01,2025-10-12,2025-10-13,2025-11-11,2025-10-25,19.265625,17.09771055387038,2.1679144461296183,2.1679144461296183,11.252759493292421
Ensemble_InverseRMSE,45,9,9,2025-01-01,2025-10-12,2025-10-13,2025-11-11,2025-10-26,19.89453125,16.05014795316565,3.8443832968343514,3.8443832968343514,19.323819438240605
Ensemble_InverseRMSE,45,9,9,2025-01-01,2025-10-12,2025-10-13,2025-11-11,2025-10-27,9.4921875,13.434082703136898,-3.941895203136898,3.941895203136898,41.527784856092424
Ensemble_InverseRMSE,45,9,9,2025-01-01,2025-10-12,2025-10-13,2025-11-11,2025-10-28,12.7578125,13.0916272872104,-0.33381478721040025,0.33381478721040025,2.616551914447718
Ensemble_InverseRMSE,45,9,9,2025-01-01,2025-10-12,2025-10-13,2025-11-11,2025-10-29,9.73828125,13.277784369185067,-3.539503119185067,3.539503119185067,36.346281528735545
Ensemble_InverseRMSE,45,9,9,2025-01-01,2025-10-12,2025-10-13,2025-11-11,2025-10-30,9.109375,13.710078334440375,-4.600703334440375,4.600703334440375,50.50514809677256
Ensemble_InverseRMSE,45,9,9,2025-01-01,2025-10-12,2025-10-13,2025-11-11,2025-10-31,13.49609375,14.962315777924463,-1.4662220279244629,1.4662220279244629,10.864047442797757
Ensemble_InverseRMSE,45,9,9,2025-01-01,2025-10-12,2025-10-13,2025-11-11,2025-11-01,21.05078125,17.00386093217453,4.046920317825471,4.046920317825471,19.224561168367426
Ensemble_InverseRMSE,45,9,9,2025-01-01,2025-10-12,2025-10-13,2025-11-11,2025-11-02,19.015625,16.009088009553622,3.006536990446378,3.006536990446378,15.810876531517518
Ensemble_InverseRMSE,45,9,9,2025-01-01,2025-10-12,2025-10-13,2025-11-11,2025-11-03,12.2890625,13.458012104926711,-1.168949604926711,1.168949604926711,9.512113759098474
Ensemble_InverseRMSE,45,9,9,2025-01-01,2025-10-12,2025-10-13,2025-11-11,2025-11-04,15.23046875,13.150982613831847,2.0794861361681534,2.0794861361681534,13.653461165915548
Ensemble_InverseRMSE,45,9,9,2025-01-01,2025-10-12,2025-10-13,2025-11-11,2025-11-05,10.9765625,13.329753001319983,-2.3531905013199825,2.3531905013199825,21.438319157932938
Ensemble_InverseRMSE,45,9,9,2025-01-01,2025-10-12,2025-10-13,2025-11-11,2025-11-06,12.0625,13.731297878915512,-1.6687978789155125,1.6687978789155125,13.834593814843627
Ensemble_InverseRMSE,45,9,9,2025-01-01,2025-10-12,2025-10-13,2025-11-11,2025-11-07,13.328125,14.957832938867972,-1.6297079388679716,1.6297079388679716,12.227585942268487
Ensemble_InverseRMSE,45,9,9,2025-01-01,2025-10-12,2025-10-13,2025-11-11,2025-11-08,19.1171875,16.99429612742053,2.1228913725794705,2.1228913725794705,11.104621809978433
Ensemble_InverseRMSE,45,9,9,2025-01-01,2025-10-12,2025-10-13,2025-11-11,2025-11-09,17.85546875,16.007645463865813,1.8478232861341866,1.8478232861341866,10.348780600532745
Ensemble_InverseRMSE,45,9,9,2025-01-01,2025-10-12,2025-10-13,2025-11-11,2025-11-10,11.03515625,13.468030479190734,-2.432874229190734,2.432874229190734,22.04657708576382
Ensemble_InverseRMSE,45,9,9,2025-01-01,2025-10-12,2025-10-13,2025-11-11,2025-11-11,10.47265625,13.170067702630247,-2.697411452630247,2.697411452630247,25.756707641676357
Ensemble_InverseRMSE,45,10,10,2025-01-01,2025-10-13,2025-10-14,2025-11-12,2025-10-14,11.03515625,11.191368733345406,-0.15621248334540638,0.15621248334540638,1.4155892296079304
Ensemble_InverseRMSE,45,10,10,2025-01-01,2025-10-13,2025-10-14,2025-11-12,2025-10-15,10.23828125,12.317401407151824,-2.0791201571518236,2.0791201571518236,20.307316300300148
Ensemble_InverseRMSE,45,10,10,2025-01-01,2025-10-13,2025-10-14,2025-11-12,2025-10-16,13.40625,13.8244444887644,-0.41819448876439935,0.41819448876439935,3.1193994499908575
Ensemble_InverseRMSE,45,10,10,2025-01-01,2025-10-13,2025-10-14,2025-11-12,2025-10-17,17.51171875,15.600720763022743,1.9109979869772573,1.9109979869772573,10.912680898197141
Ensemble_InverseRMSE,45,10,10,2025-01-01,2025-10-13,2025-10-14,2025-11-12,2025-10-18,18.5390625,17.508242386612565,1.0308201133874348,1.0308201133874348,5.560260198634288
Ensemble_InverseRMSE,45,10,10,2025-01-01,2025-10-13,2025-10-14,2025-11-12,2025-10-19,15.17578125,15.9743341677361,-0.7985529177360995,0.7985529177360995,5.262021800268764
Ensemble_InverseRMSE,45,10,10,2025-01-01,2025-10-13,2025-10-14,2025-11-12,2025-10-20,10.79296875,12.933712319684957,-2.1407435696849575,2.1407435696849575,19.83461287873142
Ensemble_InverseRMSE,45,10,10,2025-01-01,2025-10-13,2025-10-14,2025-11-12,2025-10-21,13.44921875,12.540455042728897,0.9087637072711026,0.9087637072711026,6.756999972738956
Ensemble_InverseRMSE,45,10,10,2025-01-01,2025-10-13,2025-10-14,2025-11-12,2025-10-22,11.66796875,12.9042820993389,-1.2363133493389,1.2363133493389,10.595789000025391
Ensemble_InverseRMSE,45,10,10,2025-01-01,2025-10-13,2025-10-14,2025-11-12,2025-10-23,12.23828125,13.556903648619228,-1.3186223986192278,1.3186223986192278,10.774571785717278
Ensemble_InverseRMSE,45,10,10,2025-01-01,2025-10-13,2025-10-14,2025-11-12,2025-10-24,14.52734375,14.948647291975458,-0.4213035419754583,0.4213035419754583,2.90007278154658
Ensemble_InverseRMSE,45,10,10,2025-01-01,2025-10-13,2025-10-14,2025-11-12,2025-10-25,19.265625,17.01821379783043,2.2474112021695696,2.2474112021695696,11.665394723345699
Ensemble_InverseRMSE,45,10,10,2025-01-01,2025-10-13,2025-10-14,2025-11-12,2025-10-26,19.89453125,15.89948059095937,3.995050659040629,3.995050659040629,20.081149984574928
Ensemble_InverseRMSE,45,10,10,2025-01-01,2025-10-13,2025-10-14,2025-11-12,2025-10-27,9.4921875,13.182218406032565,-3.6900309060325647,3.6900309060325647,38.874399668491215
Ensemble_InverseRMSE,45,10,10,2025-01-01,2025-10-13,2025-10-14,2025-11-12,2025-10-28,12.7578125,12.855039365015326,-0.09722686501532607,0.09722686501532607,0.7620966761764688
Ensemble_InverseRMSE,45,10,10,2025-01-01,2025-10-13,2025-10-14,2025-11-12,2025-10-29,9.73828125,13.074042095488181,-3.3357608454881813,3.3357608454881813,34.25410254492476
Ensemble_InverseRMSE,45,10,10,2025-01-01,2025-10-13,2025-10-14,2025-11-12,2025-10-30,9.109375,13.533678529462206,-4.424303529462206,4.424303529462206,48.568683685348404
Ensemble_InverseRMSE,45,10,10,2025-01-01,2025-10-13,2025-10-14,2025-11-12,2025-10-31,13.49609375,14.821878300205906,-1.3257845502059062,1.3257845502059062,9.823468736692098
Ensemble_InverseRMSE,45,10,10,2025-01-01,2025-10-13,2025-10-14,2025-11-12,2025-11-01,21.05078125,16.912066587478403,4.138714662521597,4.138714662521597,19.66062263138855
Ensemble_InverseRMSE,45,10,10,2025-01-01,2025-10-13,2025-10-14,2025-11-12,2025-11-02,19.015625,15.878602624661106,3.137022375338894,3.137022375338894,16.497077405233295
Ensemble_InverseRMSE,45,10,10,2025-01-01,2025-10-13,2025-10-14,2025-11-12,2025-11-03,12.2890625,13.235762697832076,-0.9467001978320759,0.9467001978320759,7.703599829784216
Ensemble_InverseRMSE,45,10,10,2025-01-01,2025-10-13,2025-10-14,2025-11-12,2025-11-04,15.23046875,12.932642506171472,2.2978262438285277,2.2978262438285277,15.087035609646144
Ensemble_InverseRMSE,45,10,10,2025-01-01,2025-10-13,2025-10-14,2025-11-12,2025-11-05,10.9765625,13.125988031268488,-2.149425531268488,2.149425531268488,19.581955017962024
Ensemble_InverseRMSE,45,10,10,2025-01-01,2025-10-13,2025-10-14,2025-11-12,2025-11-06,12.0625,13.543388329219404,-1.480888329219404,1.480888329219404,12.276794439124593
Ensemble_InverseRMSE,45,10,10,2025-01-01,2025-10-13,2025-10-14,2025-11-12,2025-11-07,13.328125,14.806158655511314,-1.4780336555113145,1.4780336555113145,11.089584285196263
Ensemble_InverseRMSE,45,10,10,2025-01-01,2025-10-13,2025-10-14,2025-11-12,2025-11-08,19.1171875,16.899298224718194,2.217889275281806,2.217889275281806,11.601545861711122
Ensemble_InverseRMSE,45,10,10,2025-01-01,2025-10-13,2025-10-14,2025-11-12,2025-11-09,17.85546875,15.881785031567363,1.9736837184326372,1.9736837184326372,11.0536651043263
Ensemble_InverseRMSE,45,10,10,2025-01-01,2025-10-13,2025-10-14,2025-11-12,2025-11-10,11.03515625,13.253192241186921,-2.2180359911869214,2.2180359911869214,20.09972438031334
Ensemble_InverseRMSE,45,10,10,2025-01-01,2025-10-13,2025-10-14,2025-11-12,2025-11-11,10.47265625,12.957159917602304,-2.4845036676023042,2.4845036676023042,23.723720212838113
Ensemble_InverseRMSE,45,10,10,2025-01-01,2025-10-13,2025-10-14,2025-11-12,2025-11-12,9.6953125,13.146604468000797,-3.451291968000797,3.451291968000797,35.5975319826029
